ISO-10303-21;
HEADER;
/* Generated by software containing ST-Developer
 * from STEP Tools, Inc. (www.steptools.com) 
 */

FILE_DESCRIPTION(
/* description */ ('FreeCAD Model'),
/* implementation_level */ '2;1');

FILE_NAME(
/* name */ 'ROBOT ARM MK 2.step',
/* time_stamp */ '2026-09-18T11:57:43+01:00',
/* author */ (''),
/* organization */ (''),
/* preprocessor_version */ 'ST-DEVELOPER v20.2',
/* originating_system */ 'Autodesk Translation Framework v15.15.0.0',
/* authorisation */ '');

FILE_SCHEMA (('AUTOMOTIVE_DESIGN { 1 0 10303 214 3 1 1 }'));
ENDSEC;

DATA;
#10=MECHANICAL_DESIGN_GEOMETRIC_PRESENTATION_REPRESENTATION('',(#110,#111,
#112,#113,#114,#115,#116,#117,#118,#119,#120,#121,#122,#123,#124,#125,#126,
#127,#128,#129,#130,#131,#132),#17591);
#11=TOROIDAL_SURFACE('',#11135,2.00000000000002,1.);
#12=TOROIDAL_SURFACE('',#11141,2.00000000000004,1.);
#13=TOROIDAL_SURFACE('',#11147,1.99999999999998,1.);
#14=TOROIDAL_SURFACE('',#11153,2.,1.);
#15=ELLIPSE('',#10402,95.7184439360353,73.);
#16=ELLIPSE('',#10409,95.7184439359926,73.);
#17=ELLIPSE('',#10412,95.7184439359926,73.);
#18=ELLIPSE('',#10414,85.3603661124216,73.);
#19=ELLIPSE('',#10415,85.3603661124221,73.);
#20=ELLIPSE('',#10416,85.3603661124216,73.);
#21=ELLIPSE('',#10417,85.3603661123825,73.);
#22=SHAPE_REPRESENTATION_RELATIONSHIP('SRR','None',#17645,#34);
#23=SHAPE_REPRESENTATION_RELATIONSHIP('SRR','None',#17647,#35);
#24=SHAPE_REPRESENTATION_RELATIONSHIP('SRR','None',#17648,#36);
#25=SHAPE_REPRESENTATION_RELATIONSHIP('SRR','None',#17649,#37);
#26=SHAPE_REPRESENTATION_RELATIONSHIP('SRR','None',#17650,#38);
#27=SHAPE_REPRESENTATION_RELATIONSHIP('SRR','None',#17651,#39);
#28=SHAPE_REPRESENTATION_RELATIONSHIP('SRR','None',#17653,#40);
#29=SHAPE_REPRESENTATION_RELATIONSHIP('SRR','None',#17654,#41);
#30=SHAPE_REPRESENTATION_RELATIONSHIP('SRR','None',#17655,#42);
#31=SHAPE_REPRESENTATION_RELATIONSHIP('SRR','None',#17657,#43);
#32=SHAPE_REPRESENTATION_RELATIONSHIP('SRR','None',#17658,#44);
#33=SHAPE_REPRESENTATION_RELATIONSHIP('SRR','None',#17659,#45);
#34=ADVANCED_BREP_SHAPE_REPRESENTATION('',(#133),#17576);
#35=ADVANCED_BREP_SHAPE_REPRESENTATION('',(#134),#17578);
#36=ADVANCED_BREP_SHAPE_REPRESENTATION('',(#135),#17579);
#37=ADVANCED_BREP_SHAPE_REPRESENTATION('',(#136),#17580);
#38=ADVANCED_BREP_SHAPE_REPRESENTATION('',(#137),#17581);
#39=ADVANCED_BREP_SHAPE_REPRESENTATION('',(#138),#17582);
#40=ADVANCED_BREP_SHAPE_REPRESENTATION('',(#139),#17584);
#41=ADVANCED_BREP_SHAPE_REPRESENTATION('',(#140),#17585);
#42=ADVANCED_BREP_SHAPE_REPRESENTATION('',(#141,#142,#143,#144,#145),#17586);
#43=ADVANCED_BREP_SHAPE_REPRESENTATION('',(#146),#17588);
#44=ADVANCED_BREP_SHAPE_REPRESENTATION('',(#147),#17589);
#45=ADVANCED_BREP_SHAPE_REPRESENTATION('',(#148,#149,#150,#151,#152,#153,
#154,#155),#17590);
#46=ITEM_DEFINED_TRANSFORMATION($,$,#10338,#10371);
#47=ITEM_DEFINED_TRANSFORMATION($,$,#10941,#11112);
#48=ITEM_DEFINED_TRANSFORMATION($,$,#10337,#11416);
#49=ITEM_DEFINED_TRANSFORMATION($,$,#10372,#11417);
#50=ITEM_DEFINED_TRANSFORMATION($,$,#10398,#11418);
#51=ITEM_DEFINED_TRANSFORMATION($,$,#10481,#11419);
#52=ITEM_DEFINED_TRANSFORMATION($,$,#11285,#11420);
#53=ITEM_DEFINED_TRANSFORMATION($,$,#10548,#11421);
#54=ITEM_DEFINED_TRANSFORMATION($,$,#10616,#11422);
#55=ITEM_DEFINED_TRANSFORMATION($,$,#10681,#11423);
#56=ITEM_DEFINED_TRANSFORMATION($,$,#10682,#11424);
#57=ITEM_DEFINED_TRANSFORMATION($,$,#10806,#11425);
#58=ITEM_DEFINED_TRANSFORMATION($,$,#10940,#11426);
#59=ITEM_DEFINED_TRANSFORMATION($,$,#11113,#11427);
#60=ITEM_DEFINED_TRANSFORMATION($,$,#11285,#11428);
#61=ITEM_DEFINED_TRANSFORMATION($,$,#11351,#11429);
#62=(
REPRESENTATION_RELATIONSHIP($,$,#17646,#17645)
REPRESENTATION_RELATIONSHIP_WITH_TRANSFORMATION(#46)
SHAPE_REPRESENTATION_RELATIONSHIP()
);
#63=(
REPRESENTATION_RELATIONSHIP($,$,#17656,#17655)
REPRESENTATION_RELATIONSHIP_WITH_TRANSFORMATION(#47)
SHAPE_REPRESENTATION_RELATIONSHIP()
);
#64=(
REPRESENTATION_RELATIONSHIP($,$,#17645,#17644)
REPRESENTATION_RELATIONSHIP_WITH_TRANSFORMATION(#48)
SHAPE_REPRESENTATION_RELATIONSHIP()
);
#65=(
REPRESENTATION_RELATIONSHIP($,$,#17647,#17644)
REPRESENTATION_RELATIONSHIP_WITH_TRANSFORMATION(#49)
SHAPE_REPRESENTATION_RELATIONSHIP()
);
#66=(
REPRESENTATION_RELATIONSHIP($,$,#17648,#17644)
REPRESENTATION_RELATIONSHIP_WITH_TRANSFORMATION(#50)
SHAPE_REPRESENTATION_RELATIONSHIP()
);
#67=(
REPRESENTATION_RELATIONSHIP($,$,#17649,#17644)
REPRESENTATION_RELATIONSHIP_WITH_TRANSFORMATION(#51)
SHAPE_REPRESENTATION_RELATIONSHIP()
);
#68=(
REPRESENTATION_RELATIONSHIP($,$,#17658,#17644)
REPRESENTATION_RELATIONSHIP_WITH_TRANSFORMATION(#52)
SHAPE_REPRESENTATION_RELATIONSHIP()
);
#69=(
REPRESENTATION_RELATIONSHIP($,$,#17650,#17644)
REPRESENTATION_RELATIONSHIP_WITH_TRANSFORMATION(#53)
SHAPE_REPRESENTATION_RELATIONSHIP()
);
#70=(
REPRESENTATION_RELATIONSHIP($,$,#17651,#17644)
REPRESENTATION_RELATIONSHIP_WITH_TRANSFORMATION(#54)
SHAPE_REPRESENTATION_RELATIONSHIP()
);
#71=(
REPRESENTATION_RELATIONSHIP($,$,#17652,#17644)
REPRESENTATION_RELATIONSHIP_WITH_TRANSFORMATION(#55)
SHAPE_REPRESENTATION_RELATIONSHIP()
);
#72=(
REPRESENTATION_RELATIONSHIP($,$,#17653,#17644)
REPRESENTATION_RELATIONSHIP_WITH_TRANSFORMATION(#56)
SHAPE_REPRESENTATION_RELATIONSHIP()
);
#73=(
REPRESENTATION_RELATIONSHIP($,$,#17654,#17644)
REPRESENTATION_RELATIONSHIP_WITH_TRANSFORMATION(#57)
SHAPE_REPRESENTATION_RELATIONSHIP()
);
#74=(
REPRESENTATION_RELATIONSHIP($,$,#17655,#17644)
REPRESENTATION_RELATIONSHIP_WITH_TRANSFORMATION(#58)
SHAPE_REPRESENTATION_RELATIONSHIP()
);
#75=(
REPRESENTATION_RELATIONSHIP($,$,#17657,#17644)
REPRESENTATION_RELATIONSHIP_WITH_TRANSFORMATION(#59)
SHAPE_REPRESENTATION_RELATIONSHIP()
);
#76=(
REPRESENTATION_RELATIONSHIP($,$,#17658,#17644)
REPRESENTATION_RELATIONSHIP_WITH_TRANSFORMATION(#60)
SHAPE_REPRESENTATION_RELATIONSHIP()
);
#77=(
REPRESENTATION_RELATIONSHIP($,$,#17659,#17644)
REPRESENTATION_RELATIONSHIP_WITH_TRANSFORMATION(#61)
SHAPE_REPRESENTATION_RELATIONSHIP()
);
#78=CONTEXT_DEPENDENT_SHAPE_REPRESENTATION(#62,#17615);
#79=CONTEXT_DEPENDENT_SHAPE_REPRESENTATION(#63,#17626);
#80=CONTEXT_DEPENDENT_SHAPE_REPRESENTATION(#64,#17630);
#81=CONTEXT_DEPENDENT_SHAPE_REPRESENTATION(#65,#17631);
#82=CONTEXT_DEPENDENT_SHAPE_REPRESENTATION(#66,#17632);
#83=CONTEXT_DEPENDENT_SHAPE_REPRESENTATION(#67,#17633);
#84=CONTEXT_DEPENDENT_SHAPE_REPRESENTATION(#68,#17634);
#85=CONTEXT_DEPENDENT_SHAPE_REPRESENTATION(#69,#17635);
#86=CONTEXT_DEPENDENT_SHAPE_REPRESENTATION(#70,#17636);
#87=CONTEXT_DEPENDENT_SHAPE_REPRESENTATION(#71,#17637);
#88=CONTEXT_DEPENDENT_SHAPE_REPRESENTATION(#72,#17638);
#89=CONTEXT_DEPENDENT_SHAPE_REPRESENTATION(#73,#17639);
#90=CONTEXT_DEPENDENT_SHAPE_REPRESENTATION(#74,#17640);
#91=CONTEXT_DEPENDENT_SHAPE_REPRESENTATION(#75,#17641);
#92=CONTEXT_DEPENDENT_SHAPE_REPRESENTATION(#76,#17642);
#93=CONTEXT_DEPENDENT_SHAPE_REPRESENTATION(#77,#17643);
#94=NEXT_ASSEMBLY_USAGE_OCCURRENCE('Component6:1','Component6:1',
'Component6:1',#17662,#17663,'Component6:1');
#95=NEXT_ASSEMBLY_USAGE_OCCURRENCE('Component37:1','Component37:1',
'Component37:1',#17672,#17673,'Component37:1');
#96=NEXT_ASSEMBLY_USAGE_OCCURRENCE('joint :1','joint :1','joint :1',#17661,
#17662,'joint :1');
#97=NEXT_ASSEMBLY_USAGE_OCCURRENCE('connection:1','connection:1',
'connection:1',#17661,#17664,'connection:1');
#98=NEXT_ASSEMBLY_USAGE_OCCURRENCE('base (1):1','base (1):1',
'base (1):1',#17661,#17665,'base (1):1');
#99=NEXT_ASSEMBLY_USAGE_OCCURRENCE('shoulder:1','shoulder:1',
'shoulder:1',#17661,#17666,'shoulder:1');
#100=NEXT_ASSEMBLY_USAGE_OCCURRENCE('elbow to forarm:1',
'elbow to forarm:1','elbow to forarm:1',#17661,#17675,
'elbow to forarm:1');
#101=NEXT_ASSEMBLY_USAGE_OCCURRENCE('forarm to wrist:1',
'forarm to wrist:1','forarm to wrist:1',#17661,#17667,
'forarm to wrist:1');
#102=NEXT_ASSEMBLY_USAGE_OCCURRENCE('WRIST:1','WRIST:1','WRIST:1',#17661,
#17668,'WRIST:1');
#103=NEXT_ASSEMBLY_USAGE_OCCURRENCE('contoler:1','contoler:1',
'contoler:1',#17661,#17669,'contoler:1');
#104=NEXT_ASSEMBLY_USAGE_OCCURRENCE('Control_Box:1','Control_Box:1',
'Control_Box:1',#17661,#17670,'Control_Box:1');
#105=NEXT_ASSEMBLY_USAGE_OCCURRENCE('Lid:1','Lid:1','Lid:1',#17661,#17671,
'Lid:1');
#106=NEXT_ASSEMBLY_USAGE_OCCURRENCE('Component36:1','Component36:1',
'Component36:1',#17661,#17672,'Component36:1');
#107=NEXT_ASSEMBLY_USAGE_OCCURRENCE('LID:1','LID:1','LID:1',#17661,#17674,
'LID:1');
#108=NEXT_ASSEMBLY_USAGE_OCCURRENCE('elbow to forarm:2',
'elbow to forarm:2','elbow to forarm:2',#17661,#17675,
'elbow to forarm:2');
#109=NEXT_ASSEMBLY_USAGE_OCCURRENCE('WASHER:1','WASHER:1','WASHER:1',#17661,
#17676,'WASHER:1');
#110=STYLED_ITEM('',(#17728),#133);
#111=STYLED_ITEM('',(#17728),#134);
#112=STYLED_ITEM('',(#17728),#135);
#113=STYLED_ITEM('',(#17728),#136);
#114=STYLED_ITEM('',(#17728),#137);
#115=STYLED_ITEM('',(#17728),#138);
#116=STYLED_ITEM('',(#17728),#139);
#117=STYLED_ITEM('',(#17728),#140);
#118=STYLED_ITEM('',(#17728),#141);
#119=STYLED_ITEM('',(#17728),#142);
#120=STYLED_ITEM('',(#17728),#143);
#121=STYLED_ITEM('',(#17728),#144);
#122=STYLED_ITEM('',(#17728),#145);
#123=STYLED_ITEM('',(#17728),#146);
#124=STYLED_ITEM('',(#17728),#147);
#125=STYLED_ITEM('',(#17728),#148);
#126=STYLED_ITEM('',(#17728),#149);
#127=STYLED_ITEM('',(#17728),#150);
#128=STYLED_ITEM('',(#17728),#151);
#129=STYLED_ITEM('',(#17728),#152);
#130=STYLED_ITEM('',(#17728),#153);
#131=STYLED_ITEM('',(#17728),#154);
#132=STYLED_ITEM('',(#17728),#155);
#133=MANIFOLD_SOLID_BREP('Body1',#10169);
#134=MANIFOLD_SOLID_BREP('Body1',#10170);
#135=MANIFOLD_SOLID_BREP('Body1',#10171);
#136=MANIFOLD_SOLID_BREP('Body1',#10172);
#137=MANIFOLD_SOLID_BREP('Body1',#10173);
#138=MANIFOLD_SOLID_BREP('Body1',#10174);
#139=MANIFOLD_SOLID_BREP('Body1',#10175);
#140=MANIFOLD_SOLID_BREP('Body1',#10176);
#141=MANIFOLD_SOLID_BREP('Body1',#10177);
#142=MANIFOLD_SOLID_BREP('Body2',#10178);
#143=MANIFOLD_SOLID_BREP('Body3',#10179);
#144=MANIFOLD_SOLID_BREP('Body4',#10180);
#145=MANIFOLD_SOLID_BREP('Body5',#10181);
#146=MANIFOLD_SOLID_BREP('Body1',#10182);
#147=MANIFOLD_SOLID_BREP('Body1',#10183);
#148=MANIFOLD_SOLID_BREP('Body1',#10184);
#149=MANIFOLD_SOLID_BREP('Body2',#10185);
#150=MANIFOLD_SOLID_BREP('Body3',#10186);
#151=MANIFOLD_SOLID_BREP('Body4',#10187);
#152=MANIFOLD_SOLID_BREP('Body5',#10188);
#153=MANIFOLD_SOLID_BREP('Body6',#10189);
#154=MANIFOLD_SOLID_BREP('Body7',#10190);
#155=MANIFOLD_SOLID_BREP('Body8',#10191);
#156=FACE_BOUND('',#1637,.T.);
#157=FACE_BOUND('',#1640,.T.);
#158=FACE_BOUND('',#1648,.T.);
#159=FACE_BOUND('',#1649,.T.);
#160=FACE_BOUND('',#1650,.T.);
#161=FACE_BOUND('',#1651,.T.);
#162=FACE_BOUND('',#1652,.T.);
#163=FACE_BOUND('',#1656,.T.);
#164=FACE_BOUND('',#1658,.T.);
#165=FACE_BOUND('',#1659,.T.);
#166=FACE_BOUND('',#1660,.T.);
#167=FACE_BOUND('',#1661,.T.);
#168=FACE_BOUND('',#1666,.T.);
#169=FACE_BOUND('',#1668,.T.);
#170=FACE_BOUND('',#1669,.T.);
#171=FACE_BOUND('',#1676,.T.);
#172=FACE_BOUND('',#1697,.T.);
#173=FACE_BOUND('',#1702,.T.);
#174=FACE_BOUND('',#1703,.T.);
#175=FACE_BOUND('',#1705,.T.);
#176=FACE_BOUND('',#1706,.T.);
#177=FACE_BOUND('',#1722,.T.);
#178=FACE_BOUND('',#1723,.T.);
#179=FACE_BOUND('',#1725,.T.);
#180=FACE_BOUND('',#1729,.T.);
#181=FACE_BOUND('',#1734,.T.);
#182=FACE_BOUND('',#1745,.T.);
#183=FACE_BOUND('',#1746,.T.);
#184=FACE_BOUND('',#1757,.T.);
#185=FACE_BOUND('',#1758,.T.);
#186=FACE_BOUND('',#1763,.T.);
#187=FACE_BOUND('',#1769,.T.);
#188=FACE_BOUND('',#1775,.T.);
#189=FACE_BOUND('',#1776,.T.);
#190=FACE_BOUND('',#1777,.T.);
#191=FACE_BOUND('',#1778,.T.);
#192=FACE_BOUND('',#1780,.T.);
#193=FACE_BOUND('',#1781,.T.);
#194=FACE_BOUND('',#1782,.T.);
#195=FACE_BOUND('',#1783,.T.);
#196=FACE_BOUND('',#1784,.T.);
#197=FACE_BOUND('',#1786,.T.);
#198=FACE_BOUND('',#1787,.T.);
#199=FACE_BOUND('',#1788,.T.);
#200=FACE_BOUND('',#1789,.T.);
#201=FACE_BOUND('',#1790,.T.);
#202=FACE_BOUND('',#1813,.T.);
#203=FACE_BOUND('',#1815,.T.);
#204=FACE_BOUND('',#1816,.T.);
#205=FACE_BOUND('',#1817,.T.);
#206=FACE_BOUND('',#1830,.T.);
#207=FACE_BOUND('',#1834,.T.);
#208=FACE_BOUND('',#1844,.T.);
#209=FACE_BOUND('',#1849,.T.);
#210=FACE_BOUND('',#1851,.T.);
#211=FACE_BOUND('',#1854,.T.);
#212=FACE_BOUND('',#1870,.T.);
#213=FACE_BOUND('',#1871,.T.);
#214=FACE_BOUND('',#1872,.T.);
#215=FACE_BOUND('',#1875,.T.);
#216=FACE_BOUND('',#1877,.T.);
#217=FACE_BOUND('',#1890,.T.);
#218=FACE_BOUND('',#1895,.T.);
#219=FACE_BOUND('',#1900,.T.);
#220=FACE_BOUND('',#1905,.T.);
#221=FACE_BOUND('',#1910,.T.);
#222=FACE_BOUND('',#1915,.T.);
#223=FACE_BOUND('',#1920,.T.);
#224=FACE_BOUND('',#1925,.T.);
#225=FACE_BOUND('',#1941,.T.);
#226=FACE_BOUND('',#1951,.T.);
#227=FACE_BOUND('',#1952,.T.);
#228=FACE_BOUND('',#1953,.T.);
#229=FACE_BOUND('',#1954,.T.);
#230=FACE_BOUND('',#1955,.T.);
#231=FACE_BOUND('',#1957,.T.);
#232=FACE_BOUND('',#1958,.T.);
#233=FACE_BOUND('',#1959,.T.);
#234=FACE_BOUND('',#1960,.T.);
#235=FACE_BOUND('',#1961,.T.);
#236=FACE_BOUND('',#1962,.T.);
#237=FACE_BOUND('',#1963,.T.);
#238=FACE_BOUND('',#1964,.T.);
#239=FACE_BOUND('',#1970,.T.);
#240=FACE_BOUND('',#1971,.T.);
#241=FACE_BOUND('',#1972,.T.);
#242=FACE_BOUND('',#1983,.T.);
#243=FACE_BOUND('',#1984,.T.);
#244=FACE_BOUND('',#1985,.T.);
#245=FACE_BOUND('',#1990,.T.);
#246=FACE_BOUND('',#1991,.T.);
#247=FACE_BOUND('',#1992,.T.);
#248=FACE_BOUND('',#1993,.T.);
#249=FACE_BOUND('',#1994,.T.);
#250=FACE_BOUND('',#1995,.T.);
#251=FACE_BOUND('',#2027,.T.);
#252=FACE_BOUND('',#2028,.T.);
#253=FACE_BOUND('',#2029,.T.);
#254=FACE_BOUND('',#2030,.T.);
#255=FACE_BOUND('',#2031,.T.);
#256=FACE_BOUND('',#2032,.T.);
#257=FACE_BOUND('',#2054,.T.);
#258=FACE_BOUND('',#2055,.T.);
#259=FACE_BOUND('',#2056,.T.);
#260=FACE_BOUND('',#2057,.T.);
#261=FACE_BOUND('',#2058,.T.);
#262=FACE_BOUND('',#2060,.T.);
#263=FACE_BOUND('',#2087,.T.);
#264=FACE_BOUND('',#2088,.T.);
#265=FACE_BOUND('',#2089,.T.);
#266=FACE_BOUND('',#2090,.T.);
#267=FACE_BOUND('',#2091,.T.);
#268=FACE_BOUND('',#2092,.T.);
#269=FACE_BOUND('',#2093,.T.);
#270=FACE_BOUND('',#2094,.T.);
#271=FACE_BOUND('',#2098,.T.);
#272=FACE_BOUND('',#2112,.T.);
#273=FACE_BOUND('',#2129,.T.);
#274=FACE_BOUND('',#2132,.T.);
#275=FACE_BOUND('',#2135,.T.);
#276=FACE_BOUND('',#2138,.T.);
#277=FACE_BOUND('',#2140,.T.);
#278=FACE_BOUND('',#2141,.T.);
#279=FACE_BOUND('',#2142,.T.);
#280=FACE_BOUND('',#2146,.T.);
#281=FACE_BOUND('',#2147,.T.);
#282=FACE_BOUND('',#2148,.T.);
#283=FACE_BOUND('',#2154,.T.);
#284=FACE_BOUND('',#2155,.T.);
#285=FACE_BOUND('',#2156,.T.);
#286=FACE_BOUND('',#2157,.T.);
#287=FACE_BOUND('',#2162,.T.);
#288=FACE_BOUND('',#2168,.T.);
#289=FACE_BOUND('',#2174,.T.);
#290=FACE_BOUND('',#2180,.T.);
#291=FACE_BOUND('',#2185,.T.);
#292=FACE_BOUND('',#2190,.T.);
#293=FACE_BOUND('',#2195,.T.);
#294=FACE_BOUND('',#2199,.T.);
#295=FACE_BOUND('',#2213,.T.);
#296=FACE_BOUND('',#2214,.T.);
#297=FACE_BOUND('',#2215,.T.);
#298=FACE_BOUND('',#2216,.T.);
#299=FACE_BOUND('',#2217,.T.);
#300=FACE_BOUND('',#2218,.T.);
#301=FACE_BOUND('',#2234,.T.);
#302=FACE_BOUND('',#2238,.T.);
#303=FACE_BOUND('',#2242,.T.);
#304=FACE_BOUND('',#2246,.T.);
#305=FACE_BOUND('',#2250,.T.);
#306=FACE_BOUND('',#2254,.T.);
#307=FACE_BOUND('',#2258,.T.);
#308=FACE_BOUND('',#2262,.T.);
#309=FACE_BOUND('',#2264,.T.);
#310=FACE_BOUND('',#2265,.T.);
#311=FACE_BOUND('',#2266,.T.);
#312=FACE_BOUND('',#2267,.T.);
#313=FACE_BOUND('',#2268,.T.);
#314=FACE_BOUND('',#2277,.T.);
#315=FACE_BOUND('',#2284,.T.);
#316=FACE_BOUND('',#2294,.T.);
#317=FACE_BOUND('',#2295,.T.);
#318=FACE_BOUND('',#2298,.T.);
#319=FACE_BOUND('',#2299,.T.);
#320=FACE_BOUND('',#2300,.T.);
#321=FACE_BOUND('',#2301,.T.);
#322=FACE_BOUND('',#2302,.T.);
#323=FACE_BOUND('',#2309,.T.);
#324=FACE_BOUND('',#2310,.T.);
#325=FACE_BOUND('',#2311,.T.);
#326=FACE_BOUND('',#2312,.T.);
#327=FACE_BOUND('',#2313,.T.);
#328=FACE_BOUND('',#2314,.T.);
#329=FACE_BOUND('',#2320,.T.);
#330=FACE_BOUND('',#2336,.T.);
#331=FACE_BOUND('',#2337,.T.);
#332=FACE_BOUND('',#2345,.T.);
#333=FACE_BOUND('',#2346,.T.);
#334=FACE_BOUND('',#2351,.T.);
#335=FACE_BOUND('',#2352,.T.);
#336=FACE_BOUND('',#2356,.T.);
#337=FACE_BOUND('',#2358,.T.);
#338=FACE_BOUND('',#2362,.T.);
#339=FACE_BOUND('',#2364,.T.);
#340=FACE_BOUND('',#2368,.T.);
#341=FACE_BOUND('',#2370,.T.);
#342=FACE_BOUND('',#2374,.T.);
#343=FACE_BOUND('',#2376,.T.);
#344=FACE_BOUND('',#2380,.T.);
#345=FACE_BOUND('',#2382,.T.);
#346=FACE_BOUND('',#2386,.T.);
#347=FACE_BOUND('',#2388,.T.);
#348=FACE_BOUND('',#2392,.T.);
#349=FACE_BOUND('',#2394,.T.);
#350=FACE_BOUND('',#2398,.T.);
#351=FACE_BOUND('',#2400,.T.);
#352=B_SPLINE_CURVE_WITH_KNOTS('',3,(#14746,#14747,#14748,#14749,#14750,
#14751,#14752,#14753,#14754,#14755,#14756,#14757,#14758),.UNSPECIFIED.,
 .F.,.F.,(4,3,3,3,4),(0.,0.285714285714044,0.571428571428427,0.714285714285618,
1.),.UNSPECIFIED.);
#353=B_SPLINE_CURVE_WITH_KNOTS('',3,(#14759,#14760,#14761,#14762,#14763,
#14764,#14765,#14766,#14767,#14768,#14769,#14770,#14771,#14772,#14773,#14774),
 .UNSPECIFIED.,.T.,.F.,(4,1,1,1,1,1,1,1,1,1,1,1,1,4),(0.,0.245716209776238,
0.491432419552477,0.737148629328715,0.982864839104954,1.47429725865743,
1.63810806517492,1.96572967820991,2.21144588798615,2.45716209776238,2.70287830753862,
2.94859451731486,3.1943107270911,3.44002693686734),.UNSPECIFIED.);
#354=B_SPLINE_CURVE_WITH_KNOTS('',3,(#14775,#14776,#14777,#14778,#14779,
#14780,#14781,#14782,#14783,#14784,#14785,#14786,#14787,#14788,#14789,#14790),
 .UNSPECIFIED.,.T.,.F.,(4,1,1,1,1,1,1,1,1,1,1,1,1,4),(-3.44002693686734,
-3.1943107270911,-2.94859451731486,-2.70287830753862,-2.45716209776238,
-2.21144588798615,-1.96572967820991,-1.63810806517492,-1.47429725865743,
-0.982864839104954,-0.737148629328715,-0.491432419552477,-0.245716209776238,
0.),.UNSPECIFIED.);
#355=B_SPLINE_SURFACE_WITH_KNOTS('',3,3,((#14632,#14633,#14634,#14635,#14636,
#14637,#14638,#14639,#14640,#14641,#14642,#14643,#14644,#14645,#14646,#14647),
(#14648,#14649,#14650,#14651,#14652,#14653,#14654,#14655,#14656,#14657,
#14658,#14659,#14660,#14661,#14662,#14663),(#14664,#14665,#14666,#14667,
#14668,#14669,#14670,#14671,#14672,#14673,#14674,#14675,#14676,#14677,#14678,
#14679),(#14680,#14681,#14682,#14683,#14684,#14685,#14686,#14687,#14688,
#14689,#14690,#14691,#14692,#14693,#14694,#14695),(#14696,#14697,#14698,
#14699,#14700,#14701,#14702,#14703,#14704,#14705,#14706,#14707,#14708,#14709,
#14710,#14711),(#14712,#14713,#14714,#14715,#14716,#14717,#14718,#14719,
#14720,#14721,#14722,#14723,#14724,#14725,#14726,#14727),(#14728,#14729,
#14730,#14731,#14732,#14733,#14734,#14735,#14736,#14737,#14738,#14739,#14740,
#14741,#14742,#14743)),.UNSPECIFIED.,.F.,.T.,.F.,(4,1,1,1,4),(4,1,1,1,1,
1,1,1,1,1,1,1,1,4),(0.,0.285714285714286,0.571428571428571,0.714285714285714,
1.),(0.,0.245716209776238,0.491432419552477,0.737148629328715,0.982864839104954,
1.47429725865743,1.63810806517492,1.96572967820991,2.21144588798615,2.45716209776238,
2.70287830753862,2.94859451731486,3.1943107270911,3.44002693686734),
 .UNSPECIFIED.);
#356=CYLINDRICAL_SURFACE('',#10350,2.5);
#357=CYLINDRICAL_SURFACE('',#10355,2.5);
#358=CYLINDRICAL_SURFACE('',#10357,2.5);
#359=CYLINDRICAL_SURFACE('',#10359,2.5);
#360=CYLINDRICAL_SURFACE('',#10366,4.5);
#361=CYLINDRICAL_SURFACE('',#10373,3.50000005215406);
#362=CYLINDRICAL_SURFACE('',#10377,1.);
#363=CYLINDRICAL_SURFACE('',#10380,1.);
#364=CYLINDRICAL_SURFACE('',#10383,1.);
#365=CYLINDRICAL_SURFACE('',#10386,1.);
#366=CYLINDRICAL_SURFACE('',#10391,10.5);
#367=CYLINDRICAL_SURFACE('',#10393,15.500000230968);
#368=CYLINDRICAL_SURFACE('',#10406,73.);
#369=CYLINDRICAL_SURFACE('',#10421,75.);
#370=CYLINDRICAL_SURFACE('',#10425,6.);
#371=CYLINDRICAL_SURFACE('',#10430,9.);
#372=CYLINDRICAL_SURFACE('',#10431,1.);
#373=CYLINDRICAL_SURFACE('',#10435,1.);
#374=CYLINDRICAL_SURFACE('',#10439,1.);
#375=CYLINDRICAL_SURFACE('',#10443,1.);
#376=CYLINDRICAL_SURFACE('',#10475,5.);
#377=CYLINDRICAL_SURFACE('',#10487,4.00000005960464);
#378=CYLINDRICAL_SURFACE('',#10497,4.5);
#379=CYLINDRICAL_SURFACE('',#10499,1.);
#380=CYLINDRICAL_SURFACE('',#10502,1.);
#381=CYLINDRICAL_SURFACE('',#10508,1.);
#382=CYLINDRICAL_SURFACE('',#10511,1.);
#383=CYLINDRICAL_SURFACE('',#10525,10.5);
#384=CYLINDRICAL_SURFACE('',#10530,17.0000002533197);
#385=CYLINDRICAL_SURFACE('',#10534,1.);
#386=CYLINDRICAL_SURFACE('',#10537,1.);
#387=CYLINDRICAL_SURFACE('',#10540,1.);
#388=CYLINDRICAL_SURFACE('',#10543,1.);
#389=CYLINDRICAL_SURFACE('',#10556,5.5);
#390=CYLINDRICAL_SURFACE('',#10558,1.);
#391=CYLINDRICAL_SURFACE('',#10560,1.);
#392=CYLINDRICAL_SURFACE('',#10562,1.);
#393=CYLINDRICAL_SURFACE('',#10564,1.);
#394=CYLINDRICAL_SURFACE('',#10571,10.5);
#395=CYLINDRICAL_SURFACE('',#10575,20.);
#396=CYLINDRICAL_SURFACE('',#10578,2.6);
#397=CYLINDRICAL_SURFACE('',#10582,6.);
#398=CYLINDRICAL_SURFACE('',#10606,1.00000001490116);
#399=CYLINDRICAL_SURFACE('',#10607,1.00000001490116);
#400=CYLINDRICAL_SURFACE('',#10611,20.);
#401=CYLINDRICAL_SURFACE('',#10617,1.);
#402=CYLINDRICAL_SURFACE('',#10621,1.);
#403=CYLINDRICAL_SURFACE('',#10639,3.5);
#404=CYLINDRICAL_SURFACE('',#10652,1.00000001490116);
#405=CYLINDRICAL_SURFACE('',#10654,1.00000001490116);
#406=CYLINDRICAL_SURFACE('',#10661,6.25);
#407=CYLINDRICAL_SURFACE('',#10678,2.75);
#408=CYLINDRICAL_SURFACE('',#10680,20.);
#409=CYLINDRICAL_SURFACE('',#10683,0.800000000000001);
#410=CYLINDRICAL_SURFACE('',#10687,2.5);
#411=CYLINDRICAL_SURFACE('',#10691,0.800000000000001);
#412=CYLINDRICAL_SURFACE('',#10695,2.5);
#413=CYLINDRICAL_SURFACE('',#10699,0.800000000000001);
#414=CYLINDRICAL_SURFACE('',#10703,2.5);
#415=CYLINDRICAL_SURFACE('',#10707,0.800000000000001);
#416=CYLINDRICAL_SURFACE('',#10711,2.5);
#417=CYLINDRICAL_SURFACE('',#10715,0.799999999999983);
#418=CYLINDRICAL_SURFACE('',#10719,2.5);
#419=CYLINDRICAL_SURFACE('',#10723,0.800000000000001);
#420=CYLINDRICAL_SURFACE('',#10727,2.5);
#421=CYLINDRICAL_SURFACE('',#10731,0.799999999999983);
#422=CYLINDRICAL_SURFACE('',#10735,2.5);
#423=CYLINDRICAL_SURFACE('',#10739,0.800000000000001);
#424=CYLINDRICAL_SURFACE('',#10743,2.5);
#425=CYLINDRICAL_SURFACE('',#10750,2.);
#426=CYLINDRICAL_SURFACE('',#10752,2.);
#427=CYLINDRICAL_SURFACE('',#10758,2.);
#428=CYLINDRICAL_SURFACE('',#10760,2.);
#429=CYLINDRICAL_SURFACE('',#10772,0.799999999999983);
#430=CYLINDRICAL_SURFACE('',#10785,0.8);
#431=CYLINDRICAL_SURFACE('',#10791,0.799999999999983);
#432=CYLINDRICAL_SURFACE('',#10797,0.8);
#433=CYLINDRICAL_SURFACE('',#10823,1.5);
#434=CYLINDRICAL_SURFACE('',#10825,14.);
#435=CYLINDRICAL_SURFACE('',#10829,1.5);
#436=CYLINDRICAL_SURFACE('',#10831,14.);
#437=CYLINDRICAL_SURFACE('',#10835,1.5);
#438=CYLINDRICAL_SURFACE('',#10837,1.5);
#439=CYLINDRICAL_SURFACE('',#10847,1.5);
#440=CYLINDRICAL_SURFACE('',#10849,2.5);
#441=CYLINDRICAL_SURFACE('',#10854,1.5);
#442=CYLINDRICAL_SURFACE('',#10856,14.);
#443=CYLINDRICAL_SURFACE('',#10860,2.5);
#444=CYLINDRICAL_SURFACE('',#10863,14.);
#445=CYLINDRICAL_SURFACE('',#10867,1.5);
#446=CYLINDRICAL_SURFACE('',#10869,2.50000000000001);
#447=CYLINDRICAL_SURFACE('',#10873,1.5);
#448=CYLINDRICAL_SURFACE('',#10875,2.5);
#449=CYLINDRICAL_SURFACE('',#10879,1.5);
#450=CYLINDRICAL_SURFACE('',#10882,2.5);
#451=CYLINDRICAL_SURFACE('',#10903,1.5);
#452=CYLINDRICAL_SURFACE('',#10906,2.5);
#453=CYLINDRICAL_SURFACE('',#10913,1.5);
#454=CYLINDRICAL_SURFACE('',#10916,2.5);
#455=CYLINDRICAL_SURFACE('',#10923,1.5);
#456=CYLINDRICAL_SURFACE('',#10926,2.50000000000001);
#457=CYLINDRICAL_SURFACE('',#10933,1.1);
#458=CYLINDRICAL_SURFACE('',#10934,1.09999999999999);
#459=CYLINDRICAL_SURFACE('',#10935,1.1);
#460=CYLINDRICAL_SURFACE('',#10936,1.09999999999999);
#461=CYLINDRICAL_SURFACE('',#10937,14.);
#462=CYLINDRICAL_SURFACE('',#10942,3.);
#463=CYLINDRICAL_SURFACE('',#10956,3.);
#464=CYLINDRICAL_SURFACE('',#10958,3.);
#465=CYLINDRICAL_SURFACE('',#10961,3.);
#466=CYLINDRICAL_SURFACE('',#10963,0.750000000000002);
#467=CYLINDRICAL_SURFACE('',#10967,0.750000000000004);
#468=CYLINDRICAL_SURFACE('',#10971,0.750000000000002);
#469=CYLINDRICAL_SURFACE('',#10975,0.750000000000002);
#470=CYLINDRICAL_SURFACE('',#10979,0.750000000000001);
#471=CYLINDRICAL_SURFACE('',#10982,0.750000000000001);
#472=CYLINDRICAL_SURFACE('',#10985,0.749999999999993);
#473=CYLINDRICAL_SURFACE('',#10988,0.750000000000002);
#474=CYLINDRICAL_SURFACE('',#11014,2.75);
#475=CYLINDRICAL_SURFACE('',#11017,2.75);
#476=CYLINDRICAL_SURFACE('',#11021,3.50000031292439);
#477=CYLINDRICAL_SURFACE('',#11023,3.50000031292439);
#478=CYLINDRICAL_SURFACE('',#11025,2.99999962002039);
#479=CYLINDRICAL_SURFACE('',#11029,2.99999962002039);
#480=CYLINDRICAL_SURFACE('',#11036,1.75);
#481=CYLINDRICAL_SURFACE('',#11039,1.75);
#482=CYLINDRICAL_SURFACE('',#11051,2.5);
#483=CYLINDRICAL_SURFACE('',#11054,2.5);
#484=CYLINDRICAL_SURFACE('',#11057,2.5);
#485=CYLINDRICAL_SURFACE('',#11060,2.5);
#486=CYLINDRICAL_SURFACE('',#11067,2.5);
#487=CYLINDRICAL_SURFACE('',#11069,2.5);
#488=CYLINDRICAL_SURFACE('',#11071,2.49854146831162);
#489=CYLINDRICAL_SURFACE('',#11073,2.4985414683116);
#490=CYLINDRICAL_SURFACE('',#11076,0.750000000000002);
#491=CYLINDRICAL_SURFACE('',#11080,2.5);
#492=CYLINDRICAL_SURFACE('',#11085,0.75);
#493=CYLINDRICAL_SURFACE('',#11089,2.49854146831162);
#494=CYLINDRICAL_SURFACE('',#11094,0.750000000000002);
#495=CYLINDRICAL_SURFACE('',#11098,2.5);
#496=CYLINDRICAL_SURFACE('',#11103,0.749999999999993);
#497=CYLINDRICAL_SURFACE('',#11107,2.4985414683116);
#498=CYLINDRICAL_SURFACE('',#11132,1.);
#499=CYLINDRICAL_SURFACE('',#11139,1.);
#500=CYLINDRICAL_SURFACE('',#11145,1.);
#501=CYLINDRICAL_SURFACE('',#11151,1.);
#502=CYLINDRICAL_SURFACE('',#11156,3.00000000000004);
#503=CYLINDRICAL_SURFACE('',#11159,3.00000000000002);
#504=CYLINDRICAL_SURFACE('',#11182,3.99999938905239);
#505=CYLINDRICAL_SURFACE('',#11186,3.99999938905239);
#506=CYLINDRICAL_SURFACE('',#11189,0.750000000000002);
#507=CYLINDRICAL_SURFACE('',#11191,2.5);
#508=CYLINDRICAL_SURFACE('',#11196,0.750000000000002);
#509=CYLINDRICAL_SURFACE('',#11198,2.5);
#510=CYLINDRICAL_SURFACE('',#11203,0.750000000000002);
#511=CYLINDRICAL_SURFACE('',#11205,2.5);
#512=CYLINDRICAL_SURFACE('',#11210,0.750000000000002);
#513=CYLINDRICAL_SURFACE('',#11212,2.5);
#514=CYLINDRICAL_SURFACE('',#11217,0.750000000000002);
#515=CYLINDRICAL_SURFACE('',#11219,2.50000000000001);
#516=CYLINDRICAL_SURFACE('',#11224,0.750000000000002);
#517=CYLINDRICAL_SURFACE('',#11226,2.5);
#518=CYLINDRICAL_SURFACE('',#11231,0.750000000000002);
#519=CYLINDRICAL_SURFACE('',#11233,2.5);
#520=CYLINDRICAL_SURFACE('',#11238,0.750000000000002);
#521=CYLINDRICAL_SURFACE('',#11240,2.5);
#522=CYLINDRICAL_SURFACE('',#11258,2.99999999999998);
#523=CYLINDRICAL_SURFACE('',#11260,3.);
#524=CYLINDRICAL_SURFACE('',#11266,0.750000000000001);
#525=CYLINDRICAL_SURFACE('',#11268,0.749999999999993);
#526=CYLINDRICAL_SURFACE('',#11269,0.750000000000002);
#527=CYLINDRICAL_SURFACE('',#11270,0.750000000000001);
#528=CYLINDRICAL_SURFACE('',#11272,15.);
#529=CYLINDRICAL_SURFACE('',#11278,15.);
#530=CYLINDRICAL_SURFACE('',#11286,10.5);
#531=CYLINDRICAL_SURFACE('',#11295,1.);
#532=CYLINDRICAL_SURFACE('',#11297,1.);
#533=CYLINDRICAL_SURFACE('',#11299,1.);
#534=CYLINDRICAL_SURFACE('',#11301,4.00000005960464);
#535=CYLINDRICAL_SURFACE('',#11303,1.);
#536=CYLINDRICAL_SURFACE('',#11309,15.0000001117587);
#537=CYLINDRICAL_SURFACE('',#11328,0.999999999999999);
#538=CYLINDRICAL_SURFACE('',#11330,0.999999999999999);
#539=CYLINDRICAL_SURFACE('',#11338,1.);
#540=CYLINDRICAL_SURFACE('',#11340,1.);
#541=CYLINDRICAL_SURFACE('',#11345,4.5);
#542=CYLINDRICAL_SURFACE('',#11348,15.0000002235174);
#543=CYLINDRICAL_SURFACE('',#11352,1.5);
#544=CYLINDRICAL_SURFACE('',#11355,2.5);
#545=CYLINDRICAL_SURFACE('',#11360,1.5);
#546=CYLINDRICAL_SURFACE('',#11363,2.5);
#547=CYLINDRICAL_SURFACE('',#11368,1.5);
#548=CYLINDRICAL_SURFACE('',#11371,2.5);
#549=CYLINDRICAL_SURFACE('',#11376,1.5);
#550=CYLINDRICAL_SURFACE('',#11379,2.5);
#551=CYLINDRICAL_SURFACE('',#11384,1.5);
#552=CYLINDRICAL_SURFACE('',#11387,2.5);
#553=CYLINDRICAL_SURFACE('',#11392,1.5);
#554=CYLINDRICAL_SURFACE('',#11395,2.5);
#555=CYLINDRICAL_SURFACE('',#11400,1.5);
#556=CYLINDRICAL_SURFACE('',#11403,2.5);
#557=CYLINDRICAL_SURFACE('',#11408,1.5);
#558=CYLINDRICAL_SURFACE('',#11411,2.5);
#559=CIRCLE('',#10347,2.5);
#560=CIRCLE('',#10348,2.5);
#561=CIRCLE('',#10351,2.5);
#562=CIRCLE('',#10353,2.5);
#563=CIRCLE('',#10354,2.5);
#564=CIRCLE('',#10356,2.5);
#565=CIRCLE('',#10358,2.5);
#566=CIRCLE('',#10360,2.5);
#567=CIRCLE('',#10367,4.5);
#568=CIRCLE('',#10374,3.50000005215406);
#569=CIRCLE('',#10375,3.50000005215406);
#570=CIRCLE('',#10378,1.);
#571=CIRCLE('',#10379,1.);
#572=CIRCLE('',#10381,1.);
#573=CIRCLE('',#10382,1.);
#574=CIRCLE('',#10384,1.);
#575=CIRCLE('',#10385,1.);
#576=CIRCLE('',#10387,1.);
#577=CIRCLE('',#10388,1.);
#578=CIRCLE('',#10390,10.5);
#579=CIRCLE('',#10392,10.5);
#580=CIRCLE('',#10394,15.500000230968);
#581=CIRCLE('',#10395,15.500000230968);
#582=CIRCLE('',#10404,75.);
#583=CIRCLE('',#10405,9.);
#584=CIRCLE('',#10407,73.);
#585=CIRCLE('',#10408,73.);
#586=CIRCLE('',#10410,73.);
#587=CIRCLE('',#10411,73.);
#588=CIRCLE('',#10413,73.);
#589=CIRCLE('',#10422,75.);
#590=CIRCLE('',#10423,75.);
#591=CIRCLE('',#10424,75.);
#592=CIRCLE('',#10426,6.);
#593=CIRCLE('',#10427,6.);
#594=CIRCLE('',#10429,9.);
#595=CIRCLE('',#10432,1.);
#596=CIRCLE('',#10433,1.);
#597=CIRCLE('',#10436,1.);
#598=CIRCLE('',#10437,1.);
#599=CIRCLE('',#10440,1.);
#600=CIRCLE('',#10441,1.);
#601=CIRCLE('',#10444,1.);
#602=CIRCLE('',#10445,1.);
#603=CIRCLE('',#10458,5.);
#604=CIRCLE('',#10476,5.);
#605=CIRCLE('',#10483,1.);
#606=CIRCLE('',#10485,1.);
#607=CIRCLE('',#10488,4.00000005960464);
#608=CIRCLE('',#10489,4.00000005960464);
#609=CIRCLE('',#10493,4.5);
#610=CIRCLE('',#10498,4.5);
#611=CIRCLE('',#10500,1.);
#612=CIRCLE('',#10501,1.);
#613=CIRCLE('',#10503,1.);
#614=CIRCLE('',#10509,1.);
#615=CIRCLE('',#10510,1.);
#616=CIRCLE('',#10512,1.);
#617=CIRCLE('',#10526,10.5);
#618=CIRCLE('',#10527,10.5);
#619=CIRCLE('',#10531,17.0000002533197);
#620=CIRCLE('',#10532,17.0000002533197);
#621=CIRCLE('',#10535,1.);
#622=CIRCLE('',#10536,1.);
#623=CIRCLE('',#10538,1.);
#624=CIRCLE('',#10539,1.);
#625=CIRCLE('',#10541,1.);
#626=CIRCLE('',#10542,1.);
#627=CIRCLE('',#10544,1.);
#628=CIRCLE('',#10545,1.);
#629=CIRCLE('',#10550,10.5);
#630=CIRCLE('',#10551,1.);
#631=CIRCLE('',#10552,1.);
#632=CIRCLE('',#10553,1.);
#633=CIRCLE('',#10554,1.);
#634=CIRCLE('',#10555,5.5);
#635=CIRCLE('',#10557,5.5);
#636=CIRCLE('',#10559,1.);
#637=CIRCLE('',#10561,1.);
#638=CIRCLE('',#10563,1.);
#639=CIRCLE('',#10565,1.);
#640=CIRCLE('',#10572,10.5);
#641=CIRCLE('',#10574,1.00000001490116);
#642=CIRCLE('',#10576,20.);
#643=CIRCLE('',#10577,20.);
#644=CIRCLE('',#10579,2.6);
#645=CIRCLE('',#10580,2.6);
#646=CIRCLE('',#10583,6.);
#647=CIRCLE('',#10584,6.);
#648=CIRCLE('',#10585,6.);
#649=CIRCLE('',#10586,6.);
#650=CIRCLE('',#10587,6.);
#651=CIRCLE('',#10593,1.00000001490116);
#652=CIRCLE('',#10596,1.00000001490116);
#653=CIRCLE('',#10597,1.00000001490116);
#654=CIRCLE('',#10612,20.);
#655=CIRCLE('',#10613,20.);
#656=CIRCLE('',#10618,1.);
#657=CIRCLE('',#10619,1.);
#658=CIRCLE('',#10622,1.);
#659=CIRCLE('',#10623,1.);
#660=CIRCLE('',#10629,3.5);
#661=CIRCLE('',#10630,3.5);
#662=CIRCLE('',#10635,3.5);
#663=CIRCLE('',#10637,3.5);
#664=CIRCLE('',#10638,3.5);
#665=CIRCLE('',#10640,3.5);
#666=CIRCLE('',#10645,1.00000001490116);
#667=CIRCLE('',#10647,1.00000001490116);
#668=CIRCLE('',#10653,1.00000001490116);
#669=CIRCLE('',#10655,1.00000001490116);
#670=CIRCLE('',#10662,6.25);
#671=CIRCLE('',#10663,6.25);
#672=CIRCLE('',#10664,6.25);
#673=CIRCLE('',#10665,6.25);
#674=CIRCLE('',#10666,6.25);
#675=CIRCLE('',#10668,20.);
#676=CIRCLE('',#10669,2.75);
#677=CIRCLE('',#10671,20.);
#678=CIRCLE('',#10675,2.75);
#679=CIRCLE('',#10684,0.800000000000001);
#680=CIRCLE('',#10685,0.800000000000001);
#681=CIRCLE('',#10688,2.5);
#682=CIRCLE('',#10689,2.5);
#683=CIRCLE('',#10692,0.800000000000001);
#684=CIRCLE('',#10693,0.800000000000001);
#685=CIRCLE('',#10696,2.5);
#686=CIRCLE('',#10697,2.5);
#687=CIRCLE('',#10700,0.800000000000001);
#688=CIRCLE('',#10701,0.800000000000001);
#689=CIRCLE('',#10704,2.5);
#690=CIRCLE('',#10705,2.5);
#691=CIRCLE('',#10708,0.800000000000001);
#692=CIRCLE('',#10709,0.800000000000001);
#693=CIRCLE('',#10712,2.5);
#694=CIRCLE('',#10713,2.5);
#695=CIRCLE('',#10716,0.799999999999983);
#696=CIRCLE('',#10717,0.799999999999983);
#697=CIRCLE('',#10720,2.5);
#698=CIRCLE('',#10721,2.5);
#699=CIRCLE('',#10724,0.800000000000001);
#700=CIRCLE('',#10725,0.800000000000001);
#701=CIRCLE('',#10728,2.5);
#702=CIRCLE('',#10729,2.5);
#703=CIRCLE('',#10732,0.799999999999983);
#704=CIRCLE('',#10733,0.799999999999983);
#705=CIRCLE('',#10736,2.5);
#706=CIRCLE('',#10737,2.5);
#707=CIRCLE('',#10740,0.800000000000001);
#708=CIRCLE('',#10741,0.800000000000001);
#709=CIRCLE('',#10744,2.5);
#710=CIRCLE('',#10745,2.5);
#711=CIRCLE('',#10748,2.);
#712=CIRCLE('',#10749,2.);
#713=CIRCLE('',#10751,2.);
#714=CIRCLE('',#10753,2.);
#715=CIRCLE('',#10756,2.);
#716=CIRCLE('',#10757,2.);
#717=CIRCLE('',#10759,2.);
#718=CIRCLE('',#10761,2.);
#719=CIRCLE('',#10773,0.799999999999983);
#720=CIRCLE('',#10774,0.799999999999983);
#721=CIRCLE('',#10781,0.8);
#722=CIRCLE('',#10782,0.799999999999983);
#723=CIRCLE('',#10783,0.8);
#724=CIRCLE('',#10786,0.8);
#725=CIRCLE('',#10792,0.799999999999983);
#726=CIRCLE('',#10798,0.8);
#727=CIRCLE('',#10808,1.5);
#728=CIRCLE('',#10809,14.);
#729=CIRCLE('',#10810,1.5);
#730=CIRCLE('',#10811,14.);
#731=CIRCLE('',#10812,1.5);
#732=CIRCLE('',#10813,14.);
#733=CIRCLE('',#10814,1.5);
#734=CIRCLE('',#10815,14.);
#735=CIRCLE('',#10816,1.1);
#736=CIRCLE('',#10817,1.09999999999999);
#737=CIRCLE('',#10818,1.1);
#738=CIRCLE('',#10819,1.09999999999999);
#739=CIRCLE('',#10820,14.);
#740=CIRCLE('',#10824,1.5);
#741=CIRCLE('',#10826,14.);
#742=CIRCLE('',#10827,14.);
#743=CIRCLE('',#10828,14.);
#744=CIRCLE('',#10830,1.5);
#745=CIRCLE('',#10832,14.);
#746=CIRCLE('',#10833,14.);
#747=CIRCLE('',#10834,14.);
#748=CIRCLE('',#10836,1.5);
#749=CIRCLE('',#10838,1.5);
#750=CIRCLE('',#10840,1.5);
#751=CIRCLE('',#10842,1.5);
#752=CIRCLE('',#10844,1.5);
#753=CIRCLE('',#10846,1.5);
#754=CIRCLE('',#10848,1.5);
#755=CIRCLE('',#10850,2.5);
#756=CIRCLE('',#10851,2.5);
#757=CIRCLE('',#10853,14.);
#758=CIRCLE('',#10855,1.5);
#759=CIRCLE('',#10857,14.);
#760=CIRCLE('',#10858,14.);
#761=CIRCLE('',#10859,14.);
#762=CIRCLE('',#10861,2.5);
#763=CIRCLE('',#10862,2.5);
#764=CIRCLE('',#10864,14.);
#765=CIRCLE('',#10865,14.);
#766=CIRCLE('',#10868,1.5);
#767=CIRCLE('',#10870,2.50000000000001);
#768=CIRCLE('',#10871,2.50000000000001);
#769=CIRCLE('',#10874,1.5);
#770=CIRCLE('',#10876,2.5);
#771=CIRCLE('',#10877,2.5);
#772=CIRCLE('',#10880,1.5);
#773=CIRCLE('',#10881,1.5);
#774=CIRCLE('',#10883,2.5);
#775=CIRCLE('',#10884,2.5);
#776=CIRCLE('',#10886,14.);
#777=CIRCLE('',#10887,14.);
#778=CIRCLE('',#10889,14.);
#779=CIRCLE('',#10891,14.);
#780=CIRCLE('',#10892,2.50000000000001);
#781=CIRCLE('',#10893,14.);
#782=CIRCLE('',#10894,2.5);
#783=CIRCLE('',#10895,14.);
#784=CIRCLE('',#10896,14.);
#785=CIRCLE('',#10897,2.5);
#786=CIRCLE('',#10898,14.);
#787=CIRCLE('',#10899,1.1);
#788=CIRCLE('',#10900,1.09999999999999);
#789=CIRCLE('',#10901,1.1);
#790=CIRCLE('',#10902,1.09999999999999);
#791=CIRCLE('',#10904,1.5);
#792=CIRCLE('',#10905,1.5);
#793=CIRCLE('',#10907,2.5);
#794=CIRCLE('',#10909,14.);
#795=CIRCLE('',#10910,14.);
#796=CIRCLE('',#10912,14.);
#797=CIRCLE('',#10914,1.5);
#798=CIRCLE('',#10915,1.5);
#799=CIRCLE('',#10917,2.5);
#800=CIRCLE('',#10919,14.);
#801=CIRCLE('',#10920,14.);
#802=CIRCLE('',#10922,14.);
#803=CIRCLE('',#10924,1.5);
#804=CIRCLE('',#10925,1.5);
#805=CIRCLE('',#10927,2.50000000000001);
#806=CIRCLE('',#10929,14.);
#807=CIRCLE('',#10930,14.);
#808=CIRCLE('',#10932,14.);
#809=CIRCLE('',#10943,3.);
#810=CIRCLE('',#10944,3.);
#811=CIRCLE('',#10946,3.);
#812=CIRCLE('',#10947,3.);
#813=CIRCLE('',#10948,3.);
#814=CIRCLE('',#10949,0.750000000000001);
#815=CIRCLE('',#10950,0.750000000000001);
#816=CIRCLE('',#10951,0.749999999999993);
#817=CIRCLE('',#10952,0.750000000000002);
#818=CIRCLE('',#10954,3.50000031292439);
#819=CIRCLE('',#10955,3.50000031292439);
#820=CIRCLE('',#10957,3.);
#821=CIRCLE('',#10959,3.);
#822=CIRCLE('',#10962,3.);
#823=CIRCLE('',#10964,0.750000000000002);
#824=CIRCLE('',#10965,0.750000000000002);
#825=CIRCLE('',#10968,0.750000000000004);
#826=CIRCLE('',#10969,0.750000000000004);
#827=CIRCLE('',#10972,0.750000000000002);
#828=CIRCLE('',#10973,0.750000000000002);
#829=CIRCLE('',#10976,0.750000000000002);
#830=CIRCLE('',#10977,0.750000000000002);
#831=CIRCLE('',#10980,0.750000000000001);
#832=CIRCLE('',#10983,0.750000000000001);
#833=CIRCLE('',#10986,0.749999999999993);
#834=CIRCLE('',#10989,0.750000000000002);
#835=CIRCLE('',#10997,2.4985414683116);
#836=CIRCLE('',#10998,2.4985414683116);
#837=CIRCLE('',#10999,2.49854146831162);
#838=CIRCLE('',#11000,2.49854146831162);
#839=CIRCLE('',#11001,2.5);
#840=CIRCLE('',#11002,2.5);
#841=CIRCLE('',#11003,2.5);
#842=CIRCLE('',#11004,2.5);
#843=CIRCLE('',#11005,2.5);
#844=CIRCLE('',#11006,2.5);
#845=CIRCLE('',#11010,3.50000031292439);
#846=CIRCLE('',#11011,3.50000031292439);
#847=CIRCLE('',#11015,2.75);
#848=CIRCLE('',#11016,2.75);
#849=CIRCLE('',#11018,2.75);
#850=CIRCLE('',#11019,2.75);
#851=CIRCLE('',#11026,2.99999962002039);
#852=CIRCLE('',#11027,2.99999962002039);
#853=CIRCLE('',#11030,2.99999962002039);
#854=CIRCLE('',#11031,2.99999962002039);
#855=CIRCLE('',#11033,1.75);
#856=CIRCLE('',#11034,1.75);
#857=CIRCLE('',#11037,1.75);
#858=CIRCLE('',#11040,1.75);
#859=CIRCLE('',#11052,2.5);
#860=CIRCLE('',#11055,2.5);
#861=CIRCLE('',#11058,2.5);
#862=CIRCLE('',#11061,2.5);
#863=CIRCLE('',#11068,2.5);
#864=CIRCLE('',#11070,2.5);
#865=CIRCLE('',#11072,2.49854146831162);
#866=CIRCLE('',#11074,2.4985414683116);
#867=CIRCLE('',#11077,0.750000000000002);
#868=CIRCLE('',#11078,0.750000000000002);
#869=CIRCLE('',#11081,2.5);
#870=CIRCLE('',#11082,2.5);
#871=CIRCLE('',#11086,0.75);
#872=CIRCLE('',#11087,0.75);
#873=CIRCLE('',#11090,2.49854146831162);
#874=CIRCLE('',#11091,2.49854146831162);
#875=CIRCLE('',#11095,0.750000000000002);
#876=CIRCLE('',#11096,0.750000000000002);
#877=CIRCLE('',#11099,2.5);
#878=CIRCLE('',#11100,2.5);
#879=CIRCLE('',#11104,0.749999999999993);
#880=CIRCLE('',#11105,0.749999999999993);
#881=CIRCLE('',#11108,2.4985414683116);
#882=CIRCLE('',#11109,2.4985414683116);
#883=CIRCLE('',#11117,0.750000000000002);
#884=CIRCLE('',#11122,0.750000000000001);
#885=CIRCLE('',#11127,0.749999999999993);
#886=CIRCLE('',#11131,0.750000000000001);
#887=CIRCLE('',#11133,1.00000000000001);
#888=CIRCLE('',#11134,1.);
#889=CIRCLE('',#11136,0.999999999999996);
#890=CIRCLE('',#11137,2.00000000000002);
#891=CIRCLE('',#11138,3.00000000000003);
#892=CIRCLE('',#11140,0.999999999999996);
#893=CIRCLE('',#11142,0.999999999999996);
#894=CIRCLE('',#11143,2.00000000000004);
#895=CIRCLE('',#11144,3.00000000000004);
#896=CIRCLE('',#11146,0.999999999999996);
#897=CIRCLE('',#11148,1.);
#898=CIRCLE('',#11149,1.99999999999998);
#899=CIRCLE('',#11150,2.99999999999998);
#900=CIRCLE('',#11152,1.);
#901=CIRCLE('',#11154,2.);
#902=CIRCLE('',#11155,3.);
#903=CIRCLE('',#11157,3.00000000000004);
#904=CIRCLE('',#11160,3.00000000000002);
#905=CIRCLE('',#11163,15.);
#906=CIRCLE('',#11164,15.);
#907=CIRCLE('',#11166,0.750000000000002);
#908=CIRCLE('',#11168,0.750000000000002);
#909=CIRCLE('',#11170,0.750000000000002);
#910=CIRCLE('',#11172,0.750000000000002);
#911=CIRCLE('',#11174,0.750000000000002);
#912=CIRCLE('',#11176,0.750000000000002);
#913=CIRCLE('',#11178,0.750000000000002);
#914=CIRCLE('',#11180,0.750000000000002);
#915=CIRCLE('',#11183,3.99999938905239);
#916=CIRCLE('',#11184,3.99999938905239);
#917=CIRCLE('',#11187,3.99999938905239);
#918=CIRCLE('',#11188,3.99999938905239);
#919=CIRCLE('',#11190,0.750000000000002);
#920=CIRCLE('',#11192,2.5);
#921=CIRCLE('',#11193,2.5);
#922=CIRCLE('',#11195,15.);
#923=CIRCLE('',#11197,0.750000000000002);
#924=CIRCLE('',#11199,2.5);
#925=CIRCLE('',#11200,2.5);
#926=CIRCLE('',#11202,15.);
#927=CIRCLE('',#11204,0.750000000000002);
#928=CIRCLE('',#11206,2.5);
#929=CIRCLE('',#11207,2.5);
#930=CIRCLE('',#11209,15.);
#931=CIRCLE('',#11211,0.750000000000002);
#932=CIRCLE('',#11213,2.5);
#933=CIRCLE('',#11214,2.5);
#934=CIRCLE('',#11216,15.);
#935=CIRCLE('',#11218,0.750000000000002);
#936=CIRCLE('',#11220,2.50000000000001);
#937=CIRCLE('',#11221,2.50000000000001);
#938=CIRCLE('',#11223,15.);
#939=CIRCLE('',#11225,0.750000000000002);
#940=CIRCLE('',#11227,2.5);
#941=CIRCLE('',#11228,2.5);
#942=CIRCLE('',#11230,15.);
#943=CIRCLE('',#11232,0.750000000000002);
#944=CIRCLE('',#11234,2.5);
#945=CIRCLE('',#11235,2.5);
#946=CIRCLE('',#11237,15.);
#947=CIRCLE('',#11239,0.750000000000002);
#948=CIRCLE('',#11241,2.5);
#949=CIRCLE('',#11242,2.5);
#950=CIRCLE('',#11244,15.);
#951=CIRCLE('',#11246,3.);
#952=CIRCLE('',#11247,2.99999999999998);
#953=CIRCLE('',#11248,0.750000000000001);
#954=CIRCLE('',#11249,0.750000000000002);
#955=CIRCLE('',#11250,0.749999999999993);
#956=CIRCLE('',#11251,0.750000000000001);
#957=CIRCLE('',#11273,15.);
#958=CIRCLE('',#11274,15.);
#959=CIRCLE('',#11275,15.);
#960=CIRCLE('',#11276,15.);
#961=CIRCLE('',#11277,15.);
#962=CIRCLE('',#11279,15.);
#963=CIRCLE('',#11280,15.);
#964=CIRCLE('',#11281,15.);
#965=CIRCLE('',#11282,15.);
#966=CIRCLE('',#11283,15.);
#967=CIRCLE('',#11287,10.5);
#968=CIRCLE('',#11288,10.5);
#969=CIRCLE('',#11290,1.);
#970=CIRCLE('',#11291,1.);
#971=CIRCLE('',#11292,4.00000005960464);
#972=CIRCLE('',#11293,1.);
#973=CIRCLE('',#11294,1.);
#974=CIRCLE('',#11296,1.);
#975=CIRCLE('',#11298,1.);
#976=CIRCLE('',#11300,1.);
#977=CIRCLE('',#11302,4.00000005960464);
#978=CIRCLE('',#11304,1.);
#979=CIRCLE('',#11306,15.0000001117587);
#980=CIRCLE('',#11307,15.0000002235174);
#981=CIRCLE('',#11310,15.0000001117587);
#982=CIRCLE('',#11312,0.999999999999999);
#983=CIRCLE('',#11315,4.5);
#984=CIRCLE('',#11318,1.);
#985=CIRCLE('',#11322,0.999999999999999);
#986=CIRCLE('',#11324,1.);
#987=CIRCLE('',#11329,0.999999999999999);
#988=CIRCLE('',#11331,0.999999999999999);
#989=CIRCLE('',#11339,1.);
#990=CIRCLE('',#11341,1.);
#991=CIRCLE('',#11346,4.5);
#992=CIRCLE('',#11349,15.0000002235174);
#993=CIRCLE('',#11353,1.5);
#994=CIRCLE('',#11354,1.5);
#995=CIRCLE('',#11356,2.5);
#996=CIRCLE('',#11357,2.5);
#997=CIRCLE('',#11361,1.5);
#998=CIRCLE('',#11362,1.5);
#999=CIRCLE('',#11364,2.5);
#1000=CIRCLE('',#11365,2.5);
#1001=CIRCLE('',#11369,1.5);
#1002=CIRCLE('',#11370,1.5);
#1003=CIRCLE('',#11372,2.5);
#1004=CIRCLE('',#11373,2.5);
#1005=CIRCLE('',#11377,1.5);
#1006=CIRCLE('',#11378,1.5);
#1007=CIRCLE('',#11380,2.5);
#1008=CIRCLE('',#11381,2.5);
#1009=CIRCLE('',#11385,1.5);
#1010=CIRCLE('',#11386,1.5);
#1011=CIRCLE('',#11388,2.5);
#1012=CIRCLE('',#11389,2.5);
#1013=CIRCLE('',#11393,1.5);
#1014=CIRCLE('',#11394,1.5);
#1015=CIRCLE('',#11396,2.5);
#1016=CIRCLE('',#11397,2.5);
#1017=CIRCLE('',#11401,1.5);
#1018=CIRCLE('',#11402,1.5);
#1019=CIRCLE('',#11404,2.5);
#1020=CIRCLE('',#11405,2.5);
#1021=CIRCLE('',#11409,1.5);
#1022=CIRCLE('',#11410,1.5);
#1023=CIRCLE('',#11412,2.5);
#1024=CIRCLE('',#11413,2.5);
#1025=FACE_OUTER_BOUND('',#1615,.T.);
#1026=FACE_OUTER_BOUND('',#1616,.T.);
#1027=FACE_OUTER_BOUND('',#1617,.T.);
#1028=FACE_OUTER_BOUND('',#1618,.T.);
#1029=FACE_OUTER_BOUND('',#1619,.T.);
#1030=FACE_OUTER_BOUND('',#1620,.T.);
#1031=FACE_OUTER_BOUND('',#1621,.T.);
#1032=FACE_OUTER_BOUND('',#1622,.T.);
#1033=FACE_OUTER_BOUND('',#1623,.T.);
#1034=FACE_OUTER_BOUND('',#1624,.T.);
#1035=FACE_OUTER_BOUND('',#1625,.T.);
#1036=FACE_OUTER_BOUND('',#1626,.T.);
#1037=FACE_OUTER_BOUND('',#1627,.T.);
#1038=FACE_OUTER_BOUND('',#1628,.T.);
#1039=FACE_OUTER_BOUND('',#1629,.T.);
#1040=FACE_OUTER_BOUND('',#1630,.T.);
#1041=FACE_OUTER_BOUND('',#1631,.T.);
#1042=FACE_OUTER_BOUND('',#1632,.T.);
#1043=FACE_OUTER_BOUND('',#1633,.T.);
#1044=FACE_OUTER_BOUND('',#1634,.T.);
#1045=FACE_OUTER_BOUND('',#1635,.T.);
#1046=FACE_OUTER_BOUND('',#1636,.T.);
#1047=FACE_OUTER_BOUND('',#1638,.T.);
#1048=FACE_OUTER_BOUND('',#1639,.T.);
#1049=FACE_OUTER_BOUND('',#1641,.T.);
#1050=FACE_OUTER_BOUND('',#1642,.T.);
#1051=FACE_OUTER_BOUND('',#1643,.T.);
#1052=FACE_OUTER_BOUND('',#1644,.T.);
#1053=FACE_OUTER_BOUND('',#1645,.T.);
#1054=FACE_OUTER_BOUND('',#1646,.T.);
#1055=FACE_OUTER_BOUND('',#1647,.T.);
#1056=FACE_OUTER_BOUND('',#1653,.T.);
#1057=FACE_OUTER_BOUND('',#1654,.T.);
#1058=FACE_OUTER_BOUND('',#1655,.T.);
#1059=FACE_OUTER_BOUND('',#1657,.T.);
#1060=FACE_OUTER_BOUND('',#1662,.T.);
#1061=FACE_OUTER_BOUND('',#1663,.T.);
#1062=FACE_OUTER_BOUND('',#1664,.T.);
#1063=FACE_OUTER_BOUND('',#1665,.T.);
#1064=FACE_OUTER_BOUND('',#1667,.T.);
#1065=FACE_OUTER_BOUND('',#1670,.T.);
#1066=FACE_OUTER_BOUND('',#1671,.T.);
#1067=FACE_OUTER_BOUND('',#1672,.T.);
#1068=FACE_OUTER_BOUND('',#1673,.T.);
#1069=FACE_OUTER_BOUND('',#1674,.T.);
#1070=FACE_OUTER_BOUND('',#1675,.T.);
#1071=FACE_OUTER_BOUND('',#1677,.T.);
#1072=FACE_OUTER_BOUND('',#1678,.T.);
#1073=FACE_OUTER_BOUND('',#1679,.T.);
#1074=FACE_OUTER_BOUND('',#1680,.T.);
#1075=FACE_OUTER_BOUND('',#1681,.T.);
#1076=FACE_OUTER_BOUND('',#1682,.T.);
#1077=FACE_OUTER_BOUND('',#1683,.T.);
#1078=FACE_OUTER_BOUND('',#1684,.T.);
#1079=FACE_OUTER_BOUND('',#1685,.T.);
#1080=FACE_OUTER_BOUND('',#1686,.T.);
#1081=FACE_OUTER_BOUND('',#1687,.T.);
#1082=FACE_OUTER_BOUND('',#1688,.T.);
#1083=FACE_OUTER_BOUND('',#1689,.T.);
#1084=FACE_OUTER_BOUND('',#1690,.T.);
#1085=FACE_OUTER_BOUND('',#1691,.T.);
#1086=FACE_OUTER_BOUND('',#1692,.T.);
#1087=FACE_OUTER_BOUND('',#1693,.T.);
#1088=FACE_OUTER_BOUND('',#1694,.T.);
#1089=FACE_OUTER_BOUND('',#1695,.T.);
#1090=FACE_OUTER_BOUND('',#1696,.T.);
#1091=FACE_OUTER_BOUND('',#1698,.T.);
#1092=FACE_OUTER_BOUND('',#1699,.T.);
#1093=FACE_OUTER_BOUND('',#1700,.T.);
#1094=FACE_OUTER_BOUND('',#1701,.T.);
#1095=FACE_OUTER_BOUND('',#1704,.T.);
#1096=FACE_OUTER_BOUND('',#1707,.T.);
#1097=FACE_OUTER_BOUND('',#1708,.T.);
#1098=FACE_OUTER_BOUND('',#1709,.T.);
#1099=FACE_OUTER_BOUND('',#1710,.T.);
#1100=FACE_OUTER_BOUND('',#1711,.T.);
#1101=FACE_OUTER_BOUND('',#1712,.T.);
#1102=FACE_OUTER_BOUND('',#1713,.T.);
#1103=FACE_OUTER_BOUND('',#1714,.T.);
#1104=FACE_OUTER_BOUND('',#1715,.T.);
#1105=FACE_OUTER_BOUND('',#1716,.T.);
#1106=FACE_OUTER_BOUND('',#1717,.T.);
#1107=FACE_OUTER_BOUND('',#1718,.T.);
#1108=FACE_OUTER_BOUND('',#1719,.T.);
#1109=FACE_OUTER_BOUND('',#1720,.T.);
#1110=FACE_OUTER_BOUND('',#1721,.T.);
#1111=FACE_OUTER_BOUND('',#1724,.T.);
#1112=FACE_OUTER_BOUND('',#1726,.T.);
#1113=FACE_OUTER_BOUND('',#1727,.T.);
#1114=FACE_OUTER_BOUND('',#1728,.T.);
#1115=FACE_OUTER_BOUND('',#1730,.T.);
#1116=FACE_OUTER_BOUND('',#1731,.T.);
#1117=FACE_OUTER_BOUND('',#1732,.T.);
#1118=FACE_OUTER_BOUND('',#1733,.T.);
#1119=FACE_OUTER_BOUND('',#1735,.T.);
#1120=FACE_OUTER_BOUND('',#1736,.T.);
#1121=FACE_OUTER_BOUND('',#1737,.T.);
#1122=FACE_OUTER_BOUND('',#1738,.T.);
#1123=FACE_OUTER_BOUND('',#1739,.T.);
#1124=FACE_OUTER_BOUND('',#1740,.T.);
#1125=FACE_OUTER_BOUND('',#1741,.T.);
#1126=FACE_OUTER_BOUND('',#1742,.T.);
#1127=FACE_OUTER_BOUND('',#1743,.T.);
#1128=FACE_OUTER_BOUND('',#1744,.T.);
#1129=FACE_OUTER_BOUND('',#1747,.T.);
#1130=FACE_OUTER_BOUND('',#1748,.T.);
#1131=FACE_OUTER_BOUND('',#1749,.T.);
#1132=FACE_OUTER_BOUND('',#1750,.T.);
#1133=FACE_OUTER_BOUND('',#1751,.T.);
#1134=FACE_OUTER_BOUND('',#1752,.T.);
#1135=FACE_OUTER_BOUND('',#1753,.T.);
#1136=FACE_OUTER_BOUND('',#1754,.T.);
#1137=FACE_OUTER_BOUND('',#1755,.T.);
#1138=FACE_OUTER_BOUND('',#1756,.T.);
#1139=FACE_OUTER_BOUND('',#1759,.T.);
#1140=FACE_OUTER_BOUND('',#1760,.T.);
#1141=FACE_OUTER_BOUND('',#1761,.T.);
#1142=FACE_OUTER_BOUND('',#1762,.T.);
#1143=FACE_OUTER_BOUND('',#1764,.T.);
#1144=FACE_OUTER_BOUND('',#1765,.T.);
#1145=FACE_OUTER_BOUND('',#1766,.T.);
#1146=FACE_OUTER_BOUND('',#1767,.T.);
#1147=FACE_OUTER_BOUND('',#1768,.T.);
#1148=FACE_OUTER_BOUND('',#1770,.T.);
#1149=FACE_OUTER_BOUND('',#1771,.T.);
#1150=FACE_OUTER_BOUND('',#1772,.T.);
#1151=FACE_OUTER_BOUND('',#1773,.T.);
#1152=FACE_OUTER_BOUND('',#1774,.T.);
#1153=FACE_OUTER_BOUND('',#1779,.T.);
#1154=FACE_OUTER_BOUND('',#1785,.T.);
#1155=FACE_OUTER_BOUND('',#1791,.T.);
#1156=FACE_OUTER_BOUND('',#1792,.T.);
#1157=FACE_OUTER_BOUND('',#1793,.T.);
#1158=FACE_OUTER_BOUND('',#1794,.T.);
#1159=FACE_OUTER_BOUND('',#1795,.T.);
#1160=FACE_OUTER_BOUND('',#1796,.T.);
#1161=FACE_OUTER_BOUND('',#1797,.T.);
#1162=FACE_OUTER_BOUND('',#1798,.T.);
#1163=FACE_OUTER_BOUND('',#1799,.T.);
#1164=FACE_OUTER_BOUND('',#1800,.T.);
#1165=FACE_OUTER_BOUND('',#1801,.T.);
#1166=FACE_OUTER_BOUND('',#1802,.T.);
#1167=FACE_OUTER_BOUND('',#1803,.T.);
#1168=FACE_OUTER_BOUND('',#1804,.T.);
#1169=FACE_OUTER_BOUND('',#1805,.T.);
#1170=FACE_OUTER_BOUND('',#1806,.T.);
#1171=FACE_OUTER_BOUND('',#1807,.T.);
#1172=FACE_OUTER_BOUND('',#1808,.T.);
#1173=FACE_OUTER_BOUND('',#1809,.T.);
#1174=FACE_OUTER_BOUND('',#1810,.T.);
#1175=FACE_OUTER_BOUND('',#1811,.T.);
#1176=FACE_OUTER_BOUND('',#1812,.T.);
#1177=FACE_OUTER_BOUND('',#1814,.T.);
#1178=FACE_OUTER_BOUND('',#1818,.T.);
#1179=FACE_OUTER_BOUND('',#1819,.T.);
#1180=FACE_OUTER_BOUND('',#1820,.T.);
#1181=FACE_OUTER_BOUND('',#1821,.T.);
#1182=FACE_OUTER_BOUND('',#1822,.T.);
#1183=FACE_OUTER_BOUND('',#1823,.T.);
#1184=FACE_OUTER_BOUND('',#1824,.T.);
#1185=FACE_OUTER_BOUND('',#1825,.T.);
#1186=FACE_OUTER_BOUND('',#1826,.T.);
#1187=FACE_OUTER_BOUND('',#1827,.T.);
#1188=FACE_OUTER_BOUND('',#1828,.T.);
#1189=FACE_OUTER_BOUND('',#1829,.T.);
#1190=FACE_OUTER_BOUND('',#1831,.T.);
#1191=FACE_OUTER_BOUND('',#1832,.T.);
#1192=FACE_OUTER_BOUND('',#1833,.T.);
#1193=FACE_OUTER_BOUND('',#1835,.T.);
#1194=FACE_OUTER_BOUND('',#1836,.T.);
#1195=FACE_OUTER_BOUND('',#1837,.T.);
#1196=FACE_OUTER_BOUND('',#1838,.T.);
#1197=FACE_OUTER_BOUND('',#1839,.T.);
#1198=FACE_OUTER_BOUND('',#1840,.T.);
#1199=FACE_OUTER_BOUND('',#1841,.T.);
#1200=FACE_OUTER_BOUND('',#1842,.T.);
#1201=FACE_OUTER_BOUND('',#1843,.T.);
#1202=FACE_OUTER_BOUND('',#1845,.T.);
#1203=FACE_OUTER_BOUND('',#1846,.T.);
#1204=FACE_OUTER_BOUND('',#1847,.T.);
#1205=FACE_OUTER_BOUND('',#1848,.T.);
#1206=FACE_OUTER_BOUND('',#1850,.T.);
#1207=FACE_OUTER_BOUND('',#1852,.T.);
#1208=FACE_OUTER_BOUND('',#1853,.T.);
#1209=FACE_OUTER_BOUND('',#1855,.T.);
#1210=FACE_OUTER_BOUND('',#1856,.T.);
#1211=FACE_OUTER_BOUND('',#1857,.T.);
#1212=FACE_OUTER_BOUND('',#1858,.T.);
#1213=FACE_OUTER_BOUND('',#1859,.T.);
#1214=FACE_OUTER_BOUND('',#1860,.T.);
#1215=FACE_OUTER_BOUND('',#1861,.T.);
#1216=FACE_OUTER_BOUND('',#1862,.T.);
#1217=FACE_OUTER_BOUND('',#1863,.T.);
#1218=FACE_OUTER_BOUND('',#1864,.T.);
#1219=FACE_OUTER_BOUND('',#1865,.T.);
#1220=FACE_OUTER_BOUND('',#1866,.T.);
#1221=FACE_OUTER_BOUND('',#1867,.T.);
#1222=FACE_OUTER_BOUND('',#1868,.T.);
#1223=FACE_OUTER_BOUND('',#1869,.T.);
#1224=FACE_OUTER_BOUND('',#1873,.T.);
#1225=FACE_OUTER_BOUND('',#1874,.T.);
#1226=FACE_OUTER_BOUND('',#1876,.T.);
#1227=FACE_OUTER_BOUND('',#1878,.T.);
#1228=FACE_OUTER_BOUND('',#1879,.T.);
#1229=FACE_OUTER_BOUND('',#1880,.T.);
#1230=FACE_OUTER_BOUND('',#1881,.T.);
#1231=FACE_OUTER_BOUND('',#1882,.T.);
#1232=FACE_OUTER_BOUND('',#1883,.T.);
#1233=FACE_OUTER_BOUND('',#1884,.T.);
#1234=FACE_OUTER_BOUND('',#1885,.T.);
#1235=FACE_OUTER_BOUND('',#1886,.T.);
#1236=FACE_OUTER_BOUND('',#1887,.T.);
#1237=FACE_OUTER_BOUND('',#1888,.T.);
#1238=FACE_OUTER_BOUND('',#1889,.T.);
#1239=FACE_OUTER_BOUND('',#1891,.T.);
#1240=FACE_OUTER_BOUND('',#1892,.T.);
#1241=FACE_OUTER_BOUND('',#1893,.T.);
#1242=FACE_OUTER_BOUND('',#1894,.T.);
#1243=FACE_OUTER_BOUND('',#1896,.T.);
#1244=FACE_OUTER_BOUND('',#1897,.T.);
#1245=FACE_OUTER_BOUND('',#1898,.T.);
#1246=FACE_OUTER_BOUND('',#1899,.T.);
#1247=FACE_OUTER_BOUND('',#1901,.T.);
#1248=FACE_OUTER_BOUND('',#1902,.T.);
#1249=FACE_OUTER_BOUND('',#1903,.T.);
#1250=FACE_OUTER_BOUND('',#1904,.T.);
#1251=FACE_OUTER_BOUND('',#1906,.T.);
#1252=FACE_OUTER_BOUND('',#1907,.T.);
#1253=FACE_OUTER_BOUND('',#1908,.T.);
#1254=FACE_OUTER_BOUND('',#1909,.T.);
#1255=FACE_OUTER_BOUND('',#1911,.T.);
#1256=FACE_OUTER_BOUND('',#1912,.T.);
#1257=FACE_OUTER_BOUND('',#1913,.T.);
#1258=FACE_OUTER_BOUND('',#1914,.T.);
#1259=FACE_OUTER_BOUND('',#1916,.T.);
#1260=FACE_OUTER_BOUND('',#1917,.T.);
#1261=FACE_OUTER_BOUND('',#1918,.T.);
#1262=FACE_OUTER_BOUND('',#1919,.T.);
#1263=FACE_OUTER_BOUND('',#1921,.T.);
#1264=FACE_OUTER_BOUND('',#1922,.T.);
#1265=FACE_OUTER_BOUND('',#1923,.T.);
#1266=FACE_OUTER_BOUND('',#1924,.T.);
#1267=FACE_OUTER_BOUND('',#1926,.T.);
#1268=FACE_OUTER_BOUND('',#1927,.T.);
#1269=FACE_OUTER_BOUND('',#1928,.T.);
#1270=FACE_OUTER_BOUND('',#1929,.T.);
#1271=FACE_OUTER_BOUND('',#1930,.T.);
#1272=FACE_OUTER_BOUND('',#1931,.T.);
#1273=FACE_OUTER_BOUND('',#1932,.T.);
#1274=FACE_OUTER_BOUND('',#1933,.T.);
#1275=FACE_OUTER_BOUND('',#1934,.T.);
#1276=FACE_OUTER_BOUND('',#1935,.T.);
#1277=FACE_OUTER_BOUND('',#1936,.T.);
#1278=FACE_OUTER_BOUND('',#1937,.T.);
#1279=FACE_OUTER_BOUND('',#1938,.T.);
#1280=FACE_OUTER_BOUND('',#1939,.T.);
#1281=FACE_OUTER_BOUND('',#1940,.T.);
#1282=FACE_OUTER_BOUND('',#1942,.T.);
#1283=FACE_OUTER_BOUND('',#1943,.T.);
#1284=FACE_OUTER_BOUND('',#1944,.T.);
#1285=FACE_OUTER_BOUND('',#1945,.T.);
#1286=FACE_OUTER_BOUND('',#1946,.T.);
#1287=FACE_OUTER_BOUND('',#1947,.T.);
#1288=FACE_OUTER_BOUND('',#1948,.T.);
#1289=FACE_OUTER_BOUND('',#1949,.T.);
#1290=FACE_OUTER_BOUND('',#1950,.T.);
#1291=FACE_OUTER_BOUND('',#1956,.T.);
#1292=FACE_OUTER_BOUND('',#1965,.T.);
#1293=FACE_OUTER_BOUND('',#1966,.T.);
#1294=FACE_OUTER_BOUND('',#1967,.T.);
#1295=FACE_OUTER_BOUND('',#1968,.T.);
#1296=FACE_OUTER_BOUND('',#1969,.T.);
#1297=FACE_OUTER_BOUND('',#1973,.T.);
#1298=FACE_OUTER_BOUND('',#1974,.T.);
#1299=FACE_OUTER_BOUND('',#1975,.T.);
#1300=FACE_OUTER_BOUND('',#1976,.T.);
#1301=FACE_OUTER_BOUND('',#1977,.T.);
#1302=FACE_OUTER_BOUND('',#1978,.T.);
#1303=FACE_OUTER_BOUND('',#1979,.T.);
#1304=FACE_OUTER_BOUND('',#1980,.T.);
#1305=FACE_OUTER_BOUND('',#1981,.T.);
#1306=FACE_OUTER_BOUND('',#1982,.T.);
#1307=FACE_OUTER_BOUND('',#1986,.T.);
#1308=FACE_OUTER_BOUND('',#1987,.T.);
#1309=FACE_OUTER_BOUND('',#1988,.T.);
#1310=FACE_OUTER_BOUND('',#1989,.T.);
#1311=FACE_OUTER_BOUND('',#1996,.T.);
#1312=FACE_OUTER_BOUND('',#1997,.T.);
#1313=FACE_OUTER_BOUND('',#1998,.T.);
#1314=FACE_OUTER_BOUND('',#1999,.T.);
#1315=FACE_OUTER_BOUND('',#2000,.T.);
#1316=FACE_OUTER_BOUND('',#2001,.T.);
#1317=FACE_OUTER_BOUND('',#2002,.T.);
#1318=FACE_OUTER_BOUND('',#2003,.T.);
#1319=FACE_OUTER_BOUND('',#2004,.T.);
#1320=FACE_OUTER_BOUND('',#2005,.T.);
#1321=FACE_OUTER_BOUND('',#2006,.T.);
#1322=FACE_OUTER_BOUND('',#2007,.T.);
#1323=FACE_OUTER_BOUND('',#2008,.T.);
#1324=FACE_OUTER_BOUND('',#2009,.T.);
#1325=FACE_OUTER_BOUND('',#2010,.T.);
#1326=FACE_OUTER_BOUND('',#2011,.T.);
#1327=FACE_OUTER_BOUND('',#2012,.T.);
#1328=FACE_OUTER_BOUND('',#2013,.T.);
#1329=FACE_OUTER_BOUND('',#2014,.T.);
#1330=FACE_OUTER_BOUND('',#2015,.T.);
#1331=FACE_OUTER_BOUND('',#2016,.T.);
#1332=FACE_OUTER_BOUND('',#2017,.T.);
#1333=FACE_OUTER_BOUND('',#2018,.T.);
#1334=FACE_OUTER_BOUND('',#2019,.T.);
#1335=FACE_OUTER_BOUND('',#2020,.T.);
#1336=FACE_OUTER_BOUND('',#2021,.T.);
#1337=FACE_OUTER_BOUND('',#2022,.T.);
#1338=FACE_OUTER_BOUND('',#2023,.T.);
#1339=FACE_OUTER_BOUND('',#2024,.T.);
#1340=FACE_OUTER_BOUND('',#2025,.T.);
#1341=FACE_OUTER_BOUND('',#2026,.T.);
#1342=FACE_OUTER_BOUND('',#2033,.T.);
#1343=FACE_OUTER_BOUND('',#2034,.T.);
#1344=FACE_OUTER_BOUND('',#2035,.T.);
#1345=FACE_OUTER_BOUND('',#2036,.T.);
#1346=FACE_OUTER_BOUND('',#2037,.T.);
#1347=FACE_OUTER_BOUND('',#2038,.T.);
#1348=FACE_OUTER_BOUND('',#2039,.T.);
#1349=FACE_OUTER_BOUND('',#2040,.T.);
#1350=FACE_OUTER_BOUND('',#2041,.T.);
#1351=FACE_OUTER_BOUND('',#2042,.T.);
#1352=FACE_OUTER_BOUND('',#2043,.T.);
#1353=FACE_OUTER_BOUND('',#2044,.T.);
#1354=FACE_OUTER_BOUND('',#2045,.T.);
#1355=FACE_OUTER_BOUND('',#2046,.T.);
#1356=FACE_OUTER_BOUND('',#2047,.T.);
#1357=FACE_OUTER_BOUND('',#2048,.T.);
#1358=FACE_OUTER_BOUND('',#2049,.T.);
#1359=FACE_OUTER_BOUND('',#2050,.T.);
#1360=FACE_OUTER_BOUND('',#2051,.T.);
#1361=FACE_OUTER_BOUND('',#2052,.T.);
#1362=FACE_OUTER_BOUND('',#2053,.T.);
#1363=FACE_OUTER_BOUND('',#2059,.T.);
#1364=FACE_OUTER_BOUND('',#2061,.T.);
#1365=FACE_OUTER_BOUND('',#2062,.T.);
#1366=FACE_OUTER_BOUND('',#2063,.T.);
#1367=FACE_OUTER_BOUND('',#2064,.T.);
#1368=FACE_OUTER_BOUND('',#2065,.T.);
#1369=FACE_OUTER_BOUND('',#2066,.T.);
#1370=FACE_OUTER_BOUND('',#2067,.T.);
#1371=FACE_OUTER_BOUND('',#2068,.T.);
#1372=FACE_OUTER_BOUND('',#2069,.T.);
#1373=FACE_OUTER_BOUND('',#2070,.T.);
#1374=FACE_OUTER_BOUND('',#2071,.T.);
#1375=FACE_OUTER_BOUND('',#2072,.T.);
#1376=FACE_OUTER_BOUND('',#2073,.T.);
#1377=FACE_OUTER_BOUND('',#2074,.T.);
#1378=FACE_OUTER_BOUND('',#2075,.T.);
#1379=FACE_OUTER_BOUND('',#2076,.T.);
#1380=FACE_OUTER_BOUND('',#2077,.T.);
#1381=FACE_OUTER_BOUND('',#2078,.T.);
#1382=FACE_OUTER_BOUND('',#2079,.T.);
#1383=FACE_OUTER_BOUND('',#2080,.T.);
#1384=FACE_OUTER_BOUND('',#2081,.T.);
#1385=FACE_OUTER_BOUND('',#2082,.T.);
#1386=FACE_OUTER_BOUND('',#2083,.T.);
#1387=FACE_OUTER_BOUND('',#2084,.T.);
#1388=FACE_OUTER_BOUND('',#2085,.T.);
#1389=FACE_OUTER_BOUND('',#2086,.T.);
#1390=FACE_OUTER_BOUND('',#2095,.T.);
#1391=FACE_OUTER_BOUND('',#2096,.T.);
#1392=FACE_OUTER_BOUND('',#2097,.T.);
#1393=FACE_OUTER_BOUND('',#2099,.T.);
#1394=FACE_OUTER_BOUND('',#2100,.T.);
#1395=FACE_OUTER_BOUND('',#2101,.T.);
#1396=FACE_OUTER_BOUND('',#2102,.T.);
#1397=FACE_OUTER_BOUND('',#2103,.T.);
#1398=FACE_OUTER_BOUND('',#2104,.T.);
#1399=FACE_OUTER_BOUND('',#2105,.T.);
#1400=FACE_OUTER_BOUND('',#2106,.T.);
#1401=FACE_OUTER_BOUND('',#2107,.T.);
#1402=FACE_OUTER_BOUND('',#2108,.T.);
#1403=FACE_OUTER_BOUND('',#2109,.T.);
#1404=FACE_OUTER_BOUND('',#2110,.T.);
#1405=FACE_OUTER_BOUND('',#2111,.T.);
#1406=FACE_OUTER_BOUND('',#2113,.T.);
#1407=FACE_OUTER_BOUND('',#2114,.T.);
#1408=FACE_OUTER_BOUND('',#2115,.T.);
#1409=FACE_OUTER_BOUND('',#2116,.T.);
#1410=FACE_OUTER_BOUND('',#2117,.T.);
#1411=FACE_OUTER_BOUND('',#2118,.T.);
#1412=FACE_OUTER_BOUND('',#2119,.T.);
#1413=FACE_OUTER_BOUND('',#2120,.T.);
#1414=FACE_OUTER_BOUND('',#2121,.T.);
#1415=FACE_OUTER_BOUND('',#2122,.T.);
#1416=FACE_OUTER_BOUND('',#2123,.T.);
#1417=FACE_OUTER_BOUND('',#2124,.T.);
#1418=FACE_OUTER_BOUND('',#2125,.T.);
#1419=FACE_OUTER_BOUND('',#2126,.T.);
#1420=FACE_OUTER_BOUND('',#2127,.T.);
#1421=FACE_OUTER_BOUND('',#2128,.T.);
#1422=FACE_OUTER_BOUND('',#2130,.T.);
#1423=FACE_OUTER_BOUND('',#2131,.T.);
#1424=FACE_OUTER_BOUND('',#2133,.T.);
#1425=FACE_OUTER_BOUND('',#2134,.T.);
#1426=FACE_OUTER_BOUND('',#2136,.T.);
#1427=FACE_OUTER_BOUND('',#2137,.T.);
#1428=FACE_OUTER_BOUND('',#2139,.T.);
#1429=FACE_OUTER_BOUND('',#2143,.T.);
#1430=FACE_OUTER_BOUND('',#2144,.T.);
#1431=FACE_OUTER_BOUND('',#2145,.T.);
#1432=FACE_OUTER_BOUND('',#2149,.T.);
#1433=FACE_OUTER_BOUND('',#2150,.T.);
#1434=FACE_OUTER_BOUND('',#2151,.T.);
#1435=FACE_OUTER_BOUND('',#2152,.T.);
#1436=FACE_OUTER_BOUND('',#2153,.T.);
#1437=FACE_OUTER_BOUND('',#2158,.T.);
#1438=FACE_OUTER_BOUND('',#2159,.T.);
#1439=FACE_OUTER_BOUND('',#2160,.T.);
#1440=FACE_OUTER_BOUND('',#2161,.T.);
#1441=FACE_OUTER_BOUND('',#2163,.T.);
#1442=FACE_OUTER_BOUND('',#2164,.T.);
#1443=FACE_OUTER_BOUND('',#2165,.T.);
#1444=FACE_OUTER_BOUND('',#2166,.T.);
#1445=FACE_OUTER_BOUND('',#2167,.T.);
#1446=FACE_OUTER_BOUND('',#2169,.T.);
#1447=FACE_OUTER_BOUND('',#2170,.T.);
#1448=FACE_OUTER_BOUND('',#2171,.T.);
#1449=FACE_OUTER_BOUND('',#2172,.T.);
#1450=FACE_OUTER_BOUND('',#2173,.T.);
#1451=FACE_OUTER_BOUND('',#2175,.T.);
#1452=FACE_OUTER_BOUND('',#2176,.T.);
#1453=FACE_OUTER_BOUND('',#2177,.T.);
#1454=FACE_OUTER_BOUND('',#2178,.T.);
#1455=FACE_OUTER_BOUND('',#2179,.T.);
#1456=FACE_OUTER_BOUND('',#2181,.T.);
#1457=FACE_OUTER_BOUND('',#2182,.T.);
#1458=FACE_OUTER_BOUND('',#2183,.T.);
#1459=FACE_OUTER_BOUND('',#2184,.T.);
#1460=FACE_OUTER_BOUND('',#2186,.T.);
#1461=FACE_OUTER_BOUND('',#2187,.T.);
#1462=FACE_OUTER_BOUND('',#2188,.T.);
#1463=FACE_OUTER_BOUND('',#2189,.T.);
#1464=FACE_OUTER_BOUND('',#2191,.T.);
#1465=FACE_OUTER_BOUND('',#2192,.T.);
#1466=FACE_OUTER_BOUND('',#2193,.T.);
#1467=FACE_OUTER_BOUND('',#2194,.T.);
#1468=FACE_OUTER_BOUND('',#2196,.T.);
#1469=FACE_OUTER_BOUND('',#2197,.T.);
#1470=FACE_OUTER_BOUND('',#2198,.T.);
#1471=FACE_OUTER_BOUND('',#2200,.T.);
#1472=FACE_OUTER_BOUND('',#2201,.T.);
#1473=FACE_OUTER_BOUND('',#2202,.T.);
#1474=FACE_OUTER_BOUND('',#2203,.T.);
#1475=FACE_OUTER_BOUND('',#2204,.T.);
#1476=FACE_OUTER_BOUND('',#2205,.T.);
#1477=FACE_OUTER_BOUND('',#2206,.T.);
#1478=FACE_OUTER_BOUND('',#2207,.T.);
#1479=FACE_OUTER_BOUND('',#2208,.T.);
#1480=FACE_OUTER_BOUND('',#2209,.T.);
#1481=FACE_OUTER_BOUND('',#2210,.T.);
#1482=FACE_OUTER_BOUND('',#2211,.T.);
#1483=FACE_OUTER_BOUND('',#2212,.T.);
#1484=FACE_OUTER_BOUND('',#2219,.T.);
#1485=FACE_OUTER_BOUND('',#2220,.T.);
#1486=FACE_OUTER_BOUND('',#2221,.T.);
#1487=FACE_OUTER_BOUND('',#2222,.T.);
#1488=FACE_OUTER_BOUND('',#2223,.T.);
#1489=FACE_OUTER_BOUND('',#2224,.T.);
#1490=FACE_OUTER_BOUND('',#2225,.T.);
#1491=FACE_OUTER_BOUND('',#2226,.T.);
#1492=FACE_OUTER_BOUND('',#2227,.T.);
#1493=FACE_OUTER_BOUND('',#2228,.T.);
#1494=FACE_OUTER_BOUND('',#2229,.T.);
#1495=FACE_OUTER_BOUND('',#2230,.T.);
#1496=FACE_OUTER_BOUND('',#2231,.T.);
#1497=FACE_OUTER_BOUND('',#2232,.T.);
#1498=FACE_OUTER_BOUND('',#2233,.T.);
#1499=FACE_OUTER_BOUND('',#2235,.T.);
#1500=FACE_OUTER_BOUND('',#2236,.T.);
#1501=FACE_OUTER_BOUND('',#2237,.T.);
#1502=FACE_OUTER_BOUND('',#2239,.T.);
#1503=FACE_OUTER_BOUND('',#2240,.T.);
#1504=FACE_OUTER_BOUND('',#2241,.T.);
#1505=FACE_OUTER_BOUND('',#2243,.T.);
#1506=FACE_OUTER_BOUND('',#2244,.T.);
#1507=FACE_OUTER_BOUND('',#2245,.T.);
#1508=FACE_OUTER_BOUND('',#2247,.T.);
#1509=FACE_OUTER_BOUND('',#2248,.T.);
#1510=FACE_OUTER_BOUND('',#2249,.T.);
#1511=FACE_OUTER_BOUND('',#2251,.T.);
#1512=FACE_OUTER_BOUND('',#2252,.T.);
#1513=FACE_OUTER_BOUND('',#2253,.T.);
#1514=FACE_OUTER_BOUND('',#2255,.T.);
#1515=FACE_OUTER_BOUND('',#2256,.T.);
#1516=FACE_OUTER_BOUND('',#2257,.T.);
#1517=FACE_OUTER_BOUND('',#2259,.T.);
#1518=FACE_OUTER_BOUND('',#2260,.T.);
#1519=FACE_OUTER_BOUND('',#2261,.T.);
#1520=FACE_OUTER_BOUND('',#2263,.T.);
#1521=FACE_OUTER_BOUND('',#2269,.T.);
#1522=FACE_OUTER_BOUND('',#2270,.T.);
#1523=FACE_OUTER_BOUND('',#2271,.T.);
#1524=FACE_OUTER_BOUND('',#2272,.T.);
#1525=FACE_OUTER_BOUND('',#2273,.T.);
#1526=FACE_OUTER_BOUND('',#2274,.T.);
#1527=FACE_OUTER_BOUND('',#2275,.T.);
#1528=FACE_OUTER_BOUND('',#2276,.T.);
#1529=FACE_OUTER_BOUND('',#2278,.T.);
#1530=FACE_OUTER_BOUND('',#2279,.T.);
#1531=FACE_OUTER_BOUND('',#2280,.T.);
#1532=FACE_OUTER_BOUND('',#2281,.T.);
#1533=FACE_OUTER_BOUND('',#2282,.T.);
#1534=FACE_OUTER_BOUND('',#2283,.T.);
#1535=FACE_OUTER_BOUND('',#2285,.T.);
#1536=FACE_OUTER_BOUND('',#2286,.T.);
#1537=FACE_OUTER_BOUND('',#2287,.T.);
#1538=FACE_OUTER_BOUND('',#2288,.T.);
#1539=FACE_OUTER_BOUND('',#2289,.T.);
#1540=FACE_OUTER_BOUND('',#2290,.T.);
#1541=FACE_OUTER_BOUND('',#2291,.T.);
#1542=FACE_OUTER_BOUND('',#2292,.T.);
#1543=FACE_OUTER_BOUND('',#2293,.T.);
#1544=FACE_OUTER_BOUND('',#2296,.T.);
#1545=FACE_OUTER_BOUND('',#2297,.T.);
#1546=FACE_OUTER_BOUND('',#2303,.T.);
#1547=FACE_OUTER_BOUND('',#2304,.T.);
#1548=FACE_OUTER_BOUND('',#2305,.T.);
#1549=FACE_OUTER_BOUND('',#2306,.T.);
#1550=FACE_OUTER_BOUND('',#2307,.T.);
#1551=FACE_OUTER_BOUND('',#2308,.T.);
#1552=FACE_OUTER_BOUND('',#2315,.T.);
#1553=FACE_OUTER_BOUND('',#2316,.T.);
#1554=FACE_OUTER_BOUND('',#2317,.T.);
#1555=FACE_OUTER_BOUND('',#2318,.T.);
#1556=FACE_OUTER_BOUND('',#2319,.T.);
#1557=FACE_OUTER_BOUND('',#2321,.T.);
#1558=FACE_OUTER_BOUND('',#2322,.T.);
#1559=FACE_OUTER_BOUND('',#2323,.T.);
#1560=FACE_OUTER_BOUND('',#2324,.T.);
#1561=FACE_OUTER_BOUND('',#2325,.T.);
#1562=FACE_OUTER_BOUND('',#2326,.T.);
#1563=FACE_OUTER_BOUND('',#2327,.T.);
#1564=FACE_OUTER_BOUND('',#2328,.T.);
#1565=FACE_OUTER_BOUND('',#2329,.T.);
#1566=FACE_OUTER_BOUND('',#2330,.T.);
#1567=FACE_OUTER_BOUND('',#2331,.T.);
#1568=FACE_OUTER_BOUND('',#2332,.T.);
#1569=FACE_OUTER_BOUND('',#2333,.T.);
#1570=FACE_OUTER_BOUND('',#2334,.T.);
#1571=FACE_OUTER_BOUND('',#2335,.T.);
#1572=FACE_OUTER_BOUND('',#2338,.T.);
#1573=FACE_OUTER_BOUND('',#2339,.T.);
#1574=FACE_OUTER_BOUND('',#2340,.T.);
#1575=FACE_OUTER_BOUND('',#2341,.T.);
#1576=FACE_OUTER_BOUND('',#2342,.T.);
#1577=FACE_OUTER_BOUND('',#2343,.T.);
#1578=FACE_OUTER_BOUND('',#2344,.T.);
#1579=FACE_OUTER_BOUND('',#2347,.T.);
#1580=FACE_OUTER_BOUND('',#2348,.T.);
#1581=FACE_OUTER_BOUND('',#2349,.T.);
#1582=FACE_OUTER_BOUND('',#2350,.T.);
#1583=FACE_OUTER_BOUND('',#2353,.T.);
#1584=FACE_OUTER_BOUND('',#2354,.T.);
#1585=FACE_OUTER_BOUND('',#2355,.T.);
#1586=FACE_OUTER_BOUND('',#2357,.T.);
#1587=FACE_OUTER_BOUND('',#2359,.T.);
#1588=FACE_OUTER_BOUND('',#2360,.T.);
#1589=FACE_OUTER_BOUND('',#2361,.T.);
#1590=FACE_OUTER_BOUND('',#2363,.T.);
#1591=FACE_OUTER_BOUND('',#2365,.T.);
#1592=FACE_OUTER_BOUND('',#2366,.T.);
#1593=FACE_OUTER_BOUND('',#2367,.T.);
#1594=FACE_OUTER_BOUND('',#2369,.T.);
#1595=FACE_OUTER_BOUND('',#2371,.T.);
#1596=FACE_OUTER_BOUND('',#2372,.T.);
#1597=FACE_OUTER_BOUND('',#2373,.T.);
#1598=FACE_OUTER_BOUND('',#2375,.T.);
#1599=FACE_OUTER_BOUND('',#2377,.T.);
#1600=FACE_OUTER_BOUND('',#2378,.T.);
#1601=FACE_OUTER_BOUND('',#2379,.T.);
#1602=FACE_OUTER_BOUND('',#2381,.T.);
#1603=FACE_OUTER_BOUND('',#2383,.T.);
#1604=FACE_OUTER_BOUND('',#2384,.T.);
#1605=FACE_OUTER_BOUND('',#2385,.T.);
#1606=FACE_OUTER_BOUND('',#2387,.T.);
#1607=FACE_OUTER_BOUND('',#2389,.T.);
#1608=FACE_OUTER_BOUND('',#2390,.T.);
#1609=FACE_OUTER_BOUND('',#2391,.T.);
#1610=FACE_OUTER_BOUND('',#2393,.T.);
#1611=FACE_OUTER_BOUND('',#2395,.T.);
#1612=FACE_OUTER_BOUND('',#2396,.T.);
#1613=FACE_OUTER_BOUND('',#2397,.T.);
#1614=FACE_OUTER_BOUND('',#2399,.T.);
#1615=EDGE_LOOP('',(#6459,#6460,#6461,#6462));
#1616=EDGE_LOOP('',(#6463,#6464,#6465,#6466));
#1617=EDGE_LOOP('',(#6467,#6468,#6469,#6470));
#1618=EDGE_LOOP('',(#6471,#6472,#6473,#6474));
#1619=EDGE_LOOP('',(#6475,#6476,#6477,#6478));
#1620=EDGE_LOOP('',(#6479,#6480,#6481,#6482));
#1621=EDGE_LOOP('',(#6483,#6484,#6485,#6486,#6487,#6488,#6489,#6490));
#1622=EDGE_LOOP('',(#6491,#6492,#6493,#6494,#6495,#6496,#6497,#6498,#6499,
#6500));
#1623=EDGE_LOOP('',(#6501,#6502,#6503,#6504,#6505,#6506,#6507,#6508));
#1624=EDGE_LOOP('',(#6509,#6510,#6511,#6512));
#1625=EDGE_LOOP('',(#6513,#6514,#6515,#6516,#6517,#6518,#6519,#6520,#6521,
#6522));
#1626=EDGE_LOOP('',(#6523,#6524,#6525,#6526));
#1627=EDGE_LOOP('',(#6527,#6528,#6529,#6530));
#1628=EDGE_LOOP('',(#6531,#6532,#6533,#6534));
#1629=EDGE_LOOP('',(#6535,#6536,#6537,#6538));
#1630=EDGE_LOOP('',(#6539,#6540,#6541,#6542,#6543,#6544,#6545,#6546));
#1631=EDGE_LOOP('',(#6547,#6548,#6549,#6550));
#1632=EDGE_LOOP('',(#6551,#6552,#6553,#6554));
#1633=EDGE_LOOP('',(#6555,#6556,#6557,#6558,#6559,#6560,#6561,#6562));
#1634=EDGE_LOOP('',(#6563,#6564,#6565,#6566));
#1635=EDGE_LOOP('',(#6567,#6568,#6569,#6570));
#1636=EDGE_LOOP('',(#6571,#6572,#6573,#6574,#6575,#6576,#6577,#6578));
#1637=EDGE_LOOP('',(#6579));
#1638=EDGE_LOOP('',(#6580,#6581,#6582,#6583));
#1639=EDGE_LOOP('',(#6584,#6585,#6586,#6587));
#1640=EDGE_LOOP('',(#6588));
#1641=EDGE_LOOP('',(#6589,#6590,#6591,#6592));
#1642=EDGE_LOOP('',(#6593));
#1643=EDGE_LOOP('',(#6594,#6595,#6596,#6597));
#1644=EDGE_LOOP('',(#6598,#6599,#6600,#6601));
#1645=EDGE_LOOP('',(#6602,#6603,#6604,#6605));
#1646=EDGE_LOOP('',(#6606,#6607,#6608,#6609));
#1647=EDGE_LOOP('',(#6610));
#1648=EDGE_LOOP('',(#6611));
#1649=EDGE_LOOP('',(#6612));
#1650=EDGE_LOOP('',(#6613));
#1651=EDGE_LOOP('',(#6614));
#1652=EDGE_LOOP('',(#6615));
#1653=EDGE_LOOP('',(#6616,#6617,#6618,#6619));
#1654=EDGE_LOOP('',(#6620,#6621,#6622,#6623));
#1655=EDGE_LOOP('',(#6624));
#1656=EDGE_LOOP('',(#6625));
#1657=EDGE_LOOP('',(#6626));
#1658=EDGE_LOOP('',(#6627));
#1659=EDGE_LOOP('',(#6628));
#1660=EDGE_LOOP('',(#6629));
#1661=EDGE_LOOP('',(#6630));
#1662=EDGE_LOOP('',(#6631,#6632,#6633));
#1663=EDGE_LOOP('',(#6634,#6635,#6636));
#1664=EDGE_LOOP('',(#6637,#6638,#6639,#6640));
#1665=EDGE_LOOP('',(#6641));
#1666=EDGE_LOOP('',(#6642));
#1667=EDGE_LOOP('',(#6643,#6644,#6645,#6646,#6647,#6648,#6649,#6650,#6651,
#6652,#6653,#6654,#6655,#6656,#6657,#6658));
#1668=EDGE_LOOP('',(#6659,#6660,#6661,#6662));
#1669=EDGE_LOOP('',(#6663,#6664,#6665,#6666));
#1670=EDGE_LOOP('',(#6667,#6668,#6669));
#1671=EDGE_LOOP('',(#6670,#6671,#6672));
#1672=EDGE_LOOP('',(#6673,#6674,#6675,#6676,#6677));
#1673=EDGE_LOOP('',(#6678,#6679,#6680,#6681,#6682,#6683,#6684,#6685));
#1674=EDGE_LOOP('',(#6686,#6687,#6688,#6689));
#1675=EDGE_LOOP('',(#6690));
#1676=EDGE_LOOP('',(#6691));
#1677=EDGE_LOOP('',(#6692,#6693,#6694,#6695));
#1678=EDGE_LOOP('',(#6696,#6697,#6698,#6699));
#1679=EDGE_LOOP('',(#6700));
#1680=EDGE_LOOP('',(#6701,#6702,#6703,#6704));
#1681=EDGE_LOOP('',(#6705));
#1682=EDGE_LOOP('',(#6706,#6707,#6708,#6709));
#1683=EDGE_LOOP('',(#6710));
#1684=EDGE_LOOP('',(#6711,#6712,#6713,#6714));
#1685=EDGE_LOOP('',(#6715));
#1686=EDGE_LOOP('',(#6716,#6717,#6718,#6719));
#1687=EDGE_LOOP('',(#6720,#6721,#6722,#6723));
#1688=EDGE_LOOP('',(#6724,#6725,#6726,#6727));
#1689=EDGE_LOOP('',(#6728,#6729,#6730,#6731));
#1690=EDGE_LOOP('',(#6732,#6733,#6734,#6735));
#1691=EDGE_LOOP('',(#6736,#6737,#6738,#6739));
#1692=EDGE_LOOP('',(#6740,#6741,#6742,#6743,#6744));
#1693=EDGE_LOOP('',(#6745,#6746,#6747,#6748));
#1694=EDGE_LOOP('',(#6749,#6750,#6751,#6752,#6753));
#1695=EDGE_LOOP('',(#6754,#6755,#6756,#6757,#6758,#6759,#6760,#6761,#6762,
#6763,#6764,#6765));
#1696=EDGE_LOOP('',(#6766));
#1697=EDGE_LOOP('',(#6767));
#1698=EDGE_LOOP('',(#6768,#6769,#6770,#6771));
#1699=EDGE_LOOP('',(#6772,#6773,#6774,#6775));
#1700=EDGE_LOOP('',(#6776,#6777,#6778,#6779,#6780,#6781));
#1701=EDGE_LOOP('',(#6782,#6783,#6784,#6785,#6786,#6787,#6788,#6789));
#1702=EDGE_LOOP('',(#6790));
#1703=EDGE_LOOP('',(#6791));
#1704=EDGE_LOOP('',(#6792,#6793,#6794,#6795,#6796,#6797,#6798,#6799));
#1705=EDGE_LOOP('',(#6800));
#1706=EDGE_LOOP('',(#6801));
#1707=EDGE_LOOP('',(#6802,#6803,#6804,#6805));
#1708=EDGE_LOOP('',(#6806,#6807,#6808,#6809));
#1709=EDGE_LOOP('',(#6810,#6811,#6812,#6813));
#1710=EDGE_LOOP('',(#6814,#6815,#6816,#6817));
#1711=EDGE_LOOP('',(#6818,#6819,#6820,#6821));
#1712=EDGE_LOOP('',(#6822,#6823,#6824,#6825));
#1713=EDGE_LOOP('',(#6826,#6827,#6828,#6829,#6830,#6831,#6832,#6833));
#1714=EDGE_LOOP('',(#6834,#6835,#6836,#6837));
#1715=EDGE_LOOP('',(#6838,#6839,#6840,#6841));
#1716=EDGE_LOOP('',(#6842,#6843,#6844,#6845,#6846,#6847,#6848,#6849));
#1717=EDGE_LOOP('',(#6850,#6851,#6852,#6853,#6854,#6855,#6856,#6857));
#1718=EDGE_LOOP('',(#6858,#6859,#6860,#6861));
#1719=EDGE_LOOP('',(#6862,#6863,#6864,#6865));
#1720=EDGE_LOOP('',(#6866,#6867,#6868,#6869));
#1721=EDGE_LOOP('',(#6870,#6871,#6872,#6873,#6874,#6875,#6876,#6877));
#1722=EDGE_LOOP('',(#6878,#6879,#6880,#6881));
#1723=EDGE_LOOP('',(#6882,#6883,#6884,#6885,#6886,#6887,#6888,#6889));
#1724=EDGE_LOOP('',(#6890,#6891,#6892,#6893));
#1725=EDGE_LOOP('',(#6894));
#1726=EDGE_LOOP('',(#6895));
#1727=EDGE_LOOP('',(#6896));
#1728=EDGE_LOOP('',(#6897,#6898,#6899,#6900));
#1729=EDGE_LOOP('',(#6901,#6902,#6903,#6904));
#1730=EDGE_LOOP('',(#6905,#6906,#6907,#6908));
#1731=EDGE_LOOP('',(#6909));
#1732=EDGE_LOOP('',(#6910,#6911,#6912,#6913));
#1733=EDGE_LOOP('',(#6914,#6915,#6916,#6917));
#1734=EDGE_LOOP('',(#6918));
#1735=EDGE_LOOP('',(#6919,#6920,#6921,#6922));
#1736=EDGE_LOOP('',(#6923,#6924,#6925,#6926));
#1737=EDGE_LOOP('',(#6927,#6928,#6929,#6930));
#1738=EDGE_LOOP('',(#6931,#6932,#6933,#6934));
#1739=EDGE_LOOP('',(#6935,#6936,#6937,#6938));
#1740=EDGE_LOOP('',(#6939,#6940,#6941,#6942));
#1741=EDGE_LOOP('',(#6943,#6944,#6945,#6946));
#1742=EDGE_LOOP('',(#6947,#6948,#6949,#6950));
#1743=EDGE_LOOP('',(#6951,#6952,#6953,#6954));
#1744=EDGE_LOOP('',(#6955,#6956,#6957,#6958,#6959,#6960,#6961,#6962));
#1745=EDGE_LOOP('',(#6963));
#1746=EDGE_LOOP('',(#6964));
#1747=EDGE_LOOP('',(#6965,#6966,#6967,#6968));
#1748=EDGE_LOOP('',(#6969,#6970,#6971,#6972));
#1749=EDGE_LOOP('',(#6973,#6974,#6975,#6976,#6977,#6978,#6979,#6980));
#1750=EDGE_LOOP('',(#6981,#6982,#6983,#6984));
#1751=EDGE_LOOP('',(#6985,#6986,#6987,#6988,#6989,#6990,#6991,#6992));
#1752=EDGE_LOOP('',(#6993,#6994,#6995,#6996));
#1753=EDGE_LOOP('',(#6997,#6998,#6999,#7000,#7001,#7002,#7003,#7004));
#1754=EDGE_LOOP('',(#7005,#7006,#7007,#7008));
#1755=EDGE_LOOP('',(#7009,#7010,#7011,#7012,#7013,#7014,#7015,#7016));
#1756=EDGE_LOOP('',(#7017,#7018,#7019,#7020,#7021,#7022,#7023,#7024));
#1757=EDGE_LOOP('',(#7025));
#1758=EDGE_LOOP('',(#7026));
#1759=EDGE_LOOP('',(#7027));
#1760=EDGE_LOOP('',(#7028,#7029,#7030,#7031));
#1761=EDGE_LOOP('',(#7032));
#1762=EDGE_LOOP('',(#7033,#7034,#7035,#7036));
#1763=EDGE_LOOP('',(#7037));
#1764=EDGE_LOOP('',(#7038,#7039,#7040,#7041));
#1765=EDGE_LOOP('',(#7042,#7043,#7044,#7045,#7046,#7047));
#1766=EDGE_LOOP('',(#7048,#7049,#7050,#7051,#7052,#7053));
#1767=EDGE_LOOP('',(#7054,#7055,#7056,#7057));
#1768=EDGE_LOOP('',(#7058,#7059,#7060,#7061));
#1769=EDGE_LOOP('',(#7062));
#1770=EDGE_LOOP('',(#7063,#7064,#7065,#7066));
#1771=EDGE_LOOP('',(#7067,#7068,#7069,#7070));
#1772=EDGE_LOOP('',(#7071,#7072,#7073,#7074));
#1773=EDGE_LOOP('',(#7075,#7076,#7077,#7078));
#1774=EDGE_LOOP('',(#7079,#7080,#7081,#7082));
#1775=EDGE_LOOP('',(#7083));
#1776=EDGE_LOOP('',(#7084));
#1777=EDGE_LOOP('',(#7085));
#1778=EDGE_LOOP('',(#7086));
#1779=EDGE_LOOP('',(#7087));
#1780=EDGE_LOOP('',(#7088));
#1781=EDGE_LOOP('',(#7089));
#1782=EDGE_LOOP('',(#7090));
#1783=EDGE_LOOP('',(#7091));
#1784=EDGE_LOOP('',(#7092));
#1785=EDGE_LOOP('',(#7093));
#1786=EDGE_LOOP('',(#7094));
#1787=EDGE_LOOP('',(#7095));
#1788=EDGE_LOOP('',(#7096));
#1789=EDGE_LOOP('',(#7097));
#1790=EDGE_LOOP('',(#7098));
#1791=EDGE_LOOP('',(#7099,#7100,#7101,#7102));
#1792=EDGE_LOOP('',(#7103,#7104,#7105,#7106));
#1793=EDGE_LOOP('',(#7107,#7108,#7109,#7110));
#1794=EDGE_LOOP('',(#7111,#7112,#7113,#7114));
#1795=EDGE_LOOP('',(#7115,#7116,#7117,#7118));
#1796=EDGE_LOOP('',(#7119));
#1797=EDGE_LOOP('',(#7120));
#1798=EDGE_LOOP('',(#7121));
#1799=EDGE_LOOP('',(#7122));
#1800=EDGE_LOOP('',(#7123));
#1801=EDGE_LOOP('',(#7124,#7125,#7126,#7127));
#1802=EDGE_LOOP('',(#7128));
#1803=EDGE_LOOP('',(#7129,#7130,#7131,#7132));
#1804=EDGE_LOOP('',(#7133,#7134,#7135,#7136));
#1805=EDGE_LOOP('',(#7137,#7138,#7139,#7140));
#1806=EDGE_LOOP('',(#7141,#7142,#7143,#7144,#7145,#7146,#7147));
#1807=EDGE_LOOP('',(#7148,#7149,#7150,#7151));
#1808=EDGE_LOOP('',(#7152,#7153,#7154));
#1809=EDGE_LOOP('',(#7155,#7156,#7157));
#1810=EDGE_LOOP('',(#7158,#7159,#7160,#7161,#7162,#7163,#7164,#7165));
#1811=EDGE_LOOP('',(#7166));
#1812=EDGE_LOOP('',(#7167,#7168,#7169,#7170));
#1813=EDGE_LOOP('',(#7171,#7172,#7173,#7174));
#1814=EDGE_LOOP('',(#7175,#7176,#7177,#7178));
#1815=EDGE_LOOP('',(#7179,#7180,#7181,#7182));
#1816=EDGE_LOOP('',(#7183));
#1817=EDGE_LOOP('',(#7184));
#1818=EDGE_LOOP('',(#7185,#7186,#7187,#7188));
#1819=EDGE_LOOP('',(#7189,#7190,#7191,#7192));
#1820=EDGE_LOOP('',(#7193,#7194,#7195,#7196));
#1821=EDGE_LOOP('',(#7197,#7198,#7199,#7200));
#1822=EDGE_LOOP('',(#7201,#7202,#7203,#7204,#7205));
#1823=EDGE_LOOP('',(#7206,#7207,#7208,#7209,#7210));
#1824=EDGE_LOOP('',(#7211,#7212,#7213,#7214,#7215));
#1825=EDGE_LOOP('',(#7216,#7217,#7218,#7219));
#1826=EDGE_LOOP('',(#7220,#7221,#7222,#7223));
#1827=EDGE_LOOP('',(#7224,#7225,#7226,#7227));
#1828=EDGE_LOOP('',(#7228,#7229,#7230,#7231,#7232,#7233));
#1829=EDGE_LOOP('',(#7234,#7235,#7236,#7237));
#1830=EDGE_LOOP('',(#7238,#7239,#7240,#7241));
#1831=EDGE_LOOP('',(#7242,#7243,#7244,#7245,#7246,#7247));
#1832=EDGE_LOOP('',(#7248,#7249,#7250,#7251));
#1833=EDGE_LOOP('',(#7252,#7253,#7254,#7255));
#1834=EDGE_LOOP('',(#7256));
#1835=EDGE_LOOP('',(#7257,#7258,#7259,#7260));
#1836=EDGE_LOOP('',(#7261,#7262,#7263,#7264));
#1837=EDGE_LOOP('',(#7265));
#1838=EDGE_LOOP('',(#7266,#7267,#7268,#7269));
#1839=EDGE_LOOP('',(#7270));
#1840=EDGE_LOOP('',(#7271,#7272,#7273,#7274));
#1841=EDGE_LOOP('',(#7275,#7276,#7277,#7278));
#1842=EDGE_LOOP('',(#7279,#7280,#7281,#7282));
#1843=EDGE_LOOP('',(#7283,#7284,#7285,#7286,#7287));
#1844=EDGE_LOOP('',(#7288));
#1845=EDGE_LOOP('',(#7289,#7290,#7291,#7292));
#1846=EDGE_LOOP('',(#7293,#7294,#7295,#7296));
#1847=EDGE_LOOP('',(#7297,#7298,#7299,#7300));
#1848=EDGE_LOOP('',(#7301,#7302,#7303,#7304));
#1849=EDGE_LOOP('',(#7305));
#1850=EDGE_LOOP('',(#7306,#7307,#7308,#7309));
#1851=EDGE_LOOP('',(#7310,#7311,#7312,#7313,#7314,#7315,#7316,#7317));
#1852=EDGE_LOOP('',(#7318,#7319,#7320,#7321,#7322,#7323,#7324,#7325,#7326,
#7327,#7328,#7329));
#1853=EDGE_LOOP('',(#7330,#7331,#7332,#7333));
#1854=EDGE_LOOP('',(#7334));
#1855=EDGE_LOOP('',(#7335,#7336,#7337,#7338));
#1856=EDGE_LOOP('',(#7339,#7340,#7341,#7342,#7343,#7344));
#1857=EDGE_LOOP('',(#7345));
#1858=EDGE_LOOP('',(#7346));
#1859=EDGE_LOOP('',(#7347,#7348,#7349,#7350,#7351));
#1860=EDGE_LOOP('',(#7352,#7353,#7354,#7355,#7356));
#1861=EDGE_LOOP('',(#7357,#7358,#7359,#7360));
#1862=EDGE_LOOP('',(#7361,#7362,#7363,#7364));
#1863=EDGE_LOOP('',(#7365,#7366,#7367,#7368));
#1864=EDGE_LOOP('',(#7369,#7370,#7371,#7372));
#1865=EDGE_LOOP('',(#7373,#7374,#7375,#7376,#7377));
#1866=EDGE_LOOP('',(#7378,#7379,#7380,#7381));
#1867=EDGE_LOOP('',(#7382,#7383,#7384,#7385));
#1868=EDGE_LOOP('',(#7386,#7387,#7388,#7389));
#1869=EDGE_LOOP('',(#7390,#7391,#7392,#7393));
#1870=EDGE_LOOP('',(#7394));
#1871=EDGE_LOOP('',(#7395));
#1872=EDGE_LOOP('',(#7396,#7397,#7398,#7399));
#1873=EDGE_LOOP('',(#7400,#7401,#7402,#7403,#7404,#7405,#7406));
#1874=EDGE_LOOP('',(#7407,#7408,#7409,#7410));
#1875=EDGE_LOOP('',(#7411,#7412,#7413,#7414));
#1876=EDGE_LOOP('',(#7415,#7416,#7417,#7418));
#1877=EDGE_LOOP('',(#7419,#7420,#7421,#7422));
#1878=EDGE_LOOP('',(#7423,#7424,#7425));
#1879=EDGE_LOOP('',(#7426,#7427,#7428));
#1880=EDGE_LOOP('',(#7429,#7430,#7431,#7432,#7433,#7434,#7435,#7436));
#1881=EDGE_LOOP('',(#7437,#7438,#7439,#7440));
#1882=EDGE_LOOP('',(#7441,#7442,#7443,#7444));
#1883=EDGE_LOOP('',(#7445,#7446,#7447,#7448));
#1884=EDGE_LOOP('',(#7449,#7450,#7451,#7452,#7453,#7454));
#1885=EDGE_LOOP('',(#7455,#7456,#7457,#7458));
#1886=EDGE_LOOP('',(#7459,#7460,#7461,#7462));
#1887=EDGE_LOOP('',(#7463));
#1888=EDGE_LOOP('',(#7464,#7465,#7466,#7467));
#1889=EDGE_LOOP('',(#7468));
#1890=EDGE_LOOP('',(#7469));
#1891=EDGE_LOOP('',(#7470,#7471,#7472,#7473));
#1892=EDGE_LOOP('',(#7474));
#1893=EDGE_LOOP('',(#7475,#7476,#7477,#7478));
#1894=EDGE_LOOP('',(#7479));
#1895=EDGE_LOOP('',(#7480));
#1896=EDGE_LOOP('',(#7481,#7482,#7483,#7484));
#1897=EDGE_LOOP('',(#7485));
#1898=EDGE_LOOP('',(#7486,#7487,#7488,#7489));
#1899=EDGE_LOOP('',(#7490));
#1900=EDGE_LOOP('',(#7491));
#1901=EDGE_LOOP('',(#7492,#7493,#7494,#7495));
#1902=EDGE_LOOP('',(#7496));
#1903=EDGE_LOOP('',(#7497,#7498,#7499,#7500));
#1904=EDGE_LOOP('',(#7501));
#1905=EDGE_LOOP('',(#7502));
#1906=EDGE_LOOP('',(#7503,#7504,#7505,#7506));
#1907=EDGE_LOOP('',(#7507));
#1908=EDGE_LOOP('',(#7508,#7509,#7510,#7511));
#1909=EDGE_LOOP('',(#7512));
#1910=EDGE_LOOP('',(#7513));
#1911=EDGE_LOOP('',(#7514,#7515,#7516,#7517));
#1912=EDGE_LOOP('',(#7518));
#1913=EDGE_LOOP('',(#7519,#7520,#7521,#7522));
#1914=EDGE_LOOP('',(#7523));
#1915=EDGE_LOOP('',(#7524));
#1916=EDGE_LOOP('',(#7525,#7526,#7527,#7528));
#1917=EDGE_LOOP('',(#7529));
#1918=EDGE_LOOP('',(#7530,#7531,#7532,#7533));
#1919=EDGE_LOOP('',(#7534));
#1920=EDGE_LOOP('',(#7535));
#1921=EDGE_LOOP('',(#7536,#7537,#7538,#7539));
#1922=EDGE_LOOP('',(#7540));
#1923=EDGE_LOOP('',(#7541,#7542,#7543,#7544));
#1924=EDGE_LOOP('',(#7545));
#1925=EDGE_LOOP('',(#7546));
#1926=EDGE_LOOP('',(#7547,#7548,#7549,#7550));
#1927=EDGE_LOOP('',(#7551,#7552,#7553,#7554));
#1928=EDGE_LOOP('',(#7555,#7556,#7557,#7558));
#1929=EDGE_LOOP('',(#7559,#7560,#7561,#7562));
#1930=EDGE_LOOP('',(#7563,#7564,#7565,#7566));
#1931=EDGE_LOOP('',(#7567,#7568,#7569,#7570));
#1932=EDGE_LOOP('',(#7571,#7572,#7573,#7574));
#1933=EDGE_LOOP('',(#7575,#7576,#7577,#7578));
#1934=EDGE_LOOP('',(#7579,#7580,#7581,#7582));
#1935=EDGE_LOOP('',(#7583,#7584,#7585,#7586));
#1936=EDGE_LOOP('',(#7587,#7588,#7589,#7590));
#1937=EDGE_LOOP('',(#7591,#7592,#7593,#7594));
#1938=EDGE_LOOP('',(#7595,#7596,#7597,#7598));
#1939=EDGE_LOOP('',(#7599,#7600,#7601,#7602,#7603,#7604,#7605,#7606));
#1940=EDGE_LOOP('',(#7607,#7608,#7609,#7610));
#1941=EDGE_LOOP('',(#7611,#7612,#7613,#7614));
#1942=EDGE_LOOP('',(#7615,#7616,#7617,#7618));
#1943=EDGE_LOOP('',(#7619,#7620,#7621,#7622));
#1944=EDGE_LOOP('',(#7623,#7624,#7625,#7626));
#1945=EDGE_LOOP('',(#7627));
#1946=EDGE_LOOP('',(#7628,#7629,#7630,#7631));
#1947=EDGE_LOOP('',(#7632,#7633,#7634,#7635));
#1948=EDGE_LOOP('',(#7636,#7637,#7638,#7639));
#1949=EDGE_LOOP('',(#7640,#7641,#7642,#7643));
#1950=EDGE_LOOP('',(#7644,#7645,#7646,#7647));
#1951=EDGE_LOOP('',(#7648));
#1952=EDGE_LOOP('',(#7649,#7650,#7651,#7652,#7653,#7654,#7655,#7656,#7657,
#7658,#7659,#7660,#7661));
#1953=EDGE_LOOP('',(#7662));
#1954=EDGE_LOOP('',(#7663));
#1955=EDGE_LOOP('',(#7664));
#1956=EDGE_LOOP('',(#7665,#7666,#7667,#7668,#7669,#7670,#7671,#7672,#7673,
#7674,#7675,#7676,#7677));
#1957=EDGE_LOOP('',(#7678));
#1958=EDGE_LOOP('',(#7679));
#1959=EDGE_LOOP('',(#7680));
#1960=EDGE_LOOP('',(#7681));
#1961=EDGE_LOOP('',(#7682));
#1962=EDGE_LOOP('',(#7683));
#1963=EDGE_LOOP('',(#7684));
#1964=EDGE_LOOP('',(#7685));
#1965=EDGE_LOOP('',(#7686,#7687,#7688,#7689));
#1966=EDGE_LOOP('',(#7690));
#1967=EDGE_LOOP('',(#7691,#7692,#7693,#7694));
#1968=EDGE_LOOP('',(#7695,#7696,#7697,#7698));
#1969=EDGE_LOOP('',(#7699,#7700,#7701,#7702));
#1970=EDGE_LOOP('',(#7703,#7704,#7705,#7706));
#1971=EDGE_LOOP('',(#7707,#7708,#7709,#7710));
#1972=EDGE_LOOP('',(#7711,#7712,#7713,#7714));
#1973=EDGE_LOOP('',(#7715,#7716,#7717,#7718));
#1974=EDGE_LOOP('',(#7719));
#1975=EDGE_LOOP('',(#7720,#7721,#7722,#7723));
#1976=EDGE_LOOP('',(#7724,#7725,#7726,#7727));
#1977=EDGE_LOOP('',(#7728,#7729,#7730,#7731));
#1978=EDGE_LOOP('',(#7732,#7733,#7734,#7735));
#1979=EDGE_LOOP('',(#7736));
#1980=EDGE_LOOP('',(#7737,#7738,#7739,#7740,#7741,#7742,#7743,#7744));
#1981=EDGE_LOOP('',(#7745,#7746,#7747,#7748));
#1982=EDGE_LOOP('',(#7749,#7750,#7751,#7752));
#1983=EDGE_LOOP('',(#7753,#7754,#7755,#7756));
#1984=EDGE_LOOP('',(#7757,#7758,#7759,#7760));
#1985=EDGE_LOOP('',(#7761,#7762,#7763,#7764));
#1986=EDGE_LOOP('',(#7765,#7766,#7767,#7768));
#1987=EDGE_LOOP('',(#7769,#7770,#7771,#7772));
#1988=EDGE_LOOP('',(#7773,#7774,#7775,#7776));
#1989=EDGE_LOOP('',(#7777,#7778,#7779,#7780));
#1990=EDGE_LOOP('',(#7781,#7782,#7783,#7784,#7785,#7786,#7787,#7788));
#1991=EDGE_LOOP('',(#7789));
#1992=EDGE_LOOP('',(#7790));
#1993=EDGE_LOOP('',(#7791));
#1994=EDGE_LOOP('',(#7792));
#1995=EDGE_LOOP('',(#7793));
#1996=EDGE_LOOP('',(#7794,#7795,#7796,#7797));
#1997=EDGE_LOOP('',(#7798,#7799,#7800,#7801));
#1998=EDGE_LOOP('',(#7802,#7803,#7804,#7805));
#1999=EDGE_LOOP('',(#7806,#7807,#7808,#7809,#7810,#7811,#7812,#7813,#7814,
#7815));
#2000=EDGE_LOOP('',(#7816,#7817,#7818,#7819));
#2001=EDGE_LOOP('',(#7820,#7821,#7822,#7823,#7824,#7825,#7826,#7827,#7828,
#7829));
#2002=EDGE_LOOP('',(#7830,#7831,#7832,#7833));
#2003=EDGE_LOOP('',(#7834,#7835,#7836,#7837));
#2004=EDGE_LOOP('',(#7838,#7839));
#2005=EDGE_LOOP('',(#7840,#7841));
#2006=EDGE_LOOP('',(#7842,#7843));
#2007=EDGE_LOOP('',(#7844,#7845));
#2008=EDGE_LOOP('',(#7846,#7847,#7848,#7849));
#2009=EDGE_LOOP('',(#7850,#7851,#7852,#7853));
#2010=EDGE_LOOP('',(#7854,#7855,#7856,#7857));
#2011=EDGE_LOOP('',(#7858,#7859,#7860,#7861));
#2012=EDGE_LOOP('',(#7862,#7863,#7864,#7865,#7866,#7867,#7868,#7869,#7870,
#7871));
#2013=EDGE_LOOP('',(#7872,#7873,#7874,#7875));
#2014=EDGE_LOOP('',(#7876,#7877,#7878,#7879,#7880,#7881,#7882,#7883,#7884,
#7885));
#2015=EDGE_LOOP('',(#7886,#7887,#7888,#7889));
#2016=EDGE_LOOP('',(#7890,#7891,#7892,#7893));
#2017=EDGE_LOOP('',(#7894,#7895,#7896,#7897));
#2018=EDGE_LOOP('',(#7898,#7899,#7900,#7901));
#2019=EDGE_LOOP('',(#7902,#7903,#7904,#7905));
#2020=EDGE_LOOP('',(#7906,#7907,#7908,#7909));
#2021=EDGE_LOOP('',(#7910,#7911,#7912,#7913));
#2022=EDGE_LOOP('',(#7914,#7915,#7916,#7917));
#2023=EDGE_LOOP('',(#7918,#7919,#7920,#7921));
#2024=EDGE_LOOP('',(#7922,#7923,#7924,#7925));
#2025=EDGE_LOOP('',(#7926,#7927));
#2026=EDGE_LOOP('',(#7928,#7929,#7930,#7931));
#2027=EDGE_LOOP('',(#7932,#7933,#7934,#7935,#7936,#7937,#7938,#7939));
#2028=EDGE_LOOP('',(#7940,#7941,#7942,#7943,#7944,#7945,#7946,#7947,#7948));
#2029=EDGE_LOOP('',(#7949));
#2030=EDGE_LOOP('',(#7950));
#2031=EDGE_LOOP('',(#7951));
#2032=EDGE_LOOP('',(#7952));
#2033=EDGE_LOOP('',(#7953,#7954,#7955,#7956));
#2034=EDGE_LOOP('',(#7957,#7958,#7959,#7960));
#2035=EDGE_LOOP('',(#7961,#7962,#7963,#7964));
#2036=EDGE_LOOP('',(#7965,#7966));
#2037=EDGE_LOOP('',(#7967,#7968,#7969,#7970));
#2038=EDGE_LOOP('',(#7971,#7972,#7973,#7974));
#2039=EDGE_LOOP('',(#7975,#7976,#7977,#7978));
#2040=EDGE_LOOP('',(#7979,#7980));
#2041=EDGE_LOOP('',(#7981,#7982,#7983,#7984));
#2042=EDGE_LOOP('',(#7985,#7986,#7987,#7988));
#2043=EDGE_LOOP('',(#7989,#7990,#7991,#7992));
#2044=EDGE_LOOP('',(#7993,#7994));
#2045=EDGE_LOOP('',(#7995,#7996,#7997,#7998));
#2046=EDGE_LOOP('',(#7999,#8000,#8001,#8002));
#2047=EDGE_LOOP('',(#8003,#8004,#8005,#8006));
#2048=EDGE_LOOP('',(#8007,#8008,#8009,#8010));
#2049=EDGE_LOOP('',(#8011,#8012,#8013,#8014,#8015,#8016,#8017,#8018,#8019,
#8020,#8021,#8022,#8023,#8024,#8025,#8026,#8027,#8028,#8029,#8030,#8031,
#8032,#8033,#8034,#8035,#8036,#8037,#8038,#8039,#8040,#8041,#8042,#8043,
#8044,#8045,#8046));
#2050=EDGE_LOOP('',(#8047,#8048,#8049,#8050));
#2051=EDGE_LOOP('',(#8051,#8052,#8053,#8054));
#2052=EDGE_LOOP('',(#8055,#8056,#8057,#8058));
#2053=EDGE_LOOP('',(#8059,#8060,#8061,#8062,#8063,#8064,#8065,#8066));
#2054=EDGE_LOOP('',(#8067));
#2055=EDGE_LOOP('',(#8068));
#2056=EDGE_LOOP('',(#8069));
#2057=EDGE_LOOP('',(#8070));
#2058=EDGE_LOOP('',(#8071,#8072,#8073,#8074,#8075,#8076,#8077,#8078,#8079,
#8080,#8081,#8082));
#2059=EDGE_LOOP('',(#8083,#8084,#8085,#8086));
#2060=EDGE_LOOP('',(#8087,#8088,#8089,#8090));
#2061=EDGE_LOOP('',(#8091,#8092,#8093,#8094));
#2062=EDGE_LOOP('',(#8095,#8096,#8097,#8098));
#2063=EDGE_LOOP('',(#8099,#8100,#8101,#8102));
#2064=EDGE_LOOP('',(#8103,#8104,#8105,#8106));
#2065=EDGE_LOOP('',(#8107,#8108,#8109,#8110));
#2066=EDGE_LOOP('',(#8111));
#2067=EDGE_LOOP('',(#8112,#8113,#8114,#8115));
#2068=EDGE_LOOP('',(#8116));
#2069=EDGE_LOOP('',(#8117,#8118,#8119,#8120));
#2070=EDGE_LOOP('',(#8121));
#2071=EDGE_LOOP('',(#8122,#8123,#8124,#8125));
#2072=EDGE_LOOP('',(#8126));
#2073=EDGE_LOOP('',(#8127,#8128,#8129,#8130));
#2074=EDGE_LOOP('',(#8131));
#2075=EDGE_LOOP('',(#8132,#8133,#8134,#8135));
#2076=EDGE_LOOP('',(#8136));
#2077=EDGE_LOOP('',(#8137,#8138,#8139,#8140));
#2078=EDGE_LOOP('',(#8141));
#2079=EDGE_LOOP('',(#8142,#8143,#8144,#8145));
#2080=EDGE_LOOP('',(#8146));
#2081=EDGE_LOOP('',(#8147,#8148,#8149,#8150));
#2082=EDGE_LOOP('',(#8151,#8152,#8153,#8154));
#2083=EDGE_LOOP('',(#8155,#8156,#8157,#8158));
#2084=EDGE_LOOP('',(#8159,#8160,#8161,#8162));
#2085=EDGE_LOOP('',(#8163,#8164,#8165,#8166));
#2086=EDGE_LOOP('',(#8167,#8168,#8169,#8170,#8171,#8172,#8173,#8174,#8175,
#8176,#8177,#8178,#8179,#8180,#8181,#8182,#8183,#8184));
#2087=EDGE_LOOP('',(#8185));
#2088=EDGE_LOOP('',(#8186));
#2089=EDGE_LOOP('',(#8187));
#2090=EDGE_LOOP('',(#8188,#8189,#8190,#8191));
#2091=EDGE_LOOP('',(#8192));
#2092=EDGE_LOOP('',(#8193));
#2093=EDGE_LOOP('',(#8194,#8195,#8196,#8197));
#2094=EDGE_LOOP('',(#8198));
#2095=EDGE_LOOP('',(#8199,#8200,#8201,#8202));
#2096=EDGE_LOOP('',(#8203,#8204,#8205,#8206));
#2097=EDGE_LOOP('',(#8207,#8208,#8209,#8210));
#2098=EDGE_LOOP('',(#8211,#8212,#8213,#8214));
#2099=EDGE_LOOP('',(#8215,#8216,#8217,#8218));
#2100=EDGE_LOOP('',(#8219,#8220,#8221,#8222));
#2101=EDGE_LOOP('',(#8223,#8224,#8225,#8226));
#2102=EDGE_LOOP('',(#8227,#8228,#8229,#8230));
#2103=EDGE_LOOP('',(#8231,#8232,#8233,#8234));
#2104=EDGE_LOOP('',(#8235,#8236,#8237,#8238));
#2105=EDGE_LOOP('',(#8239,#8240,#8241,#8242));
#2106=EDGE_LOOP('',(#8243,#8244,#8245,#8246));
#2107=EDGE_LOOP('',(#8247,#8248,#8249,#8250));
#2108=EDGE_LOOP('',(#8251,#8252,#8253,#8254));
#2109=EDGE_LOOP('',(#8255,#8256,#8257,#8258));
#2110=EDGE_LOOP('',(#8259,#8260,#8261,#8262));
#2111=EDGE_LOOP('',(#8263,#8264,#8265,#8266));
#2112=EDGE_LOOP('',(#8267,#8268,#8269,#8270));
#2113=EDGE_LOOP('',(#8271,#8272,#8273,#8274));
#2114=EDGE_LOOP('',(#8275,#8276,#8277,#8278));
#2115=EDGE_LOOP('',(#8279,#8280,#8281,#8282));
#2116=EDGE_LOOP('',(#8283,#8284,#8285,#8286));
#2117=EDGE_LOOP('',(#8287,#8288,#8289,#8290));
#2118=EDGE_LOOP('',(#8291,#8292,#8293,#8294));
#2119=EDGE_LOOP('',(#8295,#8296,#8297,#8298));
#2120=EDGE_LOOP('',(#8299,#8300,#8301,#8302));
#2121=EDGE_LOOP('',(#8303,#8304,#8305,#8306));
#2122=EDGE_LOOP('',(#8307,#8308,#8309,#8310));
#2123=EDGE_LOOP('',(#8311,#8312,#8313,#8314));
#2124=EDGE_LOOP('',(#8315,#8316,#8317,#8318));
#2125=EDGE_LOOP('',(#8319,#8320,#8321,#8322));
#2126=EDGE_LOOP('',(#8323,#8324,#8325,#8326));
#2127=EDGE_LOOP('',(#8327,#8328,#8329,#8330));
#2128=EDGE_LOOP('',(#8331));
#2129=EDGE_LOOP('',(#8332));
#2130=EDGE_LOOP('',(#8333,#8334,#8335,#8336));
#2131=EDGE_LOOP('',(#8337));
#2132=EDGE_LOOP('',(#8338));
#2133=EDGE_LOOP('',(#8339,#8340,#8341,#8342));
#2134=EDGE_LOOP('',(#8343));
#2135=EDGE_LOOP('',(#8344));
#2136=EDGE_LOOP('',(#8345,#8346,#8347,#8348));
#2137=EDGE_LOOP('',(#8349));
#2138=EDGE_LOOP('',(#8350));
#2139=EDGE_LOOP('',(#8351,#8352,#8353,#8354,#8355,#8356));
#2140=EDGE_LOOP('',(#8357));
#2141=EDGE_LOOP('',(#8358));
#2142=EDGE_LOOP('',(#8359,#8360,#8361,#8362));
#2143=EDGE_LOOP('',(#8363,#8364,#8365,#8366));
#2144=EDGE_LOOP('',(#8367,#8368,#8369,#8370));
#2145=EDGE_LOOP('',(#8371,#8372,#8373,#8374));
#2146=EDGE_LOOP('',(#8375));
#2147=EDGE_LOOP('',(#8376));
#2148=EDGE_LOOP('',(#8377,#8378,#8379,#8380));
#2149=EDGE_LOOP('',(#8381,#8382,#8383,#8384));
#2150=EDGE_LOOP('',(#8385,#8386,#8387,#8388));
#2151=EDGE_LOOP('',(#8389,#8390,#8391,#8392,#8393));
#2152=EDGE_LOOP('',(#8394,#8395,#8396,#8397,#8398));
#2153=EDGE_LOOP('',(#8399,#8400,#8401,#8402,#8403,#8404,#8405,#8406));
#2154=EDGE_LOOP('',(#8407));
#2155=EDGE_LOOP('',(#8408));
#2156=EDGE_LOOP('',(#8409));
#2157=EDGE_LOOP('',(#8410));
#2158=EDGE_LOOP('',(#8411,#8412,#8413,#8414));
#2159=EDGE_LOOP('',(#8415));
#2160=EDGE_LOOP('',(#8416,#8417,#8418,#8419));
#2161=EDGE_LOOP('',(#8420));
#2162=EDGE_LOOP('',(#8421));
#2163=EDGE_LOOP('',(#8422));
#2164=EDGE_LOOP('',(#8423,#8424,#8425,#8426));
#2165=EDGE_LOOP('',(#8427));
#2166=EDGE_LOOP('',(#8428,#8429,#8430,#8431));
#2167=EDGE_LOOP('',(#8432));
#2168=EDGE_LOOP('',(#8433));
#2169=EDGE_LOOP('',(#8434));
#2170=EDGE_LOOP('',(#8435,#8436,#8437,#8438));
#2171=EDGE_LOOP('',(#8439));
#2172=EDGE_LOOP('',(#8440,#8441,#8442,#8443));
#2173=EDGE_LOOP('',(#8444));
#2174=EDGE_LOOP('',(#8445));
#2175=EDGE_LOOP('',(#8446));
#2176=EDGE_LOOP('',(#8447,#8448,#8449,#8450));
#2177=EDGE_LOOP('',(#8451));
#2178=EDGE_LOOP('',(#8452,#8453,#8454,#8455));
#2179=EDGE_LOOP('',(#8456));
#2180=EDGE_LOOP('',(#8457));
#2181=EDGE_LOOP('',(#8458));
#2182=EDGE_LOOP('',(#8459,#8460,#8461,#8462));
#2183=EDGE_LOOP('',(#8463,#8464,#8465,#8466));
#2184=EDGE_LOOP('',(#8467,#8468,#8469,#8470));
#2185=EDGE_LOOP('',(#8471));
#2186=EDGE_LOOP('',(#8472,#8473,#8474,#8475));
#2187=EDGE_LOOP('',(#8476,#8477,#8478,#8479));
#2188=EDGE_LOOP('',(#8480,#8481,#8482,#8483,#8484));
#2189=EDGE_LOOP('',(#8485,#8486,#8487,#8488));
#2190=EDGE_LOOP('',(#8489));
#2191=EDGE_LOOP('',(#8490,#8491,#8492,#8493));
#2192=EDGE_LOOP('',(#8494,#8495,#8496,#8497));
#2193=EDGE_LOOP('',(#8498,#8499,#8500,#8501,#8502));
#2194=EDGE_LOOP('',(#8503,#8504,#8505,#8506));
#2195=EDGE_LOOP('',(#8507));
#2196=EDGE_LOOP('',(#8508,#8509,#8510,#8511));
#2197=EDGE_LOOP('',(#8512,#8513,#8514,#8515));
#2198=EDGE_LOOP('',(#8516,#8517,#8518,#8519));
#2199=EDGE_LOOP('',(#8520));
#2200=EDGE_LOOP('',(#8521,#8522,#8523,#8524));
#2201=EDGE_LOOP('',(#8525,#8526,#8527,#8528));
#2202=EDGE_LOOP('',(#8529,#8530,#8531,#8532));
#2203=EDGE_LOOP('',(#8533,#8534,#8535,#8536));
#2204=EDGE_LOOP('',(#8537,#8538,#8539,#8540));
#2205=EDGE_LOOP('',(#8541,#8542,#8543,#8544));
#2206=EDGE_LOOP('',(#8545,#8546,#8547,#8548));
#2207=EDGE_LOOP('',(#8549,#8550,#8551,#8552));
#2208=EDGE_LOOP('',(#8553,#8554,#8555,#8556));
#2209=EDGE_LOOP('',(#8557,#8558,#8559,#8560));
#2210=EDGE_LOOP('',(#8561,#8562,#8563,#8564));
#2211=EDGE_LOOP('',(#8565,#8566,#8567,#8568));
#2212=EDGE_LOOP('',(#8569,#8570,#8571,#8572,#8573,#8574,#8575,#8576));
#2213=EDGE_LOOP('',(#8577,#8578,#8579,#8580));
#2214=EDGE_LOOP('',(#8581,#8582,#8583,#8584));
#2215=EDGE_LOOP('',(#8585,#8586,#8587,#8588));
#2216=EDGE_LOOP('',(#8589,#8590,#8591,#8592));
#2217=EDGE_LOOP('',(#8593));
#2218=EDGE_LOOP('',(#8594));
#2219=EDGE_LOOP('',(#8595));
#2220=EDGE_LOOP('',(#8596));
#2221=EDGE_LOOP('',(#8597));
#2222=EDGE_LOOP('',(#8598));
#2223=EDGE_LOOP('',(#8599));
#2224=EDGE_LOOP('',(#8600));
#2225=EDGE_LOOP('',(#8601));
#2226=EDGE_LOOP('',(#8602));
#2227=EDGE_LOOP('',(#8603,#8604,#8605,#8606));
#2228=EDGE_LOOP('',(#8607,#8608,#8609,#8610));
#2229=EDGE_LOOP('',(#8611,#8612,#8613,#8614));
#2230=EDGE_LOOP('',(#8615,#8616,#8617,#8618));
#2231=EDGE_LOOP('',(#8619,#8620,#8621,#8622));
#2232=EDGE_LOOP('',(#8623,#8624,#8625,#8626));
#2233=EDGE_LOOP('',(#8627,#8628));
#2234=EDGE_LOOP('',(#8629));
#2235=EDGE_LOOP('',(#8630,#8631,#8632,#8633));
#2236=EDGE_LOOP('',(#8634,#8635,#8636,#8637));
#2237=EDGE_LOOP('',(#8638,#8639));
#2238=EDGE_LOOP('',(#8640));
#2239=EDGE_LOOP('',(#8641,#8642,#8643,#8644));
#2240=EDGE_LOOP('',(#8645,#8646,#8647,#8648));
#2241=EDGE_LOOP('',(#8649,#8650));
#2242=EDGE_LOOP('',(#8651));
#2243=EDGE_LOOP('',(#8652,#8653,#8654,#8655));
#2244=EDGE_LOOP('',(#8656,#8657,#8658,#8659));
#2245=EDGE_LOOP('',(#8660,#8661));
#2246=EDGE_LOOP('',(#8662));
#2247=EDGE_LOOP('',(#8663,#8664,#8665,#8666));
#2248=EDGE_LOOP('',(#8667,#8668,#8669,#8670));
#2249=EDGE_LOOP('',(#8671,#8672));
#2250=EDGE_LOOP('',(#8673));
#2251=EDGE_LOOP('',(#8674,#8675,#8676,#8677));
#2252=EDGE_LOOP('',(#8678,#8679,#8680,#8681));
#2253=EDGE_LOOP('',(#8682,#8683));
#2254=EDGE_LOOP('',(#8684));
#2255=EDGE_LOOP('',(#8685,#8686,#8687,#8688));
#2256=EDGE_LOOP('',(#8689,#8690,#8691,#8692));
#2257=EDGE_LOOP('',(#8693,#8694));
#2258=EDGE_LOOP('',(#8695));
#2259=EDGE_LOOP('',(#8696,#8697,#8698,#8699));
#2260=EDGE_LOOP('',(#8700,#8701,#8702,#8703));
#2261=EDGE_LOOP('',(#8704,#8705));
#2262=EDGE_LOOP('',(#8706));
#2263=EDGE_LOOP('',(#8707,#8708,#8709,#8710,#8711,#8712,#8713,#8714));
#2264=EDGE_LOOP('',(#8715));
#2265=EDGE_LOOP('',(#8716));
#2266=EDGE_LOOP('',(#8717));
#2267=EDGE_LOOP('',(#8718,#8719,#8720,#8721,#8722,#8723,#8724,#8725,#8726,
#8727,#8728,#8729));
#2268=EDGE_LOOP('',(#8730));
#2269=EDGE_LOOP('',(#8731,#8732,#8733,#8734,#8735,#8736,#8737,#8738,#8739));
#2270=EDGE_LOOP('',(#8740,#8741,#8742,#8743));
#2271=EDGE_LOOP('',(#8744,#8745,#8746,#8747));
#2272=EDGE_LOOP('',(#8748,#8749,#8750,#8751,#8752,#8753,#8754,#8755,#8756,
#8757,#8758,#8759));
#2273=EDGE_LOOP('',(#8760,#8761,#8762,#8763));
#2274=EDGE_LOOP('',(#8764,#8765,#8766,#8767));
#2275=EDGE_LOOP('',(#8768,#8769,#8770,#8771));
#2276=EDGE_LOOP('',(#8772,#8773,#8774,#8775));
#2277=EDGE_LOOP('',(#8776,#8777,#8778,#8779));
#2278=EDGE_LOOP('',(#8780,#8781,#8782,#8783));
#2279=EDGE_LOOP('',(#8784,#8785,#8786,#8787));
#2280=EDGE_LOOP('',(#8788,#8789,#8790,#8791,#8792,#8793,#8794,#8795,#8796,
#8797,#8798,#8799));
#2281=EDGE_LOOP('',(#8800,#8801,#8802,#8803));
#2282=EDGE_LOOP('',(#8804,#8805,#8806,#8807));
#2283=EDGE_LOOP('',(#8808,#8809,#8810,#8811,#8812,#8813,#8814,#8815,#8816));
#2284=EDGE_LOOP('',(#8817,#8818,#8819,#8820));
#2285=EDGE_LOOP('',(#8821,#8822,#8823,#8824));
#2286=EDGE_LOOP('',(#8825,#8826,#8827,#8828));
#2287=EDGE_LOOP('',(#8829,#8830,#8831,#8832));
#2288=EDGE_LOOP('',(#8833,#8834,#8835,#8836));
#2289=EDGE_LOOP('',(#8837,#8838,#8839,#8840));
#2290=EDGE_LOOP('',(#8841,#8842,#8843,#8844));
#2291=EDGE_LOOP('',(#8845,#8846,#8847,#8848,#8849,#8850,#8851,#8852,#8853,
#8854,#8855,#8856,#8857,#8858,#8859,#8860,#8861,#8862,#8863,#8864));
#2292=EDGE_LOOP('',(#8865,#8866,#8867,#8868,#8869,#8870,#8871,#8872,#8873,
#8874,#8875,#8876,#8877,#8878,#8879,#8880,#8881,#8882,#8883,#8884));
#2293=EDGE_LOOP('',(#8885,#8886,#8887,#8888,#8889,#8890,#8891,#8892,#8893,
#8894,#8895,#8896));
#2294=EDGE_LOOP('',(#8897,#8898,#8899,#8900,#8901,#8902,#8903,#8904,#8905));
#2295=EDGE_LOOP('',(#8906,#8907,#8908,#8909,#8910,#8911,#8912,#8913,#8914));
#2296=EDGE_LOOP('',(#8915,#8916,#8917,#8918));
#2297=EDGE_LOOP('',(#8919));
#2298=EDGE_LOOP('',(#8920));
#2299=EDGE_LOOP('',(#8921));
#2300=EDGE_LOOP('',(#8922));
#2301=EDGE_LOOP('',(#8923));
#2302=EDGE_LOOP('',(#8924));
#2303=EDGE_LOOP('',(#8925,#8926,#8927,#8928));
#2304=EDGE_LOOP('',(#8929,#8930,#8931,#8932));
#2305=EDGE_LOOP('',(#8933,#8934,#8935,#8936));
#2306=EDGE_LOOP('',(#8937,#8938,#8939,#8940));
#2307=EDGE_LOOP('',(#8941,#8942,#8943,#8944));
#2308=EDGE_LOOP('',(#8945,#8946,#8947,#8948));
#2309=EDGE_LOOP('',(#8949));
#2310=EDGE_LOOP('',(#8950));
#2311=EDGE_LOOP('',(#8951));
#2312=EDGE_LOOP('',(#8952));
#2313=EDGE_LOOP('',(#8953));
#2314=EDGE_LOOP('',(#8954,#8955,#8956,#8957));
#2315=EDGE_LOOP('',(#8958,#8959,#8960,#8961));
#2316=EDGE_LOOP('',(#8962,#8963,#8964,#8965));
#2317=EDGE_LOOP('',(#8966));
#2318=EDGE_LOOP('',(#8967,#8968,#8969,#8970));
#2319=EDGE_LOOP('',(#8971,#8972,#8973,#8974));
#2320=EDGE_LOOP('',(#8975));
#2321=EDGE_LOOP('',(#8976,#8977,#8978,#8979));
#2322=EDGE_LOOP('',(#8980));
#2323=EDGE_LOOP('',(#8981,#8982,#8983,#8984));
#2324=EDGE_LOOP('',(#8985,#8986,#8987,#8988));
#2325=EDGE_LOOP('',(#8989));
#2326=EDGE_LOOP('',(#8990));
#2327=EDGE_LOOP('',(#8991,#8992,#8993,#8994));
#2328=EDGE_LOOP('',(#8995,#8996,#8997,#8998));
#2329=EDGE_LOOP('',(#8999,#9000,#9001,#9002,#9003,#9004,#9005,#9006));
#2330=EDGE_LOOP('',(#9007,#9008,#9009,#9010));
#2331=EDGE_LOOP('',(#9011,#9012,#9013,#9014));
#2332=EDGE_LOOP('',(#9015,#9016,#9017,#9018));
#2333=EDGE_LOOP('',(#9019,#9020,#9021,#9022));
#2334=EDGE_LOOP('',(#9023,#9024,#9025,#9026,#9027,#9028,#9029,#9030));
#2335=EDGE_LOOP('',(#9031,#9032,#9033,#9034,#9035,#9036,#9037,#9038));
#2336=EDGE_LOOP('',(#9039));
#2337=EDGE_LOOP('',(#9040));
#2338=EDGE_LOOP('',(#9041,#9042,#9043,#9044));
#2339=EDGE_LOOP('',(#9045,#9046,#9047,#9048));
#2340=EDGE_LOOP('',(#9049,#9050,#9051,#9052));
#2341=EDGE_LOOP('',(#9053,#9054,#9055,#9056));
#2342=EDGE_LOOP('',(#9057,#9058,#9059,#9060,#9061,#9062,#9063,#9064));
#2343=EDGE_LOOP('',(#9065,#9066,#9067,#9068,#9069,#9070,#9071,#9072));
#2344=EDGE_LOOP('',(#9073,#9074,#9075,#9076,#9077,#9078,#9079,#9080));
#2345=EDGE_LOOP('',(#9081));
#2346=EDGE_LOOP('',(#9082));
#2347=EDGE_LOOP('',(#9083,#9084,#9085,#9086));
#2348=EDGE_LOOP('',(#9087,#9088,#9089,#9090));
#2349=EDGE_LOOP('',(#9091,#9092,#9093,#9094));
#2350=EDGE_LOOP('',(#9095,#9096,#9097,#9098));
#2351=EDGE_LOOP('',(#9099));
#2352=EDGE_LOOP('',(#9100));
#2353=EDGE_LOOP('',(#9101,#9102,#9103,#9104));
#2354=EDGE_LOOP('',(#9105,#9106,#9107,#9108));
#2355=EDGE_LOOP('',(#9109));
#2356=EDGE_LOOP('',(#9110));
#2357=EDGE_LOOP('',(#9111));
#2358=EDGE_LOOP('',(#9112));
#2359=EDGE_LOOP('',(#9113,#9114,#9115,#9116));
#2360=EDGE_LOOP('',(#9117,#9118,#9119,#9120));
#2361=EDGE_LOOP('',(#9121));
#2362=EDGE_LOOP('',(#9122));
#2363=EDGE_LOOP('',(#9123));
#2364=EDGE_LOOP('',(#9124));
#2365=EDGE_LOOP('',(#9125,#9126,#9127,#9128));
#2366=EDGE_LOOP('',(#9129,#9130,#9131,#9132));
#2367=EDGE_LOOP('',(#9133));
#2368=EDGE_LOOP('',(#9134));
#2369=EDGE_LOOP('',(#9135));
#2370=EDGE_LOOP('',(#9136));
#2371=EDGE_LOOP('',(#9137,#9138,#9139,#9140));
#2372=EDGE_LOOP('',(#9141,#9142,#9143,#9144));
#2373=EDGE_LOOP('',(#9145));
#2374=EDGE_LOOP('',(#9146));
#2375=EDGE_LOOP('',(#9147));
#2376=EDGE_LOOP('',(#9148));
#2377=EDGE_LOOP('',(#9149,#9150,#9151,#9152));
#2378=EDGE_LOOP('',(#9153,#9154,#9155,#9156));
#2379=EDGE_LOOP('',(#9157));
#2380=EDGE_LOOP('',(#9158));
#2381=EDGE_LOOP('',(#9159));
#2382=EDGE_LOOP('',(#9160));
#2383=EDGE_LOOP('',(#9161,#9162,#9163,#9164));
#2384=EDGE_LOOP('',(#9165,#9166,#9167,#9168));
#2385=EDGE_LOOP('',(#9169));
#2386=EDGE_LOOP('',(#9170));
#2387=EDGE_LOOP('',(#9171));
#2388=EDGE_LOOP('',(#9172));
#2389=EDGE_LOOP('',(#9173,#9174,#9175,#9176));
#2390=EDGE_LOOP('',(#9177,#9178,#9179,#9180));
#2391=EDGE_LOOP('',(#9181));
#2392=EDGE_LOOP('',(#9182));
#2393=EDGE_LOOP('',(#9183));
#2394=EDGE_LOOP('',(#9184));
#2395=EDGE_LOOP('',(#9185,#9186,#9187,#9188));
#2396=EDGE_LOOP('',(#9189,#9190,#9191,#9192));
#2397=EDGE_LOOP('',(#9193));
#2398=EDGE_LOOP('',(#9194));
#2399=EDGE_LOOP('',(#9195));
#2400=EDGE_LOOP('',(#9196));
#2401=LINE('',#14517,#3294);
#2402=LINE('',#14519,#3295);
#2403=LINE('',#14521,#3296);
#2404=LINE('',#14522,#3297);
#2405=LINE('',#14526,#3298);
#2406=LINE('',#14528,#3299);
#2407=LINE('',#14530,#3300);
#2408=LINE('',#14531,#3301);
#2409=LINE('',#14533,#3302);
#2410=LINE('',#14534,#3303);
#2411=LINE('',#14538,#3304);
#2412=LINE('',#14540,#3305);
#2413=LINE('',#14542,#3306);
#2414=LINE('',#14543,#3307);
#2415=LINE('',#14547,#3308);
#2416=LINE('',#14549,#3309);
#2417=LINE('',#14551,#3310);
#2418=LINE('',#14552,#3311);
#2419=LINE('',#14554,#3312);
#2420=LINE('',#14555,#3313);
#2421=LINE('',#14558,#3314);
#2422=LINE('',#14560,#3315);
#2423=LINE('',#14562,#3316);
#2424=LINE('',#14564,#3317);
#2425=LINE('',#14565,#3318);
#2426=LINE('',#14568,#3319);
#2427=LINE('',#14570,#3320);
#2428=LINE('',#14571,#3321);
#2429=LINE('',#14573,#3322);
#2430=LINE('',#14577,#3323);
#2431=LINE('',#14581,#3324);
#2432=LINE('',#14583,#3325);
#2433=LINE('',#14585,#3326);
#2434=LINE('',#14586,#3327);
#2435=LINE('',#14590,#3328);
#2436=LINE('',#14595,#3329);
#2437=LINE('',#14598,#3330);
#2438=LINE('',#14600,#3331);
#2439=LINE('',#14601,#3332);
#2440=LINE('',#14605,#3333);
#2441=LINE('',#14609,#3334);
#2442=LINE('',#14613,#3335);
#2443=LINE('',#14615,#3336);
#2444=LINE('',#14618,#3337);
#2445=LINE('',#14620,#3338);
#2446=LINE('',#14621,#3339);
#2447=LINE('',#14624,#3340);
#2448=LINE('',#14625,#3341);
#2449=LINE('',#14627,#3342);
#2450=LINE('',#14630,#3343);
#2451=LINE('',#14631,#3344);
#2452=LINE('',#14793,#3345);
#2453=LINE('',#14797,#3346);
#2454=LINE('',#14805,#3347);
#2455=LINE('',#14812,#3348);
#2456=LINE('',#14818,#3349);
#2457=LINE('',#14824,#3350);
#2458=LINE('',#14830,#3351);
#2459=LINE('',#14838,#3352);
#2460=LINE('',#14843,#3353);
#2461=LINE('',#14851,#3354);
#2462=LINE('',#14853,#3355);
#2463=LINE('',#14854,#3356);
#2464=LINE('',#14858,#3357);
#2465=LINE('',#14860,#3358);
#2466=LINE('',#14861,#3359);
#2467=LINE('',#14864,#3360);
#2468=LINE('',#14873,#3361);
#2469=LINE('',#14877,#3362);
#2470=LINE('',#14881,#3363);
#2471=LINE('',#14885,#3364);
#2472=LINE('',#14890,#3365);
#2473=LINE('',#14897,#3366);
#2474=LINE('',#14900,#3367);
#2475=LINE('',#14905,#3368);
#2476=LINE('',#14908,#3369);
#2477=LINE('',#14911,#3370);
#2478=LINE('',#14912,#3371);
#2479=LINE('',#14915,#3372);
#2480=LINE('',#14916,#3373);
#2481=LINE('',#14918,#3374);
#2482=LINE('',#14921,#3375);
#2483=LINE('',#14925,#3376);
#2484=LINE('',#14929,#3377);
#2485=LINE('',#14935,#3378);
#2486=LINE('',#14941,#3379);
#2487=LINE('',#14946,#3380);
#2488=LINE('',#14953,#3381);
#2489=LINE('',#14960,#3382);
#2490=LINE('',#14967,#3383);
#2491=LINE('',#14972,#3384);
#2492=LINE('',#14974,#3385);
#2493=LINE('',#14975,#3386);
#2494=LINE('',#14978,#3387);
#2495=LINE('',#14979,#3388);
#2496=LINE('',#14982,#3389);
#2497=LINE('',#14983,#3390);
#2498=LINE('',#14985,#3391);
#2499=LINE('',#14987,#3392);
#2500=LINE('',#14988,#3393);
#2501=LINE('',#14991,#3394);
#2502=LINE('',#14993,#3395);
#2503=LINE('',#14994,#3396);
#2504=LINE('',#14997,#3397);
#2505=LINE('',#14999,#3398);
#2506=LINE('',#15000,#3399);
#2507=LINE('',#15003,#3400);
#2508=LINE('',#15004,#3401);
#2509=LINE('',#15007,#3402);
#2510=LINE('',#15008,#3403);
#2511=LINE('',#15011,#3404);
#2512=LINE('',#15013,#3405);
#2513=LINE('',#15015,#3406);
#2514=LINE('',#15017,#3407);
#2515=LINE('',#15019,#3408);
#2516=LINE('',#15021,#3409);
#2517=LINE('',#15023,#3410);
#2518=LINE('',#15025,#3411);
#2519=LINE('',#15026,#3412);
#2520=LINE('',#15031,#3413);
#2521=LINE('',#15033,#3414);
#2522=LINE('',#15037,#3415);
#2523=LINE('',#15039,#3416);
#2524=LINE('',#15041,#3417);
#2525=LINE('',#15043,#3418);
#2526=LINE('',#15045,#3419);
#2527=LINE('',#15047,#3420);
#2528=LINE('',#15048,#3421);
#2529=LINE('',#15051,#3422);
#2530=LINE('',#15053,#3423);
#2531=LINE('',#15055,#3424);
#2532=LINE('',#15057,#3425);
#2533=LINE('',#15059,#3426);
#2534=LINE('',#15061,#3427);
#2535=LINE('',#15062,#3428);
#2536=LINE('',#15065,#3429);
#2537=LINE('',#15066,#3430);
#2538=LINE('',#15069,#3431);
#2539=LINE('',#15070,#3432);
#2540=LINE('',#15072,#3433);
#2541=LINE('',#15075,#3434);
#2542=LINE('',#15077,#3435);
#2543=LINE('',#15078,#3436);
#2544=LINE('',#15081,#3437);
#2545=LINE('',#15083,#3438);
#2546=LINE('',#15084,#3439);
#2547=LINE('',#15086,#3440);
#2548=LINE('',#15087,#3441);
#2549=LINE('',#15090,#3442);
#2550=LINE('',#15092,#3443);
#2551=LINE('',#15093,#3444);
#2552=LINE('',#15095,#3445);
#2553=LINE('',#15098,#3446);
#2554=LINE('',#15100,#3447);
#2555=LINE('',#15101,#3448);
#2556=LINE('',#15104,#3449);
#2557=LINE('',#15105,#3450);
#2558=LINE('',#15108,#3451);
#2559=LINE('',#15109,#3452);
#2560=LINE('',#15113,#3453);
#2561=LINE('',#15115,#3454);
#2562=LINE('',#15117,#3455);
#2563=LINE('',#15130,#3456);
#2564=LINE('',#15132,#3457);
#2565=LINE('',#15134,#3458);
#2566=LINE('',#15135,#3459);
#2567=LINE('',#15138,#3460);
#2568=LINE('',#15140,#3461);
#2569=LINE('',#15142,#3462);
#2570=LINE('',#15143,#3463);
#2571=LINE('',#15148,#3464);
#2572=LINE('',#15154,#3465);
#2573=LINE('',#15156,#3466);
#2574=LINE('',#15158,#3467);
#2575=LINE('',#15159,#3468);
#2576=LINE('',#15163,#3469);
#2577=LINE('',#15165,#3470);
#2578=LINE('',#15167,#3471);
#2579=LINE('',#15168,#3472);
#2580=LINE('',#15173,#3473);
#2581=LINE('',#15175,#3474);
#2582=LINE('',#15176,#3475);
#2583=LINE('',#15180,#3476);
#2584=LINE('',#15182,#3477);
#2585=LINE('',#15184,#3478);
#2586=LINE('',#15185,#3479);
#2587=LINE('',#15188,#3480);
#2588=LINE('',#15190,#3481);
#2589=LINE('',#15191,#3482);
#2590=LINE('',#15194,#3483);
#2591=LINE('',#15200,#3484);
#2592=LINE('',#15205,#3485);
#2593=LINE('',#15208,#3486);
#2594=LINE('',#15210,#3487);
#2595=LINE('',#15211,#3488);
#2596=LINE('',#15214,#3489);
#2597=LINE('',#15216,#3490);
#2598=LINE('',#15217,#3491);
#2599=LINE('',#15220,#3492);
#2600=LINE('',#15222,#3493);
#2601=LINE('',#15223,#3494);
#2602=LINE('',#15225,#3495);
#2603=LINE('',#15226,#3496);
#2604=LINE('',#15227,#3497);
#2605=LINE('',#15228,#3498);
#2606=LINE('',#15233,#3499);
#2607=LINE('',#15238,#3500);
#2608=LINE('',#15241,#3501);
#2609=LINE('',#15242,#3502);
#2610=LINE('',#15245,#3503);
#2611=LINE('',#15246,#3504);
#2612=LINE('',#15249,#3505);
#2613=LINE('',#15250,#3506);
#2614=LINE('',#15253,#3507);
#2615=LINE('',#15254,#3508);
#2616=LINE('',#15257,#3509);
#2617=LINE('',#15258,#3510);
#2618=LINE('',#15261,#3511);
#2619=LINE('',#15262,#3512);
#2620=LINE('',#15264,#3513);
#2621=LINE('',#15269,#3514);
#2622=LINE('',#15271,#3515);
#2623=LINE('',#15272,#3516);
#2624=LINE('',#15276,#3517);
#2625=LINE('',#15278,#3518);
#2626=LINE('',#15279,#3519);
#2627=LINE('',#15284,#3520);
#2628=LINE('',#15288,#3521);
#2629=LINE('',#15290,#3522);
#2630=LINE('',#15291,#3523);
#2631=LINE('',#15294,#3524);
#2632=LINE('',#15296,#3525);
#2633=LINE('',#15297,#3526);
#2634=LINE('',#15306,#3527);
#2635=LINE('',#15312,#3528);
#2636=LINE('',#15318,#3529);
#2637=LINE('',#15324,#3530);
#2638=LINE('',#15344,#3531);
#2639=LINE('',#15348,#3532);
#2640=LINE('',#15352,#3533);
#2641=LINE('',#15356,#3534);
#2642=LINE('',#15360,#3535);
#2643=LINE('',#15370,#3536);
#2644=LINE('',#15379,#3537);
#2645=LINE('',#15382,#3538);
#2646=LINE('',#15388,#3539);
#2647=LINE('',#15391,#3540);
#2648=LINE('',#15394,#3541);
#2649=LINE('',#15396,#3542);
#2650=LINE('',#15397,#3543);
#2651=LINE('',#15402,#3544);
#2652=LINE('',#15411,#3545);
#2653=LINE('',#15412,#3546);
#2654=LINE('',#15415,#3547);
#2655=LINE('',#15416,#3548);
#2656=LINE('',#15419,#3549);
#2657=LINE('',#15420,#3550);
#2658=LINE('',#15423,#3551);
#2659=LINE('',#15425,#3552);
#2660=LINE('',#15426,#3553);
#2661=LINE('',#15433,#3554);
#2662=LINE('',#15434,#3555);
#2663=LINE('',#15435,#3556);
#2664=LINE('',#15438,#3557);
#2665=LINE('',#15440,#3558);
#2666=LINE('',#15442,#3559);
#2667=LINE('',#15443,#3560);
#2668=LINE('',#15447,#3561);
#2669=LINE('',#15449,#3562);
#2670=LINE('',#15451,#3563);
#2671=LINE('',#15452,#3564);
#2672=LINE('',#15455,#3565);
#2673=LINE('',#15457,#3566);
#2674=LINE('',#15459,#3567);
#2675=LINE('',#15460,#3568);
#2676=LINE('',#15466,#3569);
#2677=LINE('',#15467,#3570);
#2678=LINE('',#15469,#3571);
#2679=LINE('',#15471,#3572);
#2680=LINE('',#15474,#3573);
#2681=LINE('',#15475,#3574);
#2682=LINE('',#15477,#3575);
#2683=LINE('',#15479,#3576);
#2684=LINE('',#15482,#3577);
#2685=LINE('',#15484,#3578);
#2686=LINE('',#15488,#3579);
#2687=LINE('',#15489,#3580);
#2688=LINE('',#15491,#3581);
#2689=LINE('',#15492,#3582);
#2690=LINE('',#15495,#3583);
#2691=LINE('',#15496,#3584);
#2692=LINE('',#15500,#3585);
#2693=LINE('',#15501,#3586);
#2694=LINE('',#15502,#3587);
#2695=LINE('',#15513,#3588);
#2696=LINE('',#15520,#3589);
#2697=LINE('',#15526,#3590);
#2698=LINE('',#15528,#3591);
#2699=LINE('',#15530,#3592);
#2700=LINE('',#15531,#3593);
#2701=LINE('',#15535,#3594);
#2702=LINE('',#15537,#3595);
#2703=LINE('',#15539,#3596);
#2704=LINE('',#15540,#3597);
#2705=LINE('',#15542,#3598);
#2706=LINE('',#15543,#3599);
#2707=LINE('',#15551,#3600);
#2708=LINE('',#15553,#3601);
#2709=LINE('',#15555,#3602);
#2710=LINE('',#15556,#3603);
#2711=LINE('',#15560,#3604);
#2712=LINE('',#15562,#3605);
#2713=LINE('',#15564,#3606);
#2714=LINE('',#15565,#3607);
#2715=LINE('',#15567,#3608);
#2716=LINE('',#15568,#3609);
#2717=LINE('',#15574,#3610);
#2718=LINE('',#15576,#3611);
#2719=LINE('',#15578,#3612);
#2720=LINE('',#15579,#3613);
#2721=LINE('',#15584,#3614);
#2722=LINE('',#15589,#3615);
#2723=LINE('',#15591,#3616);
#2724=LINE('',#15593,#3617);
#2725=LINE('',#15594,#3618);
#2726=LINE('',#15596,#3619);
#2727=LINE('',#15597,#3620);
#2728=LINE('',#15600,#3621);
#2729=LINE('',#15602,#3622);
#2730=LINE('',#15603,#3623);
#2731=LINE('',#15613,#3624);
#2732=LINE('',#15615,#3625);
#2733=LINE('',#15617,#3626);
#2734=LINE('',#15619,#3627);
#2735=LINE('',#15620,#3628);
#2736=LINE('',#15623,#3629);
#2737=LINE('',#15625,#3630);
#2738=LINE('',#15627,#3631);
#2739=LINE('',#15628,#3632);
#2740=LINE('',#15632,#3633);
#2741=LINE('',#15634,#3634);
#2742=LINE('',#15636,#3635);
#2743=LINE('',#15637,#3636);
#2744=LINE('',#15640,#3637);
#2745=LINE('',#15642,#3638);
#2746=LINE('',#15643,#3639);
#2747=LINE('',#15647,#3640);
#2748=LINE('',#15651,#3641);
#2749=LINE('',#15654,#3642);
#2750=LINE('',#15656,#3643);
#2751=LINE('',#15658,#3644);
#2752=LINE('',#15659,#3645);
#2753=LINE('',#15661,#3646);
#2754=LINE('',#15662,#3647);
#2755=LINE('',#15665,#3648);
#2756=LINE('',#15667,#3649);
#2757=LINE('',#15668,#3650);
#2758=LINE('',#15670,#3651);
#2759=LINE('',#15671,#3652);
#2760=LINE('',#15678,#3653);
#2761=LINE('',#15684,#3654);
#2762=LINE('',#15688,#3655);
#2763=LINE('',#15690,#3656);
#2764=LINE('',#15693,#3657);
#2765=LINE('',#15696,#3658);
#2766=LINE('',#15702,#3659);
#2767=LINE('',#15705,#3660);
#2768=LINE('',#15707,#3661);
#2769=LINE('',#15709,#3662);
#2770=LINE('',#15712,#3663);
#2771=LINE('',#15720,#3664);
#2772=LINE('',#15727,#3665);
#2773=LINE('',#15734,#3666);
#2774=LINE('',#15741,#3667);
#2775=LINE('',#15748,#3668);
#2776=LINE('',#15755,#3669);
#2777=LINE('',#15762,#3670);
#2778=LINE('',#15769,#3671);
#2779=LINE('',#15776,#3672);
#2780=LINE('',#15783,#3673);
#2781=LINE('',#15790,#3674);
#2782=LINE('',#15797,#3675);
#2783=LINE('',#15804,#3676);
#2784=LINE('',#15811,#3677);
#2785=LINE('',#15818,#3678);
#2786=LINE('',#15825,#3679);
#2787=LINE('',#15831,#3680);
#2788=LINE('',#15835,#3681);
#2789=LINE('',#15839,#3682);
#2790=LINE('',#15841,#3683);
#2791=LINE('',#15845,#3684);
#2792=LINE('',#15848,#3685);
#2793=LINE('',#15850,#3686);
#2794=LINE('',#15851,#3687);
#2795=LINE('',#15855,#3688);
#2796=LINE('',#15859,#3689);
#2797=LINE('',#15863,#3690);
#2798=LINE('',#15865,#3691);
#2799=LINE('',#15869,#3692);
#2800=LINE('',#15872,#3693);
#2801=LINE('',#15874,#3694);
#2802=LINE('',#15875,#3695);
#2803=LINE('',#15879,#3696);
#2804=LINE('',#15881,#3697);
#2805=LINE('',#15883,#3698);
#2806=LINE('',#15884,#3699);
#2807=LINE('',#15887,#3700);
#2808=LINE('',#15889,#3701);
#2809=LINE('',#15890,#3702);
#2810=LINE('',#15893,#3703);
#2811=LINE('',#15895,#3704);
#2812=LINE('',#15896,#3705);
#2813=LINE('',#15898,#3706);
#2814=LINE('',#15899,#3707);
#2815=LINE('',#15903,#3708);
#2816=LINE('',#15905,#3709);
#2817=LINE('',#15907,#3710);
#2818=LINE('',#15908,#3711);
#2819=LINE('',#15911,#3712);
#2820=LINE('',#15913,#3713);
#2821=LINE('',#15915,#3714);
#2822=LINE('',#15917,#3715);
#2823=LINE('',#15919,#3716);
#2824=LINE('',#15921,#3717);
#2825=LINE('',#15922,#3718);
#2826=LINE('',#15926,#3719);
#2827=LINE('',#15928,#3720);
#2828=LINE('',#15930,#3721);
#2829=LINE('',#15931,#3722);
#2830=LINE('',#15933,#3723);
#2831=LINE('',#15935,#3724);
#2832=LINE('',#15936,#3725);
#2833=LINE('',#15938,#3726);
#2834=LINE('',#15940,#3727);
#2835=LINE('',#15945,#3728);
#2836=LINE('',#15951,#3729);
#2837=LINE('',#15953,#3730);
#2838=LINE('',#15955,#3731);
#2839=LINE('',#15956,#3732);
#2840=LINE('',#15960,#3733);
#2841=LINE('',#15962,#3734);
#2842=LINE('',#15964,#3735);
#2843=LINE('',#15965,#3736);
#2844=LINE('',#15967,#3737);
#2845=LINE('',#15968,#3738);
#2846=LINE('',#15971,#3739);
#2847=LINE('',#15973,#3740);
#2848=LINE('',#15974,#3741);
#2849=LINE('',#15977,#3742);
#2850=LINE('',#15979,#3743);
#2851=LINE('',#15980,#3744);
#2852=LINE('',#15982,#3745);
#2853=LINE('',#15984,#3746);
#2854=LINE('',#15986,#3747);
#2855=LINE('',#15988,#3748);
#2856=LINE('',#15989,#3749);
#2857=LINE('',#15991,#3750);
#2858=LINE('',#15993,#3751);
#2859=LINE('',#15994,#3752);
#2860=LINE('',#16003,#3753);
#2861=LINE('',#16005,#3754);
#2862=LINE('',#16006,#3755);
#2863=LINE('',#16008,#3756);
#2864=LINE('',#16010,#3757);
#2865=LINE('',#16012,#3758);
#2866=LINE('',#16014,#3759);
#2867=LINE('',#16015,#3760);
#2868=LINE('',#16019,#3761);
#2869=LINE('',#16022,#3762);
#2870=LINE('',#16023,#3763);
#2871=LINE('',#16029,#3764);
#2872=LINE('',#16032,#3765);
#2873=LINE('',#16034,#3766);
#2874=LINE('',#16036,#3767);
#2875=LINE('',#16040,#3768);
#2876=LINE('',#16043,#3769);
#2877=LINE('',#16047,#3770);
#2878=LINE('',#16048,#3771);
#2879=LINE('',#16051,#3772);
#2880=LINE('',#16052,#3773);
#2881=LINE('',#16054,#3774);
#2882=LINE('',#16060,#3775);
#2883=LINE('',#16062,#3776);
#2884=LINE('',#16064,#3777);
#2885=LINE('',#16065,#3778);
#2886=LINE('',#16094,#3779);
#2887=LINE('',#16096,#3780);
#2888=LINE('',#16097,#3781);
#2889=LINE('',#16100,#3782);
#2890=LINE('',#16101,#3783);
#2891=LINE('',#16104,#3784);
#2892=LINE('',#16107,#3785);
#2893=LINE('',#16110,#3786);
#2894=LINE('',#16112,#3787);
#2895=LINE('',#16116,#3788);
#2896=LINE('',#16120,#3789);
#2897=LINE('',#16123,#3790);
#2898=LINE('',#16126,#3791);
#2899=LINE('',#16130,#3792);
#2900=LINE('',#16132,#3793);
#2901=LINE('',#16136,#3794);
#2902=LINE('',#16140,#3795);
#2903=LINE('',#16143,#3796);
#2904=LINE('',#16146,#3797);
#2905=LINE('',#16149,#3798);
#2906=LINE('',#16152,#3799);
#2907=LINE('',#16165,#3800);
#2908=LINE('',#16170,#3801);
#2909=LINE('',#16176,#3802);
#2910=LINE('',#16179,#3803);
#2911=LINE('',#16184,#3804);
#2912=LINE('',#16188,#3805);
#2913=LINE('',#16191,#3806);
#2914=LINE('',#16197,#3807);
#2915=LINE('',#16219,#3808);
#2916=LINE('',#16222,#3809);
#2917=LINE('',#16228,#3810);
#2918=LINE('',#16231,#3811);
#2919=LINE('',#16239,#3812);
#2920=LINE('',#16240,#3813);
#2921=LINE('',#16269,#3814);
#2922=LINE('',#16272,#3815);
#2923=LINE('',#16275,#3816);
#2924=LINE('',#16278,#3817);
#2925=LINE('',#16289,#3818);
#2926=LINE('',#16292,#3819);
#2927=LINE('',#16295,#3820);
#2928=LINE('',#16298,#3821);
#2929=LINE('',#16309,#3822);
#2930=LINE('',#16312,#3823);
#2931=LINE('',#16315,#3824);
#2932=LINE('',#16318,#3825);
#2933=LINE('',#16325,#3826);
#2934=LINE('',#16327,#3827);
#2935=LINE('',#16329,#3828);
#2936=LINE('',#16331,#3829);
#2937=LINE('',#16333,#3830);
#2938=LINE('',#16335,#3831);
#2939=LINE('',#16344,#3832);
#2940=LINE('',#16347,#3833);
#2941=LINE('',#16350,#3834);
#2942=LINE('',#16354,#3835);
#2943=LINE('',#16358,#3836);
#2944=LINE('',#16361,#3837);
#2945=LINE('',#16372,#3838);
#2946=LINE('',#16374,#3839);
#2947=LINE('',#16376,#3840);
#2948=LINE('',#16378,#3841);
#2949=LINE('',#16380,#3842);
#2950=LINE('',#16382,#3843);
#2951=LINE('',#16384,#3844);
#2952=LINE('',#16386,#3845);
#2953=LINE('',#16388,#3846);
#2954=LINE('',#16390,#3847);
#2955=LINE('',#16392,#3848);
#2956=LINE('',#16393,#3849);
#2957=LINE('',#16396,#3850);
#2958=LINE('',#16397,#3851);
#2959=LINE('',#16400,#3852);
#2960=LINE('',#16404,#3853);
#2961=LINE('',#16409,#3854);
#2962=LINE('',#16412,#3855);
#2963=LINE('',#16415,#3856);
#2964=LINE('',#16418,#3857);
#2965=LINE('',#16419,#3858);
#2966=LINE('',#16423,#3859);
#2967=LINE('',#16428,#3860);
#2968=LINE('',#16435,#3861);
#2969=LINE('',#16442,#3862);
#2970=LINE('',#16449,#3863);
#2971=LINE('',#16454,#3864);
#2972=LINE('',#16459,#3865);
#2973=LINE('',#16464,#3866);
#2974=LINE('',#16469,#3867);
#2975=LINE('',#16475,#3868);
#2976=LINE('',#16476,#3869);
#2977=LINE('',#16477,#3870);
#2978=LINE('',#16480,#3871);
#2979=LINE('',#16481,#3872);
#2980=LINE('',#16484,#3873);
#2981=LINE('',#16485,#3874);
#2982=LINE('',#16489,#3875);
#2983=LINE('',#16490,#3876);
#2984=LINE('',#16491,#3877);
#2985=LINE('',#16493,#3878);
#2986=LINE('',#16496,#3879);
#2987=LINE('',#16501,#3880);
#2988=LINE('',#16506,#3881);
#2989=LINE('',#16508,#3882);
#2990=LINE('',#16510,#3883);
#2991=LINE('',#16512,#3884);
#2992=LINE('',#16514,#3885);
#2993=LINE('',#16516,#3886);
#2994=LINE('',#16517,#3887);
#2995=LINE('',#16526,#3888);
#2996=LINE('',#16528,#3889);
#2997=LINE('',#16530,#3890);
#2998=LINE('',#16531,#3891);
#2999=LINE('',#16538,#3892);
#3000=LINE('',#16540,#3893);
#3001=LINE('',#16542,#3894);
#3002=LINE('',#16543,#3895);
#3003=LINE('',#16547,#3896);
#3004=LINE('',#16548,#3897);
#3005=LINE('',#16550,#3898);
#3006=LINE('',#16552,#3899);
#3007=LINE('',#16555,#3900);
#3008=LINE('',#16559,#3901);
#3009=LINE('',#16562,#3902);
#3010=LINE('',#16564,#3903);
#3011=LINE('',#16569,#3904);
#3012=LINE('',#16575,#3905);
#3013=LINE('',#16578,#3906);
#3014=LINE('',#16579,#3907);
#3015=LINE('',#16581,#3908);
#3016=LINE('',#16583,#3909);
#3017=LINE('',#16588,#3910);
#3018=LINE('',#16590,#3911);
#3019=LINE('',#16592,#3912);
#3020=LINE('',#16593,#3913);
#3021=LINE('',#16598,#3914);
#3022=LINE('',#16602,#3915);
#3023=LINE('',#16604,#3916);
#3024=LINE('',#16605,#3917);
#3025=LINE('',#16614,#3918);
#3026=LINE('',#16617,#3919);
#3027=LINE('',#16620,#3920);
#3028=LINE('',#16622,#3921);
#3029=LINE('',#16623,#3922);
#3030=LINE('',#16626,#3923);
#3031=LINE('',#16630,#3924);
#3032=LINE('',#16631,#3925);
#3033=LINE('',#16636,#3926);
#3034=LINE('',#16638,#3927);
#3035=LINE('',#16639,#3928);
#3036=LINE('',#16642,#3929);
#3037=LINE('',#16643,#3930);
#3038=LINE('',#16646,#3931);
#3039=LINE('',#16647,#3932);
#3040=LINE('',#16649,#3933);
#3041=LINE('',#16653,#3934);
#3042=LINE('',#16655,#3935);
#3043=LINE('',#16656,#3936);
#3044=LINE('',#16659,#3937);
#3045=LINE('',#16660,#3938);
#3046=LINE('',#16663,#3939);
#3047=LINE('',#16664,#3940);
#3048=LINE('',#16666,#3941);
#3049=LINE('',#16671,#3942);
#3050=LINE('',#16676,#3943);
#3051=LINE('',#16681,#3944);
#3052=LINE('',#16686,#3945);
#3053=LINE('',#16691,#3946);
#3054=LINE('',#16693,#3947);
#3055=LINE('',#16696,#3948);
#3056=LINE('',#16700,#3949);
#3057=LINE('',#16704,#3950);
#3058=LINE('',#16708,#3951);
#3059=LINE('',#16715,#3952);
#3060=LINE('',#16722,#3953);
#3061=LINE('',#16730,#3954);
#3062=LINE('',#16737,#3955);
#3063=LINE('',#16745,#3956);
#3064=LINE('',#16752,#3957);
#3065=LINE('',#16760,#3958);
#3066=LINE('',#16767,#3959);
#3067=LINE('',#16776,#3960);
#3068=LINE('',#16778,#3961);
#3069=LINE('',#16780,#3962);
#3070=LINE('',#16781,#3963);
#3071=LINE('',#16784,#3964);
#3072=LINE('',#16786,#3965);
#3073=LINE('',#16787,#3966);
#3074=LINE('',#16791,#3967);
#3075=LINE('',#16793,#3968);
#3076=LINE('',#16795,#3969);
#3077=LINE('',#16796,#3970);
#3078=LINE('',#16802,#3971);
#3079=LINE('',#16804,#3972);
#3080=LINE('',#16806,#3973);
#3081=LINE('',#16807,#3974);
#3082=LINE('',#16810,#3975);
#3083=LINE('',#16812,#3976);
#3084=LINE('',#16813,#3977);
#3085=LINE('',#16817,#3978);
#3086=LINE('',#16819,#3979);
#3087=LINE('',#16820,#3980);
#3088=LINE('',#16821,#3981);
#3089=LINE('',#16824,#3982);
#3090=LINE('',#16826,#3983);
#3091=LINE('',#16827,#3984);
#3092=LINE('',#16833,#3985);
#3093=LINE('',#16835,#3986);
#3094=LINE('',#16837,#3987);
#3095=LINE('',#16838,#3988);
#3096=LINE('',#16841,#3989);
#3097=LINE('',#16843,#3990);
#3098=LINE('',#16844,#3991);
#3099=LINE('',#16848,#3992);
#3100=LINE('',#16850,#3993);
#3101=LINE('',#16851,#3994);
#3102=LINE('',#16852,#3995);
#3103=LINE('',#16855,#3996);
#3104=LINE('',#16857,#3997);
#3105=LINE('',#16858,#3998);
#3106=LINE('',#16864,#3999);
#3107=LINE('',#16866,#4000);
#3108=LINE('',#16868,#4001);
#3109=LINE('',#16869,#4002);
#3110=LINE('',#16872,#4003);
#3111=LINE('',#16874,#4004);
#3112=LINE('',#16875,#4005);
#3113=LINE('',#16879,#4006);
#3114=LINE('',#16881,#4007);
#3115=LINE('',#16883,#4008);
#3116=LINE('',#16884,#4009);
#3117=LINE('',#16892,#4010);
#3118=LINE('',#16895,#4011);
#3119=LINE('',#16906,#4012);
#3120=LINE('',#16907,#4013);
#3121=LINE('',#16918,#4014);
#3122=LINE('',#16919,#4015);
#3123=LINE('',#16930,#4016);
#3124=LINE('',#16931,#4017);
#3125=LINE('',#16937,#4018);
#3126=LINE('',#16940,#4019);
#3127=LINE('',#16943,#4020);
#3128=LINE('',#16944,#4021);
#3129=LINE('',#16947,#4022);
#3130=LINE('',#16951,#4023);
#3131=LINE('',#16952,#4024);
#3132=LINE('',#16954,#4025);
#3133=LINE('',#16956,#4026);
#3134=LINE('',#16957,#4027);
#3135=LINE('',#16959,#4028);
#3136=LINE('',#16960,#4029);
#3137=LINE('',#16961,#4030);
#3138=LINE('',#16993,#4031);
#3139=LINE('',#16995,#4032);
#3140=LINE('',#16997,#4033);
#3141=LINE('',#16998,#4034);
#3142=LINE('',#17004,#4035);
#3143=LINE('',#17007,#4036);
#3144=LINE('',#17009,#4037);
#3145=LINE('',#17010,#4038);
#3146=LINE('',#17017,#4039);
#3147=LINE('',#17023,#4040);
#3148=LINE('',#17026,#4041);
#3149=LINE('',#17032,#4042);
#3150=LINE('',#17038,#4043);
#3151=LINE('',#17041,#4044);
#3152=LINE('',#17047,#4045);
#3153=LINE('',#17053,#4046);
#3154=LINE('',#17056,#4047);
#3155=LINE('',#17062,#4048);
#3156=LINE('',#17068,#4049);
#3157=LINE('',#17071,#4050);
#3158=LINE('',#17077,#4051);
#3159=LINE('',#17083,#4052);
#3160=LINE('',#17086,#4053);
#3161=LINE('',#17092,#4054);
#3162=LINE('',#17098,#4055);
#3163=LINE('',#17101,#4056);
#3164=LINE('',#17107,#4057);
#3165=LINE('',#17113,#4058);
#3166=LINE('',#17116,#4059);
#3167=LINE('',#17122,#4060);
#3168=LINE('',#17128,#4061);
#3169=LINE('',#17131,#4062);
#3170=LINE('',#17138,#4063);
#3171=LINE('',#17141,#4064);
#3172=LINE('',#17150,#4065);
#3173=LINE('',#17152,#4066);
#3174=LINE('',#17154,#4067);
#3175=LINE('',#17156,#4068);
#3176=LINE('',#17158,#4069);
#3177=LINE('',#17160,#4070);
#3178=LINE('',#17162,#4071);
#3179=LINE('',#17164,#4072);
#3180=LINE('',#17166,#4073);
#3181=LINE('',#17168,#4074);
#3182=LINE('',#17170,#4075);
#3183=LINE('',#17171,#4076);
#3184=LINE('',#17175,#4077);
#3185=LINE('',#17176,#4078);
#3186=LINE('',#17177,#4079);
#3187=LINE('',#17178,#4080);
#3188=LINE('',#17180,#4081);
#3189=LINE('',#17182,#4082);
#3190=LINE('',#17184,#4083);
#3191=LINE('',#17185,#4084);
#3192=LINE('',#17187,#4085);
#3193=LINE('',#17189,#4086);
#3194=LINE('',#17191,#4087);
#3195=LINE('',#17192,#4088);
#3196=LINE('',#17194,#4089);
#3197=LINE('',#17197,#4090);
#3198=LINE('',#17198,#4091);
#3199=LINE('',#17200,#4092);
#3200=LINE('',#17201,#4093);
#3201=LINE('',#17202,#4094);
#3202=LINE('',#17204,#4095);
#3203=LINE('',#17206,#4096);
#3204=LINE('',#17208,#4097);
#3205=LINE('',#17210,#4098);
#3206=LINE('',#17213,#4099);
#3207=LINE('',#17215,#4100);
#3208=LINE('',#17217,#4101);
#3209=LINE('',#17225,#4102);
#3210=LINE('',#17231,#4103);
#3211=LINE('',#17241,#4104);
#3212=LINE('',#17257,#4105);
#3213=LINE('',#17261,#4106);
#3214=LINE('',#17265,#4107);
#3215=LINE('',#17269,#4108);
#3216=LINE('',#17273,#4109);
#3217=LINE('',#17279,#4110);
#3218=LINE('',#17282,#4111);
#3219=LINE('',#17285,#4112);
#3220=LINE('',#17287,#4113);
#3221=LINE('',#17289,#4114);
#3222=LINE('',#17290,#4115);
#3223=LINE('',#17293,#4116);
#3224=LINE('',#17295,#4117);
#3225=LINE('',#17296,#4118);
#3226=LINE('',#17299,#4119);
#3227=LINE('',#17307,#4120);
#3228=LINE('',#17309,#4121);
#3229=LINE('',#17311,#4122);
#3230=LINE('',#17312,#4123);
#3231=LINE('',#17316,#4124);
#3232=LINE('',#17318,#4125);
#3233=LINE('',#17320,#4126);
#3234=LINE('',#17321,#4127);
#3235=LINE('',#17326,#4128);
#3236=LINE('',#17328,#4129);
#3237=LINE('',#17329,#4130);
#3238=LINE('',#17336,#4131);
#3239=LINE('',#17338,#4132);
#3240=LINE('',#17340,#4133);
#3241=LINE('',#17341,#4134);
#3242=LINE('',#17344,#4135);
#3243=LINE('',#17346,#4136);
#3244=LINE('',#17347,#4137);
#3245=LINE('',#17356,#4138);
#3246=LINE('',#17358,#4139);
#3247=LINE('',#17359,#4140);
#3248=LINE('',#17362,#4141);
#3249=LINE('',#17364,#4142);
#3250=LINE('',#17365,#4143);
#3251=LINE('',#17368,#4144);
#3252=LINE('',#17369,#4145);
#3253=LINE('',#17371,#4146);
#3254=LINE('',#17372,#4147);
#3255=LINE('',#17376,#4148);
#3256=LINE('',#17380,#4149);
#3257=LINE('',#17383,#4150);
#3258=LINE('',#17384,#4151);
#3259=LINE('',#17387,#4152);
#3260=LINE('',#17389,#4153);
#3261=LINE('',#17390,#4154);
#3262=LINE('',#17392,#4155);
#3263=LINE('',#17394,#4156);
#3264=LINE('',#17395,#4157);
#3265=LINE('',#17397,#4158);
#3266=LINE('',#17398,#4159);
#3267=LINE('',#17401,#4160);
#3268=LINE('',#17402,#4161);
#3269=LINE('',#17405,#4162);
#3270=LINE('',#17406,#4163);
#3271=LINE('',#17410,#4164);
#3272=LINE('',#17414,#4165);
#3273=LINE('',#17416,#4166);
#3274=LINE('',#17418,#4167);
#3275=LINE('',#17422,#4168);
#3276=LINE('',#17426,#4169);
#3277=LINE('',#17427,#4170);
#3278=LINE('',#17436,#4171);
#3279=LINE('',#17442,#4172);
#3280=LINE('',#17450,#4173);
#3281=LINE('',#17456,#4174);
#3282=LINE('',#17464,#4175);
#3283=LINE('',#17470,#4176);
#3284=LINE('',#17478,#4177);
#3285=LINE('',#17484,#4178);
#3286=LINE('',#17492,#4179);
#3287=LINE('',#17498,#4180);
#3288=LINE('',#17506,#4181);
#3289=LINE('',#17512,#4182);
#3290=LINE('',#17520,#4183);
#3291=LINE('',#17526,#4184);
#3292=LINE('',#17534,#4185);
#3293=LINE('',#17540,#4186);
#3294=VECTOR('',#11438,10.);
#3295=VECTOR('',#11439,10.);
#3296=VECTOR('',#11440,10.);
#3297=VECTOR('',#11441,10.);
#3298=VECTOR('',#11444,10.);
#3299=VECTOR('',#11445,10.);
#3300=VECTOR('',#11446,10.);
#3301=VECTOR('',#11447,10.);
#3302=VECTOR('',#11450,10.);
#3303=VECTOR('',#11451,10.);
#3304=VECTOR('',#11454,10.);
#3305=VECTOR('',#11455,10.);
#3306=VECTOR('',#11456,10.);
#3307=VECTOR('',#11457,10.);
#3308=VECTOR('',#11460,10.);
#3309=VECTOR('',#11461,10.);
#3310=VECTOR('',#11462,10.);
#3311=VECTOR('',#11463,10.);
#3312=VECTOR('',#11466,10.);
#3313=VECTOR('',#11467,10.);
#3314=VECTOR('',#11470,10.);
#3315=VECTOR('',#11471,10.);
#3316=VECTOR('',#11472,10.);
#3317=VECTOR('',#11473,10.);
#3318=VECTOR('',#11474,10.);
#3319=VECTOR('',#11477,10.);
#3320=VECTOR('',#11478,10.);
#3321=VECTOR('',#11479,10.);
#3322=VECTOR('',#11480,10.);
#3323=VECTOR('',#11483,10.);
#3324=VECTOR('',#11488,10.);
#3325=VECTOR('',#11489,10.);
#3326=VECTOR('',#11490,10.);
#3327=VECTOR('',#11491,10.);
#3328=VECTOR('',#11496,10.);
#3329=VECTOR('',#11501,10.);
#3330=VECTOR('',#11504,10.);
#3331=VECTOR('',#11505,10.);
#3332=VECTOR('',#11506,10.);
#3333=VECTOR('',#11511,10.);
#3334=VECTOR('',#11516,10.);
#3335=VECTOR('',#11521,10.);
#3336=VECTOR('',#11524,10.);
#3337=VECTOR('',#11527,10.);
#3338=VECTOR('',#11528,10.);
#3339=VECTOR('',#11529,10.);
#3340=VECTOR('',#11532,10.);
#3341=VECTOR('',#11533,10.);
#3342=VECTOR('',#11536,10.);
#3343=VECTOR('',#11539,10.);
#3344=VECTOR('',#11540,10.);
#3345=VECTOR('',#11543,4.5);
#3346=VECTOR('',#11550,10.);
#3347=VECTOR('',#11561,3.50000005215406);
#3348=VECTOR('',#11570,1.);
#3349=VECTOR('',#11577,1.);
#3350=VECTOR('',#11584,1.);
#3351=VECTOR('',#11591,1.);
#3352=VECTOR('',#11602,10.5);
#3353=VECTOR('',#11607,15.500000230968);
#3354=VECTOR('',#11618,10.);
#3355=VECTOR('',#11619,10.);
#3356=VECTOR('',#11620,10.);
#3357=VECTOR('',#11623,10.);
#3358=VECTOR('',#11624,10.);
#3359=VECTOR('',#11625,10.);
#3360=VECTOR('',#11630,10.);
#3361=VECTOR('',#11639,10.);
#3362=VECTOR('',#11642,10.);
#3363=VECTOR('',#11645,73.);
#3364=VECTOR('',#11648,10.);
#3365=VECTOR('',#11653,10.);
#3366=VECTOR('',#11660,10.);
#3367=VECTOR('',#11663,10.);
#3368=VECTOR('',#11666,10.);
#3369=VECTOR('',#11669,10.);
#3370=VECTOR('',#11672,10.);
#3371=VECTOR('',#11673,10.);
#3372=VECTOR('',#11676,10.);
#3373=VECTOR('',#11677,10.);
#3374=VECTOR('',#11680,10.);
#3375=VECTOR('',#11683,75.);
#3376=VECTOR('',#11686,10.);
#3377=VECTOR('',#11689,10.);
#3378=VECTOR('',#11696,6.);
#3379=VECTOR('',#11705,9.);
#3380=VECTOR('',#11710,1.);
#3381=VECTOR('',#11719,1.);
#3382=VECTOR('',#11728,1.);
#3383=VECTOR('',#11737,1.);
#3384=VECTOR('',#11744,10.);
#3385=VECTOR('',#11745,10.);
#3386=VECTOR('',#11746,10.);
#3387=VECTOR('',#11749,10.);
#3388=VECTOR('',#11750,10.);
#3389=VECTOR('',#11753,10.);
#3390=VECTOR('',#11754,10.);
#3391=VECTOR('',#11757,10.);
#3392=VECTOR('',#11760,10.);
#3393=VECTOR('',#11761,10.);
#3394=VECTOR('',#11764,10.);
#3395=VECTOR('',#11765,10.);
#3396=VECTOR('',#11766,10.);
#3397=VECTOR('',#11769,10.);
#3398=VECTOR('',#11770,10.);
#3399=VECTOR('',#11771,10.);
#3400=VECTOR('',#11774,10.);
#3401=VECTOR('',#11775,10.);
#3402=VECTOR('',#11778,10.);
#3403=VECTOR('',#11779,10.);
#3404=VECTOR('',#11782,10.);
#3405=VECTOR('',#11783,10.);
#3406=VECTOR('',#11784,10.);
#3407=VECTOR('',#11785,10.);
#3408=VECTOR('',#11786,10.);
#3409=VECTOR('',#11787,10.);
#3410=VECTOR('',#11788,10.);
#3411=VECTOR('',#11789,10.);
#3412=VECTOR('',#11790,10.);
#3413=VECTOR('',#11797,10.);
#3414=VECTOR('',#11800,10.);
#3415=VECTOR('',#11805,10.);
#3416=VECTOR('',#11806,10.);
#3417=VECTOR('',#11807,10.);
#3418=VECTOR('',#11808,10.);
#3419=VECTOR('',#11809,10.);
#3420=VECTOR('',#11810,10.);
#3421=VECTOR('',#11811,10.);
#3422=VECTOR('',#11814,10.);
#3423=VECTOR('',#11815,10.);
#3424=VECTOR('',#11816,10.);
#3425=VECTOR('',#11817,10.);
#3426=VECTOR('',#11818,10.);
#3427=VECTOR('',#11819,10.);
#3428=VECTOR('',#11820,10.);
#3429=VECTOR('',#11823,10.);
#3430=VECTOR('',#11824,10.);
#3431=VECTOR('',#11827,10.);
#3432=VECTOR('',#11828,10.);
#3433=VECTOR('',#11831,10.);
#3434=VECTOR('',#11834,10.);
#3435=VECTOR('',#11835,10.);
#3436=VECTOR('',#11836,10.);
#3437=VECTOR('',#11839,10.);
#3438=VECTOR('',#11840,10.);
#3439=VECTOR('',#11841,10.);
#3440=VECTOR('',#11844,10.);
#3441=VECTOR('',#11845,10.);
#3442=VECTOR('',#11848,10.);
#3443=VECTOR('',#11849,10.);
#3444=VECTOR('',#11850,10.);
#3445=VECTOR('',#11853,10.);
#3446=VECTOR('',#11856,10.);
#3447=VECTOR('',#11857,10.);
#3448=VECTOR('',#11858,10.);
#3449=VECTOR('',#11861,10.);
#3450=VECTOR('',#11862,10.);
#3451=VECTOR('',#11865,10.);
#3452=VECTOR('',#11866,10.);
#3453=VECTOR('',#11871,5.);
#3454=VECTOR('',#11874,10.);
#3455=VECTOR('',#11877,10.);
#3456=VECTOR('',#11894,10.);
#3457=VECTOR('',#11895,10.);
#3458=VECTOR('',#11896,10.);
#3459=VECTOR('',#11897,10.);
#3460=VECTOR('',#11898,10.);
#3461=VECTOR('',#11899,10.);
#3462=VECTOR('',#11900,10.);
#3463=VECTOR('',#11901,10.);
#3464=VECTOR('',#11906,4.00000005960464);
#3465=VECTOR('',#11913,10.);
#3466=VECTOR('',#11914,10.);
#3467=VECTOR('',#11915,10.);
#3468=VECTOR('',#11916,10.);
#3469=VECTOR('',#11919,10.);
#3470=VECTOR('',#11920,10.);
#3471=VECTOR('',#11921,10.);
#3472=VECTOR('',#11922,10.);
#3473=VECTOR('',#11927,10.);
#3474=VECTOR('',#11928,10.);
#3475=VECTOR('',#11929,10.);
#3476=VECTOR('',#11932,10.);
#3477=VECTOR('',#11933,10.);
#3478=VECTOR('',#11934,10.);
#3479=VECTOR('',#11935,10.);
#3480=VECTOR('',#11938,10.);
#3481=VECTOR('',#11939,10.);
#3482=VECTOR('',#11940,10.);
#3483=VECTOR('',#11943,4.5);
#3484=VECTOR('',#11950,1.);
#3485=VECTOR('',#11957,1.);
#3486=VECTOR('',#11960,10.);
#3487=VECTOR('',#11961,10.);
#3488=VECTOR('',#11962,10.);
#3489=VECTOR('',#11965,10.);
#3490=VECTOR('',#11966,10.);
#3491=VECTOR('',#11967,10.);
#3492=VECTOR('',#11970,10.);
#3493=VECTOR('',#11971,10.);
#3494=VECTOR('',#11972,10.);
#3495=VECTOR('',#11975,10.);
#3496=VECTOR('',#11976,10.);
#3497=VECTOR('',#11977,10.);
#3498=VECTOR('',#11978,10.);
#3499=VECTOR('',#11983,1.);
#3500=VECTOR('',#11990,1.);
#3501=VECTOR('',#11993,10.);
#3502=VECTOR('',#11994,10.);
#3503=VECTOR('',#11997,10.);
#3504=VECTOR('',#11998,10.);
#3505=VECTOR('',#12001,10.);
#3506=VECTOR('',#12002,10.);
#3507=VECTOR('',#12005,10.);
#3508=VECTOR('',#12006,10.);
#3509=VECTOR('',#12009,10.);
#3510=VECTOR('',#12010,10.);
#3511=VECTOR('',#12013,10.);
#3512=VECTOR('',#12014,10.);
#3513=VECTOR('',#12017,10.);
#3514=VECTOR('',#12024,10.);
#3515=VECTOR('',#12025,10.);
#3516=VECTOR('',#12026,10.);
#3517=VECTOR('',#12031,10.);
#3518=VECTOR('',#12032,10.);
#3519=VECTOR('',#12033,10.);
#3520=VECTOR('',#12038,10.5);
#3521=VECTOR('',#12043,10.);
#3522=VECTOR('',#12044,10.);
#3523=VECTOR('',#12045,10.);
#3524=VECTOR('',#12048,10.);
#3525=VECTOR('',#12049,10.);
#3526=VECTOR('',#12050,10.);
#3527=VECTOR('',#12063,1.);
#3528=VECTOR('',#12070,1.);
#3529=VECTOR('',#12077,1.);
#3530=VECTOR('',#12084,1.);
#3531=VECTOR('',#12109,5.5);
#3532=VECTOR('',#12114,1.);
#3533=VECTOR('',#12119,1.);
#3534=VECTOR('',#12124,1.);
#3535=VECTOR('',#12129,1.);
#3536=VECTOR('',#12146,10.5);
#3537=VECTOR('',#12155,10.);
#3538=VECTOR('',#12158,10.);
#3539=VECTOR('',#12163,10.);
#3540=VECTOR('',#12166,10.);
#3541=VECTOR('',#12169,10.);
#3542=VECTOR('',#12170,10.);
#3543=VECTOR('',#12171,10.);
#3544=VECTOR('',#12176,10.);
#3545=VECTOR('',#12187,10.);
#3546=VECTOR('',#12188,10.);
#3547=VECTOR('',#12191,10.);
#3548=VECTOR('',#12192,10.);
#3549=VECTOR('',#12195,10.);
#3550=VECTOR('',#12196,10.);
#3551=VECTOR('',#12199,10.);
#3552=VECTOR('',#12200,10.);
#3553=VECTOR('',#12201,10.);
#3554=VECTOR('',#12208,10.);
#3555=VECTOR('',#12209,10.);
#3556=VECTOR('',#12210,10.);
#3557=VECTOR('',#12211,10.);
#3558=VECTOR('',#12212,10.);
#3559=VECTOR('',#12213,10.);
#3560=VECTOR('',#12214,10.);
#3561=VECTOR('',#12217,10.);
#3562=VECTOR('',#12218,10.);
#3563=VECTOR('',#12219,10.);
#3564=VECTOR('',#12220,10.);
#3565=VECTOR('',#12221,10.);
#3566=VECTOR('',#12222,10.);
#3567=VECTOR('',#12223,10.);
#3568=VECTOR('',#12224,10.);
#3569=VECTOR('',#12231,10.);
#3570=VECTOR('',#12232,10.);
#3571=VECTOR('',#12235,10.);
#3572=VECTOR('',#12238,10.);
#3573=VECTOR('',#12243,10.);
#3574=VECTOR('',#12244,10.);
#3575=VECTOR('',#12247,10.);
#3576=VECTOR('',#12250,10.);
#3577=VECTOR('',#12255,1.00000001490116);
#3578=VECTOR('',#12258,1.00000001490116);
#3579=VECTOR('',#12261,10.);
#3580=VECTOR('',#12262,10.);
#3581=VECTOR('',#12263,10.);
#3582=VECTOR('',#12264,10.);
#3583=VECTOR('',#12267,10.);
#3584=VECTOR('',#12268,10.);
#3585=VECTOR('',#12271,10.);
#3586=VECTOR('',#12272,10.);
#3587=VECTOR('',#12273,10.);
#3588=VECTOR('',#12290,1.);
#3589=VECTOR('',#12299,1.);
#3590=VECTOR('',#12306,10.);
#3591=VECTOR('',#12307,10.);
#3592=VECTOR('',#12308,10.);
#3593=VECTOR('',#12309,10.);
#3594=VECTOR('',#12312,10.);
#3595=VECTOR('',#12313,10.);
#3596=VECTOR('',#12314,10.);
#3597=VECTOR('',#12315,10.);
#3598=VECTOR('',#12318,10.);
#3599=VECTOR('',#12319,10.);
#3600=VECTOR('',#12328,10.);
#3601=VECTOR('',#12329,10.);
#3602=VECTOR('',#12330,10.);
#3603=VECTOR('',#12331,10.);
#3604=VECTOR('',#12334,10.);
#3605=VECTOR('',#12335,10.);
#3606=VECTOR('',#12336,10.);
#3607=VECTOR('',#12337,10.);
#3608=VECTOR('',#12340,10.);
#3609=VECTOR('',#12341,10.);
#3610=VECTOR('',#12348,10.);
#3611=VECTOR('',#12349,10.);
#3612=VECTOR('',#12350,10.);
#3613=VECTOR('',#12351,10.);
#3614=VECTOR('',#12358,3.5);
#3615=VECTOR('',#12363,10.);
#3616=VECTOR('',#12364,10.);
#3617=VECTOR('',#12365,10.);
#3618=VECTOR('',#12366,10.);
#3619=VECTOR('',#12369,10.);
#3620=VECTOR('',#12370,10.);
#3621=VECTOR('',#12373,10.);
#3622=VECTOR('',#12374,10.);
#3623=VECTOR('',#12375,10.);
#3624=VECTOR('',#12386,10.);
#3625=VECTOR('',#12387,10.);
#3626=VECTOR('',#12388,10.);
#3627=VECTOR('',#12389,10.);
#3628=VECTOR('',#12390,10.);
#3629=VECTOR('',#12393,10.);
#3630=VECTOR('',#12394,10.);
#3631=VECTOR('',#12395,10.);
#3632=VECTOR('',#12396,10.);
#3633=VECTOR('',#12399,10.);
#3634=VECTOR('',#12400,10.);
#3635=VECTOR('',#12401,10.);
#3636=VECTOR('',#12402,10.);
#3637=VECTOR('',#12405,10.);
#3638=VECTOR('',#12406,10.);
#3639=VECTOR('',#12407,10.);
#3640=VECTOR('',#12412,1.00000001490116);
#3641=VECTOR('',#12417,1.00000001490116);
#3642=VECTOR('',#12420,10.);
#3643=VECTOR('',#12421,10.);
#3644=VECTOR('',#12422,10.);
#3645=VECTOR('',#12423,10.);
#3646=VECTOR('',#12426,10.);
#3647=VECTOR('',#12427,10.);
#3648=VECTOR('',#12430,10.);
#3649=VECTOR('',#12431,10.);
#3650=VECTOR('',#12432,10.);
#3651=VECTOR('',#12435,10.);
#3652=VECTOR('',#12436,10.);
#3653=VECTOR('',#12443,10.);
#3654=VECTOR('',#12452,10.);
#3655=VECTOR('',#12457,10.);
#3656=VECTOR('',#12458,10.);
#3657=VECTOR('',#12461,10.);
#3658=VECTOR('',#12464,10.);
#3659=VECTOR('',#12473,10.);
#3660=VECTOR('',#12476,10.);
#3661=VECTOR('',#12479,10.);
#3662=VECTOR('',#12482,10.);
#3663=VECTOR('',#12487,10.);
#3664=VECTOR('',#12498,0.800000000000001);
#3665=VECTOR('',#12507,2.5);
#3666=VECTOR('',#12516,0.800000000000001);
#3667=VECTOR('',#12525,2.5);
#3668=VECTOR('',#12534,0.800000000000001);
#3669=VECTOR('',#12543,2.5);
#3670=VECTOR('',#12552,0.800000000000001);
#3671=VECTOR('',#12561,2.5);
#3672=VECTOR('',#12570,0.799999999999983);
#3673=VECTOR('',#12579,2.5);
#3674=VECTOR('',#12588,0.800000000000001);
#3675=VECTOR('',#12597,2.5);
#3676=VECTOR('',#12606,0.799999999999983);
#3677=VECTOR('',#12615,2.5);
#3678=VECTOR('',#12624,0.800000000000001);
#3679=VECTOR('',#12633,2.5);
#3680=VECTOR('',#12640,10.);
#3681=VECTOR('',#12643,10.);
#3682=VECTOR('',#12648,10.);
#3683=VECTOR('',#12649,10.);
#3684=VECTOR('',#12654,10.);
#3685=VECTOR('',#12657,10.);
#3686=VECTOR('',#12660,10.);
#3687=VECTOR('',#12661,10.);
#3688=VECTOR('',#12664,10.);
#3689=VECTOR('',#12667,10.);
#3690=VECTOR('',#12672,10.);
#3691=VECTOR('',#12673,10.);
#3692=VECTOR('',#12678,10.);
#3693=VECTOR('',#12681,10.);
#3694=VECTOR('',#12684,10.);
#3695=VECTOR('',#12685,10.);
#3696=VECTOR('',#12688,10.);
#3697=VECTOR('',#12689,10.);
#3698=VECTOR('',#12690,10.);
#3699=VECTOR('',#12691,10.);
#3700=VECTOR('',#12694,10.);
#3701=VECTOR('',#12695,10.);
#3702=VECTOR('',#12696,10.);
#3703=VECTOR('',#12699,10.);
#3704=VECTOR('',#12700,10.);
#3705=VECTOR('',#12701,10.);
#3706=VECTOR('',#12704,10.);
#3707=VECTOR('',#12705,10.);
#3708=VECTOR('',#12708,10.);
#3709=VECTOR('',#12709,10.);
#3710=VECTOR('',#12710,10.);
#3711=VECTOR('',#12711,10.);
#3712=VECTOR('',#12714,10.);
#3713=VECTOR('',#12715,10.);
#3714=VECTOR('',#12716,10.);
#3715=VECTOR('',#12717,10.);
#3716=VECTOR('',#12718,10.);
#3717=VECTOR('',#12719,10.);
#3718=VECTOR('',#12720,10.);
#3719=VECTOR('',#12723,10.);
#3720=VECTOR('',#12724,10.);
#3721=VECTOR('',#12725,10.);
#3722=VECTOR('',#12726,10.);
#3723=VECTOR('',#12727,10.);
#3724=VECTOR('',#12728,10.);
#3725=VECTOR('',#12729,10.);
#3726=VECTOR('',#12732,10.);
#3727=VECTOR('',#12735,10.);
#3728=VECTOR('',#12740,0.799999999999983);
#3729=VECTOR('',#12747,10.);
#3730=VECTOR('',#12748,10.);
#3731=VECTOR('',#12749,10.);
#3732=VECTOR('',#12750,10.);
#3733=VECTOR('',#12753,10.);
#3734=VECTOR('',#12754,10.);
#3735=VECTOR('',#12755,10.);
#3736=VECTOR('',#12756,10.);
#3737=VECTOR('',#12759,10.);
#3738=VECTOR('',#12760,10.);
#3739=VECTOR('',#12763,10.);
#3740=VECTOR('',#12764,10.);
#3741=VECTOR('',#12765,10.);
#3742=VECTOR('',#12768,10.);
#3743=VECTOR('',#12769,10.);
#3744=VECTOR('',#12770,10.);
#3745=VECTOR('',#12771,10.);
#3746=VECTOR('',#12772,10.);
#3747=VECTOR('',#12773,10.);
#3748=VECTOR('',#12774,10.);
#3749=VECTOR('',#12775,10.);
#3750=VECTOR('',#12776,10.);
#3751=VECTOR('',#12777,10.);
#3752=VECTOR('',#12778,10.);
#3753=VECTOR('',#12787,10.);
#3754=VECTOR('',#12788,10.);
#3755=VECTOR('',#12789,10.);
#3756=VECTOR('',#12790,10.);
#3757=VECTOR('',#12791,10.);
#3758=VECTOR('',#12792,10.);
#3759=VECTOR('',#12793,10.);
#3760=VECTOR('',#12794,10.);
#3761=VECTOR('',#12799,0.8);
#3762=VECTOR('',#12804,10.);
#3763=VECTOR('',#12805,10.);
#3764=VECTOR('',#12814,0.799999999999983);
#3765=VECTOR('',#12819,10.);
#3766=VECTOR('',#12822,10.);
#3767=VECTOR('',#12825,10.);
#3768=VECTOR('',#12830,0.8);
#3769=VECTOR('',#12835,10.);
#3770=VECTOR('',#12840,10.);
#3771=VECTOR('',#12841,10.);
#3772=VECTOR('',#12844,10.);
#3773=VECTOR('',#12845,10.);
#3774=VECTOR('',#12848,10.);
#3775=VECTOR('',#12855,10.);
#3776=VECTOR('',#12856,10.);
#3777=VECTOR('',#12857,10.);
#3778=VECTOR('',#12858,10.);
#3779=VECTOR('',#12887,10.);
#3780=VECTOR('',#12888,10.);
#3781=VECTOR('',#12889,10.);
#3782=VECTOR('',#12892,10.);
#3783=VECTOR('',#12893,10.);
#3784=VECTOR('',#12896,10.);
#3785=VECTOR('',#12899,10.);
#3786=VECTOR('',#12902,10.);
#3787=VECTOR('',#12903,10.);
#3788=VECTOR('',#12906,10.);
#3789=VECTOR('',#12909,10.);
#3790=VECTOR('',#12912,10.);
#3791=VECTOR('',#12915,10.);
#3792=VECTOR('',#12920,10.);
#3793=VECTOR('',#12921,10.);
#3794=VECTOR('',#12924,10.);
#3795=VECTOR('',#12927,10.);
#3796=VECTOR('',#12930,10.);
#3797=VECTOR('',#12933,10.);
#3798=VECTOR('',#12936,10.);
#3799=VECTOR('',#12939,10.);
#3800=VECTOR('',#12962,10.);
#3801=VECTOR('',#12967,10.);
#3802=VECTOR('',#12976,10.);
#3803=VECTOR('',#12979,10.);
#3804=VECTOR('',#12984,10.);
#3805=VECTOR('',#12987,10.);
#3806=VECTOR('',#12990,10.);
#3807=VECTOR('',#12997,10.);
#3808=VECTOR('',#13034,10.);
#3809=VECTOR('',#13037,10.);
#3810=VECTOR('',#13042,10.);
#3811=VECTOR('',#13045,10.);
#3812=VECTOR('',#13058,10.);
#3813=VECTOR('',#13059,10.);
#3814=VECTOR('',#13088,10.);
#3815=VECTOR('',#13091,10.);
#3816=VECTOR('',#13094,10.);
#3817=VECTOR('',#13097,10.);
#3818=VECTOR('',#13112,10.);
#3819=VECTOR('',#13115,10.);
#3820=VECTOR('',#13118,10.);
#3821=VECTOR('',#13121,10.);
#3822=VECTOR('',#13136,10.);
#3823=VECTOR('',#13139,10.);
#3824=VECTOR('',#13142,10.);
#3825=VECTOR('',#13145,10.);
#3826=VECTOR('',#13158,1.1);
#3827=VECTOR('',#13161,1.09999999999999);
#3828=VECTOR('',#13164,1.1);
#3829=VECTOR('',#13167,1.09999999999999);
#3830=VECTOR('',#13170,14.);
#3831=VECTOR('',#13173,10.);
#3832=VECTOR('',#13184,10.);
#3833=VECTOR('',#13187,10.);
#3834=VECTOR('',#13190,10.);
#3835=VECTOR('',#13193,10.);
#3836=VECTOR('',#13196,10.);
#3837=VECTOR('',#13199,10.);
#3838=VECTOR('',#13208,10.);
#3839=VECTOR('',#13209,10.);
#3840=VECTOR('',#13210,10.);
#3841=VECTOR('',#13211,10.);
#3842=VECTOR('',#13212,10.);
#3843=VECTOR('',#13213,10.);
#3844=VECTOR('',#13214,10.);
#3845=VECTOR('',#13215,10.);
#3846=VECTOR('',#13216,10.);
#3847=VECTOR('',#13217,10.);
#3848=VECTOR('',#13218,10.);
#3849=VECTOR('',#13219,10.);
#3850=VECTOR('',#13222,10.);
#3851=VECTOR('',#13223,10.);
#3852=VECTOR('',#13224,10.);
#3853=VECTOR('',#13227,10.);
#3854=VECTOR('',#13234,10.);
#3855=VECTOR('',#13237,10.);
#3856=VECTOR('',#13240,10.);
#3857=VECTOR('',#13243,10.);
#3858=VECTOR('',#13244,10.);
#3859=VECTOR('',#13249,10.);
#3860=VECTOR('',#13254,0.750000000000002);
#3861=VECTOR('',#13263,0.750000000000004);
#3862=VECTOR('',#13272,0.750000000000002);
#3863=VECTOR('',#13281,0.750000000000002);
#3864=VECTOR('',#13288,0.750000000000001);
#3865=VECTOR('',#13295,0.750000000000001);
#3866=VECTOR('',#13302,0.749999999999993);
#3867=VECTOR('',#13309,0.750000000000002);
#3868=VECTOR('',#13316,10.);
#3869=VECTOR('',#13317,10.);
#3870=VECTOR('',#13318,10.);
#3871=VECTOR('',#13321,10.);
#3872=VECTOR('',#13322,10.);
#3873=VECTOR('',#13325,10.);
#3874=VECTOR('',#13326,10.);
#3875=VECTOR('',#13329,10.);
#3876=VECTOR('',#13330,10.);
#3877=VECTOR('',#13331,10.);
#3878=VECTOR('',#13334,10.);
#3879=VECTOR('',#13337,10.);
#3880=VECTOR('',#13342,10.);
#3881=VECTOR('',#13347,10.);
#3882=VECTOR('',#13348,10.);
#3883=VECTOR('',#13349,10.);
#3884=VECTOR('',#13350,10.);
#3885=VECTOR('',#13351,10.);
#3886=VECTOR('',#13352,10.);
#3887=VECTOR('',#13353,10.);
#3888=VECTOR('',#13360,10.);
#3889=VECTOR('',#13361,10.);
#3890=VECTOR('',#13362,10.);
#3891=VECTOR('',#13363,10.);
#3892=VECTOR('',#13368,10.);
#3893=VECTOR('',#13369,10.);
#3894=VECTOR('',#13370,10.);
#3895=VECTOR('',#13371,10.);
#3896=VECTOR('',#13376,10.);
#3897=VECTOR('',#13377,10.);
#3898=VECTOR('',#13380,10.);
#3899=VECTOR('',#13383,10.);
#3900=VECTOR('',#13384,10.);
#3901=VECTOR('',#13387,10.);
#3902=VECTOR('',#13392,10.);
#3903=VECTOR('',#13395,10.);
#3904=VECTOR('',#13400,2.75);
#3905=VECTOR('',#13407,2.75);
#3906=VECTOR('',#13412,10.);
#3907=VECTOR('',#13413,10.);
#3908=VECTOR('',#13416,10.);
#3909=VECTOR('',#13419,10.);
#3910=VECTOR('',#13424,10.);
#3911=VECTOR('',#13425,10.);
#3912=VECTOR('',#13426,10.);
#3913=VECTOR('',#13427,10.);
#3914=VECTOR('',#13432,10.);
#3915=VECTOR('',#13437,10.);
#3916=VECTOR('',#13438,10.);
#3917=VECTOR('',#13439,10.);
#3918=VECTOR('',#13450,10.);
#3919=VECTOR('',#13453,10.);
#3920=VECTOR('',#13456,10.);
#3921=VECTOR('',#13457,10.);
#3922=VECTOR('',#13458,10.);
#3923=VECTOR('',#13461,10.);
#3924=VECTOR('',#13466,10.);
#3925=VECTOR('',#13467,10.);
#3926=VECTOR('',#13474,10.);
#3927=VECTOR('',#13475,10.);
#3928=VECTOR('',#13476,10.);
#3929=VECTOR('',#13479,10.);
#3930=VECTOR('',#13480,10.);
#3931=VECTOR('',#13483,10.);
#3932=VECTOR('',#13484,10.);
#3933=VECTOR('',#13487,10.);
#3934=VECTOR('',#13492,10.);
#3935=VECTOR('',#13493,10.);
#3936=VECTOR('',#13494,10.);
#3937=VECTOR('',#13497,10.);
#3938=VECTOR('',#13498,10.);
#3939=VECTOR('',#13501,10.);
#3940=VECTOR('',#13502,10.);
#3941=VECTOR('',#13505,10.);
#3942=VECTOR('',#13512,2.5);
#3943=VECTOR('',#13519,2.5);
#3944=VECTOR('',#13526,2.5);
#3945=VECTOR('',#13533,2.5);
#3946=VECTOR('',#13542,10.);
#3947=VECTOR('',#13545,10.);
#3948=VECTOR('',#13548,2.5);
#3949=VECTOR('',#13553,2.5);
#3950=VECTOR('',#13558,2.49854146831162);
#3951=VECTOR('',#13563,2.4985414683116);
#3952=VECTOR('',#13572,0.750000000000002);
#3953=VECTOR('',#13581,2.5);
#3954=VECTOR('',#13592,0.75);
#3955=VECTOR('',#13601,2.49854146831162);
#3956=VECTOR('',#13612,0.750000000000002);
#3957=VECTOR('',#13621,2.5);
#3958=VECTOR('',#13632,0.749999999999993);
#3959=VECTOR('',#13641,2.4985414683116);
#3960=VECTOR('',#13654,10.);
#3961=VECTOR('',#13655,10.);
#3962=VECTOR('',#13656,10.);
#3963=VECTOR('',#13657,10.);
#3964=VECTOR('',#13660,10.);
#3965=VECTOR('',#13661,10.);
#3966=VECTOR('',#13662,10.);
#3967=VECTOR('',#13665,10.);
#3968=VECTOR('',#13666,10.);
#3969=VECTOR('',#13667,10.);
#3970=VECTOR('',#13668,10.);
#3971=VECTOR('',#13673,10.);
#3972=VECTOR('',#13674,10.);
#3973=VECTOR('',#13675,10.);
#3974=VECTOR('',#13676,10.);
#3975=VECTOR('',#13679,10.);
#3976=VECTOR('',#13680,10.);
#3977=VECTOR('',#13681,10.);
#3978=VECTOR('',#13684,10.);
#3979=VECTOR('',#13685,10.);
#3980=VECTOR('',#13686,10.);
#3981=VECTOR('',#13687,10.);
#3982=VECTOR('',#13690,10.);
#3983=VECTOR('',#13691,10.);
#3984=VECTOR('',#13692,10.);
#3985=VECTOR('',#13697,10.);
#3986=VECTOR('',#13698,10.);
#3987=VECTOR('',#13699,10.);
#3988=VECTOR('',#13700,10.);
#3989=VECTOR('',#13703,10.);
#3990=VECTOR('',#13704,10.);
#3991=VECTOR('',#13705,10.);
#3992=VECTOR('',#13708,10.);
#3993=VECTOR('',#13709,10.);
#3994=VECTOR('',#13710,10.);
#3995=VECTOR('',#13711,10.);
#3996=VECTOR('',#13714,10.);
#3997=VECTOR('',#13715,10.);
#3998=VECTOR('',#13716,10.);
#3999=VECTOR('',#13721,10.);
#4000=VECTOR('',#13722,10.);
#4001=VECTOR('',#13723,10.);
#4002=VECTOR('',#13724,10.);
#4003=VECTOR('',#13727,10.);
#4004=VECTOR('',#13728,10.);
#4005=VECTOR('',#13729,10.);
#4006=VECTOR('',#13732,10.);
#4007=VECTOR('',#13733,10.);
#4008=VECTOR('',#13734,10.);
#4009=VECTOR('',#13735,10.);
#4010=VECTOR('',#13742,10.);
#4011=VECTOR('',#13745,10.);
#4012=VECTOR('',#13758,10.);
#4013=VECTOR('',#13759,10.);
#4014=VECTOR('',#13772,10.);
#4015=VECTOR('',#13773,10.);
#4016=VECTOR('',#13786,10.);
#4017=VECTOR('',#13787,10.);
#4018=VECTOR('',#13796,10.);
#4019=VECTOR('',#13799,10.);
#4020=VECTOR('',#13802,10.);
#4021=VECTOR('',#13803,10.);
#4022=VECTOR('',#13806,10.);
#4023=VECTOR('',#13811,10.);
#4024=VECTOR('',#13812,10.);
#4025=VECTOR('',#13815,10.);
#4026=VECTOR('',#13816,10.);
#4027=VECTOR('',#13817,10.);
#4028=VECTOR('',#13818,10.);
#4029=VECTOR('',#13819,10.);
#4030=VECTOR('',#13820,10.);
#4031=VECTOR('',#13859,10.);
#4032=VECTOR('',#13860,10.);
#4033=VECTOR('',#13861,10.);
#4034=VECTOR('',#13862,10.);
#4035=VECTOR('',#13869,10.);
#4036=VECTOR('',#13872,10.);
#4037=VECTOR('',#13873,10.);
#4038=VECTOR('',#13874,10.);
#4039=VECTOR('',#13885,0.750000000000002);
#4040=VECTOR('',#13890,10.);
#4041=VECTOR('',#13893,10.);
#4042=VECTOR('',#13902,0.750000000000002);
#4043=VECTOR('',#13907,10.);
#4044=VECTOR('',#13910,10.);
#4045=VECTOR('',#13919,0.750000000000002);
#4046=VECTOR('',#13924,10.);
#4047=VECTOR('',#13927,10.);
#4048=VECTOR('',#13936,0.750000000000002);
#4049=VECTOR('',#13941,10.);
#4050=VECTOR('',#13944,10.);
#4051=VECTOR('',#13953,0.750000000000002);
#4052=VECTOR('',#13958,10.);
#4053=VECTOR('',#13961,10.);
#4054=VECTOR('',#13970,0.750000000000002);
#4055=VECTOR('',#13975,10.);
#4056=VECTOR('',#13978,10.);
#4057=VECTOR('',#13987,0.750000000000002);
#4058=VECTOR('',#13992,10.);
#4059=VECTOR('',#13995,10.);
#4060=VECTOR('',#14004,0.750000000000002);
#4061=VECTOR('',#14009,10.);
#4062=VECTOR('',#14012,10.);
#4063=VECTOR('',#14021,10.);
#4064=VECTOR('',#14024,10.);
#4065=VECTOR('',#14031,10.);
#4066=VECTOR('',#14032,10.);
#4067=VECTOR('',#14033,10.);
#4068=VECTOR('',#14034,10.);
#4069=VECTOR('',#14035,10.);
#4070=VECTOR('',#14036,10.);
#4071=VECTOR('',#14037,10.);
#4072=VECTOR('',#14038,10.);
#4073=VECTOR('',#14039,10.);
#4074=VECTOR('',#14040,10.);
#4075=VECTOR('',#14041,10.);
#4076=VECTOR('',#14042,10.);
#4077=VECTOR('',#14047,10.);
#4078=VECTOR('',#14048,10.);
#4079=VECTOR('',#14049,10.);
#4080=VECTOR('',#14050,10.);
#4081=VECTOR('',#14053,10.);
#4082=VECTOR('',#14056,10.);
#4083=VECTOR('',#14059,10.);
#4084=VECTOR('',#14060,10.);
#4085=VECTOR('',#14063,10.);
#4086=VECTOR('',#14066,10.);
#4087=VECTOR('',#14069,10.);
#4088=VECTOR('',#14070,10.);
#4089=VECTOR('',#14073,10.);
#4090=VECTOR('',#14078,10.);
#4091=VECTOR('',#14079,10.);
#4092=VECTOR('',#14082,10.);
#4093=VECTOR('',#14083,10.);
#4094=VECTOR('',#14084,10.);
#4095=VECTOR('',#14087,10.);
#4096=VECTOR('',#14090,10.);
#4097=VECTOR('',#14093,10.);
#4098=VECTOR('',#14096,0.750000000000001);
#4099=VECTOR('',#14101,0.749999999999993);
#4100=VECTOR('',#14104,0.750000000000002);
#4101=VECTOR('',#14107,0.750000000000001);
#4102=VECTOR('',#14120,15.);
#4103=VECTOR('',#14129,15.);
#4104=VECTOR('',#14144,10.5);
#4105=VECTOR('',#14163,1.);
#4106=VECTOR('',#14168,1.);
#4107=VECTOR('',#14173,1.);
#4108=VECTOR('',#14178,4.00000005960464);
#4109=VECTOR('',#14183,1.);
#4110=VECTOR('',#14188,10.);
#4111=VECTOR('',#14191,10.);
#4112=VECTOR('',#14192,10.);
#4113=VECTOR('',#14193,10.);
#4114=VECTOR('',#14194,10.);
#4115=VECTOR('',#14195,10.);
#4116=VECTOR('',#14198,10.);
#4117=VECTOR('',#14199,10.);
#4118=VECTOR('',#14200,10.);
#4119=VECTOR('',#14203,10.);
#4120=VECTOR('',#14212,10.);
#4121=VECTOR('',#14213,10.);
#4122=VECTOR('',#14214,10.);
#4123=VECTOR('',#14215,10.);
#4124=VECTOR('',#14218,10.);
#4125=VECTOR('',#14219,10.);
#4126=VECTOR('',#14220,10.);
#4127=VECTOR('',#14221,10.);
#4128=VECTOR('',#14226,10.);
#4129=VECTOR('',#14227,10.);
#4130=VECTOR('',#14228,10.);
#4131=VECTOR('',#14235,10.);
#4132=VECTOR('',#14236,10.);
#4133=VECTOR('',#14237,10.);
#4134=VECTOR('',#14238,10.);
#4135=VECTOR('',#14241,10.);
#4136=VECTOR('',#14242,10.);
#4137=VECTOR('',#14243,10.);
#4138=VECTOR('',#14254,10.);
#4139=VECTOR('',#14255,10.);
#4140=VECTOR('',#14256,10.);
#4141=VECTOR('',#14259,10.);
#4142=VECTOR('',#14260,10.);
#4143=VECTOR('',#14261,10.);
#4144=VECTOR('',#14264,10.);
#4145=VECTOR('',#14265,10.);
#4146=VECTOR('',#14266,10.);
#4147=VECTOR('',#14267,10.);
#4148=VECTOR('',#14272,0.999999999999999);
#4149=VECTOR('',#14277,0.999999999999999);
#4150=VECTOR('',#14280,10.);
#4151=VECTOR('',#14281,10.);
#4152=VECTOR('',#14284,10.);
#4153=VECTOR('',#14285,10.);
#4154=VECTOR('',#14286,10.);
#4155=VECTOR('',#14289,10.);
#4156=VECTOR('',#14290,10.);
#4157=VECTOR('',#14291,10.);
#4158=VECTOR('',#14294,10.);
#4159=VECTOR('',#14295,10.);
#4160=VECTOR('',#14298,10.);
#4161=VECTOR('',#14299,10.);
#4162=VECTOR('',#14302,10.);
#4163=VECTOR('',#14303,10.);
#4164=VECTOR('',#14308,1.);
#4165=VECTOR('',#14313,1.);
#4166=VECTOR('',#14316,10.);
#4167=VECTOR('',#14319,10.);
#4168=VECTOR('',#14324,4.5);
#4169=VECTOR('',#14329,10.);
#4170=VECTOR('',#14330,10.);
#4171=VECTOR('',#14343,1.5);
#4172=VECTOR('',#14350,2.5);
#4173=VECTOR('',#14361,1.5);
#4174=VECTOR('',#14368,2.5);
#4175=VECTOR('',#14379,1.5);
#4176=VECTOR('',#14386,2.5);
#4177=VECTOR('',#14397,1.5);
#4178=VECTOR('',#14404,2.5);
#4179=VECTOR('',#14415,1.5);
#4180=VECTOR('',#14422,2.5);
#4181=VECTOR('',#14433,1.5);
#4182=VECTOR('',#14440,2.5);
#4183=VECTOR('',#14451,1.5);
#4184=VECTOR('',#14458,2.5);
#4185=VECTOR('',#14469,1.5);
#4186=VECTOR('',#14476,2.5);
#4187=VERTEX_POINT('',#14515);
#4188=VERTEX_POINT('',#14516);
#4189=VERTEX_POINT('',#14518);
#4190=VERTEX_POINT('',#14520);
#4191=VERTEX_POINT('',#14524);
#4192=VERTEX_POINT('',#14525);
#4193=VERTEX_POINT('',#14527);
#4194=VERTEX_POINT('',#14529);
#4195=VERTEX_POINT('',#14536);
#4196=VERTEX_POINT('',#14537);
#4197=VERTEX_POINT('',#14539);
#4198=VERTEX_POINT('',#14541);
#4199=VERTEX_POINT('',#14545);
#4200=VERTEX_POINT('',#14546);
#4201=VERTEX_POINT('',#14548);
#4202=VERTEX_POINT('',#14550);
#4203=VERTEX_POINT('',#14557);
#4204=VERTEX_POINT('',#14559);
#4205=VERTEX_POINT('',#14561);
#4206=VERTEX_POINT('',#14563);
#4207=VERTEX_POINT('',#14567);
#4208=VERTEX_POINT('',#14569);
#4209=VERTEX_POINT('',#14572);
#4210=VERTEX_POINT('',#14574);
#4211=VERTEX_POINT('',#14576);
#4212=VERTEX_POINT('',#14580);
#4213=VERTEX_POINT('',#14582);
#4214=VERTEX_POINT('',#14584);
#4215=VERTEX_POINT('',#14588);
#4216=VERTEX_POINT('',#14592);
#4217=VERTEX_POINT('',#14594);
#4218=VERTEX_POINT('',#14597);
#4219=VERTEX_POINT('',#14599);
#4220=VERTEX_POINT('',#14603);
#4221=VERTEX_POINT('',#14607);
#4222=VERTEX_POINT('',#14611);
#4223=VERTEX_POINT('',#14617);
#4224=VERTEX_POINT('',#14619);
#4225=VERTEX_POINT('',#14623);
#4226=VERTEX_POINT('',#14629);
#4227=VERTEX_POINT('',#14744);
#4228=VERTEX_POINT('',#14745);
#4229=VERTEX_POINT('',#14792);
#4230=VERTEX_POINT('',#14802);
#4231=VERTEX_POINT('',#14804);
#4232=VERTEX_POINT('',#14809);
#4233=VERTEX_POINT('',#14811);
#4234=VERTEX_POINT('',#14815);
#4235=VERTEX_POINT('',#14817);
#4236=VERTEX_POINT('',#14821);
#4237=VERTEX_POINT('',#14823);
#4238=VERTEX_POINT('',#14827);
#4239=VERTEX_POINT('',#14829);
#4240=VERTEX_POINT('',#14833);
#4241=VERTEX_POINT('',#14836);
#4242=VERTEX_POINT('',#14840);
#4243=VERTEX_POINT('',#14842);
#4244=VERTEX_POINT('',#14849);
#4245=VERTEX_POINT('',#14850);
#4246=VERTEX_POINT('',#14852);
#4247=VERTEX_POINT('',#14856);
#4248=VERTEX_POINT('',#14857);
#4249=VERTEX_POINT('',#14859);
#4250=VERTEX_POINT('',#14866);
#4251=VERTEX_POINT('',#14868);
#4252=VERTEX_POINT('',#14871);
#4253=VERTEX_POINT('',#14872);
#4254=VERTEX_POINT('',#14874);
#4255=VERTEX_POINT('',#14876);
#4256=VERTEX_POINT('',#14878);
#4257=VERTEX_POINT('',#14880);
#4258=VERTEX_POINT('',#14882);
#4259=VERTEX_POINT('',#14884);
#4260=VERTEX_POINT('',#14887);
#4261=VERTEX_POINT('',#14889);
#4262=VERTEX_POINT('',#14893);
#4263=VERTEX_POINT('',#14894);
#4264=VERTEX_POINT('',#14896);
#4265=VERTEX_POINT('',#14898);
#4266=VERTEX_POINT('',#14901);
#4267=VERTEX_POINT('',#14902);
#4268=VERTEX_POINT('',#14904);
#4269=VERTEX_POINT('',#14906);
#4270=VERTEX_POINT('',#14910);
#4271=VERTEX_POINT('',#14914);
#4272=VERTEX_POINT('',#14920);
#4273=VERTEX_POINT('',#14922);
#4274=VERTEX_POINT('',#14924);
#4275=VERTEX_POINT('',#14926);
#4276=VERTEX_POINT('',#14928);
#4277=VERTEX_POINT('',#14932);
#4278=VERTEX_POINT('',#14934);
#4279=VERTEX_POINT('',#14938);
#4280=VERTEX_POINT('',#14943);
#4281=VERTEX_POINT('',#14945);
#4282=VERTEX_POINT('',#14950);
#4283=VERTEX_POINT('',#14952);
#4284=VERTEX_POINT('',#14957);
#4285=VERTEX_POINT('',#14959);
#4286=VERTEX_POINT('',#14964);
#4287=VERTEX_POINT('',#14966);
#4288=VERTEX_POINT('',#14971);
#4289=VERTEX_POINT('',#14973);
#4290=VERTEX_POINT('',#14977);
#4291=VERTEX_POINT('',#14981);
#4292=VERTEX_POINT('',#14990);
#4293=VERTEX_POINT('',#14992);
#4294=VERTEX_POINT('',#14996);
#4295=VERTEX_POINT('',#14998);
#4296=VERTEX_POINT('',#15002);
#4297=VERTEX_POINT('',#15006);
#4298=VERTEX_POINT('',#15010);
#4299=VERTEX_POINT('',#15012);
#4300=VERTEX_POINT('',#15014);
#4301=VERTEX_POINT('',#15016);
#4302=VERTEX_POINT('',#15018);
#4303=VERTEX_POINT('',#15020);
#4304=VERTEX_POINT('',#15022);
#4305=VERTEX_POINT('',#15024);
#4306=VERTEX_POINT('',#15028);
#4307=VERTEX_POINT('',#15036);
#4308=VERTEX_POINT('',#15038);
#4309=VERTEX_POINT('',#15040);
#4310=VERTEX_POINT('',#15042);
#4311=VERTEX_POINT('',#15044);
#4312=VERTEX_POINT('',#15046);
#4313=VERTEX_POINT('',#15050);
#4314=VERTEX_POINT('',#15052);
#4315=VERTEX_POINT('',#15054);
#4316=VERTEX_POINT('',#15056);
#4317=VERTEX_POINT('',#15058);
#4318=VERTEX_POINT('',#15060);
#4319=VERTEX_POINT('',#15064);
#4320=VERTEX_POINT('',#15068);
#4321=VERTEX_POINT('',#15074);
#4322=VERTEX_POINT('',#15076);
#4323=VERTEX_POINT('',#15080);
#4324=VERTEX_POINT('',#15082);
#4325=VERTEX_POINT('',#15089);
#4326=VERTEX_POINT('',#15091);
#4327=VERTEX_POINT('',#15097);
#4328=VERTEX_POINT('',#15099);
#4329=VERTEX_POINT('',#15103);
#4330=VERTEX_POINT('',#15107);
#4331=VERTEX_POINT('',#15111);
#4332=VERTEX_POINT('',#15122);
#4333=VERTEX_POINT('',#15125);
#4334=VERTEX_POINT('',#15128);
#4335=VERTEX_POINT('',#15129);
#4336=VERTEX_POINT('',#15131);
#4337=VERTEX_POINT('',#15133);
#4338=VERTEX_POINT('',#15136);
#4339=VERTEX_POINT('',#15137);
#4340=VERTEX_POINT('',#15139);
#4341=VERTEX_POINT('',#15141);
#4342=VERTEX_POINT('',#15145);
#4343=VERTEX_POINT('',#15147);
#4344=VERTEX_POINT('',#15152);
#4345=VERTEX_POINT('',#15153);
#4346=VERTEX_POINT('',#15155);
#4347=VERTEX_POINT('',#15157);
#4348=VERTEX_POINT('',#15161);
#4349=VERTEX_POINT('',#15162);
#4350=VERTEX_POINT('',#15164);
#4351=VERTEX_POINT('',#15166);
#4352=VERTEX_POINT('',#15169);
#4353=VERTEX_POINT('',#15172);
#4354=VERTEX_POINT('',#15174);
#4355=VERTEX_POINT('',#15178);
#4356=VERTEX_POINT('',#15179);
#4357=VERTEX_POINT('',#15181);
#4358=VERTEX_POINT('',#15183);
#4359=VERTEX_POINT('',#15187);
#4360=VERTEX_POINT('',#15189);
#4361=VERTEX_POINT('',#15193);
#4362=VERTEX_POINT('',#15197);
#4363=VERTEX_POINT('',#15199);
#4364=VERTEX_POINT('',#15203);
#4365=VERTEX_POINT('',#15207);
#4366=VERTEX_POINT('',#15209);
#4367=VERTEX_POINT('',#15213);
#4368=VERTEX_POINT('',#15215);
#4369=VERTEX_POINT('',#15219);
#4370=VERTEX_POINT('',#15221);
#4371=VERTEX_POINT('',#15230);
#4372=VERTEX_POINT('',#15232);
#4373=VERTEX_POINT('',#15236);
#4374=VERTEX_POINT('',#15240);
#4375=VERTEX_POINT('',#15244);
#4376=VERTEX_POINT('',#15248);
#4377=VERTEX_POINT('',#15252);
#4378=VERTEX_POINT('',#15256);
#4379=VERTEX_POINT('',#15260);
#4380=VERTEX_POINT('',#15268);
#4381=VERTEX_POINT('',#15270);
#4382=VERTEX_POINT('',#15275);
#4383=VERTEX_POINT('',#15277);
#4384=VERTEX_POINT('',#15281);
#4385=VERTEX_POINT('',#15283);
#4386=VERTEX_POINT('',#15287);
#4387=VERTEX_POINT('',#15289);
#4388=VERTEX_POINT('',#15293);
#4389=VERTEX_POINT('',#15295);
#4390=VERTEX_POINT('',#15303);
#4391=VERTEX_POINT('',#15305);
#4392=VERTEX_POINT('',#15309);
#4393=VERTEX_POINT('',#15311);
#4394=VERTEX_POINT('',#15315);
#4395=VERTEX_POINT('',#15317);
#4396=VERTEX_POINT('',#15321);
#4397=VERTEX_POINT('',#15323);
#4398=VERTEX_POINT('',#15330);
#4399=VERTEX_POINT('',#15332);
#4400=VERTEX_POINT('',#15334);
#4401=VERTEX_POINT('',#15336);
#4402=VERTEX_POINT('',#15338);
#4403=VERTEX_POINT('',#15340);
#4404=VERTEX_POINT('',#15343);
#4405=VERTEX_POINT('',#15347);
#4406=VERTEX_POINT('',#15351);
#4407=VERTEX_POINT('',#15355);
#4408=VERTEX_POINT('',#15359);
#4409=VERTEX_POINT('',#15368);
#4410=VERTEX_POINT('',#15372);
#4411=VERTEX_POINT('',#15375);
#4412=VERTEX_POINT('',#15376);
#4413=VERTEX_POINT('',#15378);
#4414=VERTEX_POINT('',#15380);
#4415=VERTEX_POINT('',#15384);
#4416=VERTEX_POINT('',#15385);
#4417=VERTEX_POINT('',#15387);
#4418=VERTEX_POINT('',#15389);
#4419=VERTEX_POINT('',#15393);
#4420=VERTEX_POINT('',#15395);
#4421=VERTEX_POINT('',#15399);
#4422=VERTEX_POINT('',#15401);
#4423=VERTEX_POINT('',#15403);
#4424=VERTEX_POINT('',#15405);
#4425=VERTEX_POINT('',#15407);
#4426=VERTEX_POINT('',#15414);
#4427=VERTEX_POINT('',#15418);
#4428=VERTEX_POINT('',#15422);
#4429=VERTEX_POINT('',#15424);
#4430=VERTEX_POINT('',#15428);
#4431=VERTEX_POINT('',#15431);
#4432=VERTEX_POINT('',#15432);
#4433=VERTEX_POINT('',#15436);
#4434=VERTEX_POINT('',#15437);
#4435=VERTEX_POINT('',#15439);
#4436=VERTEX_POINT('',#15441);
#4437=VERTEX_POINT('',#15445);
#4438=VERTEX_POINT('',#15446);
#4439=VERTEX_POINT('',#15448);
#4440=VERTEX_POINT('',#15450);
#4441=VERTEX_POINT('',#15453);
#4442=VERTEX_POINT('',#15454);
#4443=VERTEX_POINT('',#15456);
#4444=VERTEX_POINT('',#15458);
#4445=VERTEX_POINT('',#15461);
#4446=VERTEX_POINT('',#15463);
#4447=VERTEX_POINT('',#15486);
#4448=VERTEX_POINT('',#15487);
#4449=VERTEX_POINT('',#15490);
#4450=VERTEX_POINT('',#15494);
#4451=VERTEX_POINT('',#15498);
#4452=VERTEX_POINT('',#15499);
#4453=VERTEX_POINT('',#15510);
#4454=VERTEX_POINT('',#15512);
#4455=VERTEX_POINT('',#15517);
#4456=VERTEX_POINT('',#15519);
#4457=VERTEX_POINT('',#15524);
#4458=VERTEX_POINT('',#15525);
#4459=VERTEX_POINT('',#15527);
#4460=VERTEX_POINT('',#15529);
#4461=VERTEX_POINT('',#15533);
#4462=VERTEX_POINT('',#15534);
#4463=VERTEX_POINT('',#15536);
#4464=VERTEX_POINT('',#15538);
#4465=VERTEX_POINT('',#15545);
#4466=VERTEX_POINT('',#15549);
#4467=VERTEX_POINT('',#15550);
#4468=VERTEX_POINT('',#15552);
#4469=VERTEX_POINT('',#15554);
#4470=VERTEX_POINT('',#15558);
#4471=VERTEX_POINT('',#15559);
#4472=VERTEX_POINT('',#15561);
#4473=VERTEX_POINT('',#15563);
#4474=VERTEX_POINT('',#15572);
#4475=VERTEX_POINT('',#15573);
#4476=VERTEX_POINT('',#15575);
#4477=VERTEX_POINT('',#15577);
#4478=VERTEX_POINT('',#15583);
#4479=VERTEX_POINT('',#15587);
#4480=VERTEX_POINT('',#15588);
#4481=VERTEX_POINT('',#15590);
#4482=VERTEX_POINT('',#15592);
#4483=VERTEX_POINT('',#15599);
#4484=VERTEX_POINT('',#15601);
#4485=VERTEX_POINT('',#15605);
#4486=VERTEX_POINT('',#15608);
#4487=VERTEX_POINT('',#15611);
#4488=VERTEX_POINT('',#15612);
#4489=VERTEX_POINT('',#15614);
#4490=VERTEX_POINT('',#15616);
#4491=VERTEX_POINT('',#15618);
#4492=VERTEX_POINT('',#15622);
#4493=VERTEX_POINT('',#15624);
#4494=VERTEX_POINT('',#15626);
#4495=VERTEX_POINT('',#15630);
#4496=VERTEX_POINT('',#15631);
#4497=VERTEX_POINT('',#15633);
#4498=VERTEX_POINT('',#15635);
#4499=VERTEX_POINT('',#15639);
#4500=VERTEX_POINT('',#15641);
#4501=VERTEX_POINT('',#15645);
#4502=VERTEX_POINT('',#15649);
#4503=VERTEX_POINT('',#15653);
#4504=VERTEX_POINT('',#15655);
#4505=VERTEX_POINT('',#15657);
#4506=VERTEX_POINT('',#15664);
#4507=VERTEX_POINT('',#15666);
#4508=VERTEX_POINT('',#15674);
#4509=VERTEX_POINT('',#15675);
#4510=VERTEX_POINT('',#15677);
#4511=VERTEX_POINT('',#15682);
#4512=VERTEX_POINT('',#15686);
#4513=VERTEX_POINT('',#15689);
#4514=VERTEX_POINT('',#15691);
#4515=VERTEX_POINT('',#15695);
#4516=VERTEX_POINT('',#15701);
#4517=VERTEX_POINT('',#15703);
#4518=VERTEX_POINT('',#15717);
#4519=VERTEX_POINT('',#15719);
#4520=VERTEX_POINT('',#15724);
#4521=VERTEX_POINT('',#15726);
#4522=VERTEX_POINT('',#15731);
#4523=VERTEX_POINT('',#15733);
#4524=VERTEX_POINT('',#15738);
#4525=VERTEX_POINT('',#15740);
#4526=VERTEX_POINT('',#15745);
#4527=VERTEX_POINT('',#15747);
#4528=VERTEX_POINT('',#15752);
#4529=VERTEX_POINT('',#15754);
#4530=VERTEX_POINT('',#15759);
#4531=VERTEX_POINT('',#15761);
#4532=VERTEX_POINT('',#15766);
#4533=VERTEX_POINT('',#15768);
#4534=VERTEX_POINT('',#15773);
#4535=VERTEX_POINT('',#15775);
#4536=VERTEX_POINT('',#15780);
#4537=VERTEX_POINT('',#15782);
#4538=VERTEX_POINT('',#15787);
#4539=VERTEX_POINT('',#15789);
#4540=VERTEX_POINT('',#15794);
#4541=VERTEX_POINT('',#15796);
#4542=VERTEX_POINT('',#15801);
#4543=VERTEX_POINT('',#15803);
#4544=VERTEX_POINT('',#15808);
#4545=VERTEX_POINT('',#15810);
#4546=VERTEX_POINT('',#15815);
#4547=VERTEX_POINT('',#15817);
#4548=VERTEX_POINT('',#15822);
#4549=VERTEX_POINT('',#15824);
#4550=VERTEX_POINT('',#15829);
#4551=VERTEX_POINT('',#15830);
#4552=VERTEX_POINT('',#15832);
#4553=VERTEX_POINT('',#15834);
#4554=VERTEX_POINT('',#15838);
#4555=VERTEX_POINT('',#15840);
#4556=VERTEX_POINT('',#15844);
#4557=VERTEX_POINT('',#15846);
#4558=VERTEX_POINT('',#15853);
#4559=VERTEX_POINT('',#15854);
#4560=VERTEX_POINT('',#15856);
#4561=VERTEX_POINT('',#15858);
#4562=VERTEX_POINT('',#15862);
#4563=VERTEX_POINT('',#15864);
#4564=VERTEX_POINT('',#15868);
#4565=VERTEX_POINT('',#15870);
#4566=VERTEX_POINT('',#15877);
#4567=VERTEX_POINT('',#15878);
#4568=VERTEX_POINT('',#15880);
#4569=VERTEX_POINT('',#15882);
#4570=VERTEX_POINT('',#15886);
#4571=VERTEX_POINT('',#15888);
#4572=VERTEX_POINT('',#15892);
#4573=VERTEX_POINT('',#15894);
#4574=VERTEX_POINT('',#15901);
#4575=VERTEX_POINT('',#15902);
#4576=VERTEX_POINT('',#15904);
#4577=VERTEX_POINT('',#15906);
#4578=VERTEX_POINT('',#15910);
#4579=VERTEX_POINT('',#15912);
#4580=VERTEX_POINT('',#15914);
#4581=VERTEX_POINT('',#15916);
#4582=VERTEX_POINT('',#15918);
#4583=VERTEX_POINT('',#15920);
#4584=VERTEX_POINT('',#15924);
#4585=VERTEX_POINT('',#15925);
#4586=VERTEX_POINT('',#15927);
#4587=VERTEX_POINT('',#15929);
#4588=VERTEX_POINT('',#15932);
#4589=VERTEX_POINT('',#15934);
#4590=VERTEX_POINT('',#15942);
#4591=VERTEX_POINT('',#15944);
#4592=VERTEX_POINT('',#15949);
#4593=VERTEX_POINT('',#15950);
#4594=VERTEX_POINT('',#15952);
#4595=VERTEX_POINT('',#15954);
#4596=VERTEX_POINT('',#15958);
#4597=VERTEX_POINT('',#15959);
#4598=VERTEX_POINT('',#15961);
#4599=VERTEX_POINT('',#15963);
#4600=VERTEX_POINT('',#15970);
#4601=VERTEX_POINT('',#15972);
#4602=VERTEX_POINT('',#15976);
#4603=VERTEX_POINT('',#15978);
#4604=VERTEX_POINT('',#15981);
#4605=VERTEX_POINT('',#15983);
#4606=VERTEX_POINT('',#15985);
#4607=VERTEX_POINT('',#15987);
#4608=VERTEX_POINT('',#15990);
#4609=VERTEX_POINT('',#15992);
#4610=VERTEX_POINT('',#15995);
#4611=VERTEX_POINT('',#15997);
#4612=VERTEX_POINT('',#15999);
#4613=VERTEX_POINT('',#16002);
#4614=VERTEX_POINT('',#16004);
#4615=VERTEX_POINT('',#16007);
#4616=VERTEX_POINT('',#16009);
#4617=VERTEX_POINT('',#16011);
#4618=VERTEX_POINT('',#16013);
#4619=VERTEX_POINT('',#16017);
#4620=VERTEX_POINT('',#16027);
#4621=VERTEX_POINT('',#16038);
#4622=VERTEX_POINT('',#16046);
#4623=VERTEX_POINT('',#16050);
#4624=VERTEX_POINT('',#16058);
#4625=VERTEX_POINT('',#16059);
#4626=VERTEX_POINT('',#16061);
#4627=VERTEX_POINT('',#16063);
#4628=VERTEX_POINT('',#16066);
#4629=VERTEX_POINT('',#16067);
#4630=VERTEX_POINT('',#16069);
#4631=VERTEX_POINT('',#16071);
#4632=VERTEX_POINT('',#16073);
#4633=VERTEX_POINT('',#16075);
#4634=VERTEX_POINT('',#16077);
#4635=VERTEX_POINT('',#16079);
#4636=VERTEX_POINT('',#16082);
#4637=VERTEX_POINT('',#16084);
#4638=VERTEX_POINT('',#16086);
#4639=VERTEX_POINT('',#16088);
#4640=VERTEX_POINT('',#16090);
#4641=VERTEX_POINT('',#16093);
#4642=VERTEX_POINT('',#16095);
#4643=VERTEX_POINT('',#16099);
#4644=VERTEX_POINT('',#16103);
#4645=VERTEX_POINT('',#16105);
#4646=VERTEX_POINT('',#16109);
#4647=VERTEX_POINT('',#16111);
#4648=VERTEX_POINT('',#16113);
#4649=VERTEX_POINT('',#16115);
#4650=VERTEX_POINT('',#16117);
#4651=VERTEX_POINT('',#16119);
#4652=VERTEX_POINT('',#16121);
#4653=VERTEX_POINT('',#16125);
#4654=VERTEX_POINT('',#16129);
#4655=VERTEX_POINT('',#16131);
#4656=VERTEX_POINT('',#16133);
#4657=VERTEX_POINT('',#16135);
#4658=VERTEX_POINT('',#16137);
#4659=VERTEX_POINT('',#16139);
#4660=VERTEX_POINT('',#16141);
#4661=VERTEX_POINT('',#16145);
#4662=VERTEX_POINT('',#16147);
#4663=VERTEX_POINT('',#16151);
#4664=VERTEX_POINT('',#16163);
#4665=VERTEX_POINT('',#16167);
#4666=VERTEX_POINT('',#16169);
#4667=VERTEX_POINT('',#16175);
#4668=VERTEX_POINT('',#16177);
#4669=VERTEX_POINT('',#16181);
#4670=VERTEX_POINT('',#16183);
#4671=VERTEX_POINT('',#16185);
#4672=VERTEX_POINT('',#16187);
#4673=VERTEX_POINT('',#16189);
#4674=VERTEX_POINT('',#16193);
#4675=VERTEX_POINT('',#16195);
#4676=VERTEX_POINT('',#16215);
#4677=VERTEX_POINT('',#16216);
#4678=VERTEX_POINT('',#16218);
#4679=VERTEX_POINT('',#16220);
#4680=VERTEX_POINT('',#16224);
#4681=VERTEX_POINT('',#16225);
#4682=VERTEX_POINT('',#16227);
#4683=VERTEX_POINT('',#16229);
#4684=VERTEX_POINT('',#16238);
#4685=VERTEX_POINT('',#16241);
#4686=VERTEX_POINT('',#16243);
#4687=VERTEX_POINT('',#16245);
#4688=VERTEX_POINT('',#16247);
#4689=VERTEX_POINT('',#16249);
#4690=VERTEX_POINT('',#16251);
#4691=VERTEX_POINT('',#16253);
#4692=VERTEX_POINT('',#16256);
#4693=VERTEX_POINT('',#16258);
#4694=VERTEX_POINT('',#16260);
#4695=VERTEX_POINT('',#16262);
#4696=VERTEX_POINT('',#16265);
#4697=VERTEX_POINT('',#16266);
#4698=VERTEX_POINT('',#16268);
#4699=VERTEX_POINT('',#16270);
#4700=VERTEX_POINT('',#16274);
#4701=VERTEX_POINT('',#16276);
#4702=VERTEX_POINT('',#16285);
#4703=VERTEX_POINT('',#16286);
#4704=VERTEX_POINT('',#16288);
#4705=VERTEX_POINT('',#16290);
#4706=VERTEX_POINT('',#16294);
#4707=VERTEX_POINT('',#16296);
#4708=VERTEX_POINT('',#16305);
#4709=VERTEX_POINT('',#16306);
#4710=VERTEX_POINT('',#16308);
#4711=VERTEX_POINT('',#16310);
#4712=VERTEX_POINT('',#16314);
#4713=VERTEX_POINT('',#16316);
#4714=VERTEX_POINT('',#16340);
#4715=VERTEX_POINT('',#16341);
#4716=VERTEX_POINT('',#16343);
#4717=VERTEX_POINT('',#16345);
#4718=VERTEX_POINT('',#16349);
#4719=VERTEX_POINT('',#16351);
#4720=VERTEX_POINT('',#16353);
#4721=VERTEX_POINT('',#16355);
#4722=VERTEX_POINT('',#16357);
#4723=VERTEX_POINT('',#16359);
#4724=VERTEX_POINT('',#16362);
#4725=VERTEX_POINT('',#16364);
#4726=VERTEX_POINT('',#16366);
#4727=VERTEX_POINT('',#16368);
#4728=VERTEX_POINT('',#16370);
#4729=VERTEX_POINT('',#16371);
#4730=VERTEX_POINT('',#16373);
#4731=VERTEX_POINT('',#16375);
#4732=VERTEX_POINT('',#16377);
#4733=VERTEX_POINT('',#16379);
#4734=VERTEX_POINT('',#16381);
#4735=VERTEX_POINT('',#16383);
#4736=VERTEX_POINT('',#16385);
#4737=VERTEX_POINT('',#16387);
#4738=VERTEX_POINT('',#16389);
#4739=VERTEX_POINT('',#16391);
#4740=VERTEX_POINT('',#16395);
#4741=VERTEX_POINT('',#16398);
#4742=VERTEX_POINT('',#16399);
#4743=VERTEX_POINT('',#16401);
#4744=VERTEX_POINT('',#16403);
#4745=VERTEX_POINT('',#16407);
#4746=VERTEX_POINT('',#16411);
#4747=VERTEX_POINT('',#16413);
#4748=VERTEX_POINT('',#16417);
#4749=VERTEX_POINT('',#16421);
#4750=VERTEX_POINT('',#16425);
#4751=VERTEX_POINT('',#16427);
#4752=VERTEX_POINT('',#16432);
#4753=VERTEX_POINT('',#16434);
#4754=VERTEX_POINT('',#16439);
#4755=VERTEX_POINT('',#16441);
#4756=VERTEX_POINT('',#16446);
#4757=VERTEX_POINT('',#16448);
#4758=VERTEX_POINT('',#16453);
#4759=VERTEX_POINT('',#16458);
#4760=VERTEX_POINT('',#16463);
#4761=VERTEX_POINT('',#16468);
#4762=VERTEX_POINT('',#16473);
#4763=VERTEX_POINT('',#16474);
#4764=VERTEX_POINT('',#16479);
#4765=VERTEX_POINT('',#16483);
#4766=VERTEX_POINT('',#16487);
#4767=VERTEX_POINT('',#16488);
#4768=VERTEX_POINT('',#16495);
#4769=VERTEX_POINT('',#16497);
#4770=VERTEX_POINT('',#16500);
#4771=VERTEX_POINT('',#16502);
#4772=VERTEX_POINT('',#16505);
#4773=VERTEX_POINT('',#16507);
#4774=VERTEX_POINT('',#16509);
#4775=VERTEX_POINT('',#16511);
#4776=VERTEX_POINT('',#16513);
#4777=VERTEX_POINT('',#16515);
#4778=VERTEX_POINT('',#16518);
#4779=VERTEX_POINT('',#16520);
#4780=VERTEX_POINT('',#16522);
#4781=VERTEX_POINT('',#16524);
#4782=VERTEX_POINT('',#16525);
#4783=VERTEX_POINT('',#16527);
#4784=VERTEX_POINT('',#16529);
#4785=VERTEX_POINT('',#16532);
#4786=VERTEX_POINT('',#16534);
#4787=VERTEX_POINT('',#16536);
#4788=VERTEX_POINT('',#16537);
#4789=VERTEX_POINT('',#16539);
#4790=VERTEX_POINT('',#16541);
#4791=VERTEX_POINT('',#16544);
#4792=VERTEX_POINT('',#16553);
#4793=VERTEX_POINT('',#16554);
#4794=VERTEX_POINT('',#16556);
#4795=VERTEX_POINT('',#16558);
#4796=VERTEX_POINT('',#16566);
#4797=VERTEX_POINT('',#16568);
#4798=VERTEX_POINT('',#16572);
#4799=VERTEX_POINT('',#16574);
#4800=VERTEX_POINT('',#16586);
#4801=VERTEX_POINT('',#16587);
#4802=VERTEX_POINT('',#16589);
#4803=VERTEX_POINT('',#16591);
#4804=VERTEX_POINT('',#16595);
#4805=VERTEX_POINT('',#16597);
#4806=VERTEX_POINT('',#16601);
#4807=VERTEX_POINT('',#16603);
#4808=VERTEX_POINT('',#16610);
#4809=VERTEX_POINT('',#16611);
#4810=VERTEX_POINT('',#16613);
#4811=VERTEX_POINT('',#16615);
#4812=VERTEX_POINT('',#16619);
#4813=VERTEX_POINT('',#16621);
#4814=VERTEX_POINT('',#16625);
#4815=VERTEX_POINT('',#16629);
#4816=VERTEX_POINT('',#16635);
#4817=VERTEX_POINT('',#16637);
#4818=VERTEX_POINT('',#16641);
#4819=VERTEX_POINT('',#16645);
#4820=VERTEX_POINT('',#16652);
#4821=VERTEX_POINT('',#16654);
#4822=VERTEX_POINT('',#16658);
#4823=VERTEX_POINT('',#16662);
#4824=VERTEX_POINT('',#16669);
#4825=VERTEX_POINT('',#16674);
#4826=VERTEX_POINT('',#16679);
#4827=VERTEX_POINT('',#16684);
#4828=VERTEX_POINT('',#16695);
#4829=VERTEX_POINT('',#16699);
#4830=VERTEX_POINT('',#16703);
#4831=VERTEX_POINT('',#16707);
#4832=VERTEX_POINT('',#16712);
#4833=VERTEX_POINT('',#16714);
#4834=VERTEX_POINT('',#16719);
#4835=VERTEX_POINT('',#16721);
#4836=VERTEX_POINT('',#16727);
#4837=VERTEX_POINT('',#16729);
#4838=VERTEX_POINT('',#16734);
#4839=VERTEX_POINT('',#16736);
#4840=VERTEX_POINT('',#16742);
#4841=VERTEX_POINT('',#16744);
#4842=VERTEX_POINT('',#16749);
#4843=VERTEX_POINT('',#16751);
#4844=VERTEX_POINT('',#16757);
#4845=VERTEX_POINT('',#16759);
#4846=VERTEX_POINT('',#16764);
#4847=VERTEX_POINT('',#16766);
#4848=VERTEX_POINT('',#16774);
#4849=VERTEX_POINT('',#16775);
#4850=VERTEX_POINT('',#16777);
#4851=VERTEX_POINT('',#16779);
#4852=VERTEX_POINT('',#16783);
#4853=VERTEX_POINT('',#16785);
#4854=VERTEX_POINT('',#16789);
#4855=VERTEX_POINT('',#16790);
#4856=VERTEX_POINT('',#16792);
#4857=VERTEX_POINT('',#16794);
#4858=VERTEX_POINT('',#16797);
#4859=VERTEX_POINT('',#16800);
#4860=VERTEX_POINT('',#16801);
#4861=VERTEX_POINT('',#16803);
#4862=VERTEX_POINT('',#16805);
#4863=VERTEX_POINT('',#16809);
#4864=VERTEX_POINT('',#16811);
#4865=VERTEX_POINT('',#16815);
#4866=VERTEX_POINT('',#16816);
#4867=VERTEX_POINT('',#16818);
#4868=VERTEX_POINT('',#16823);
#4869=VERTEX_POINT('',#16825);
#4870=VERTEX_POINT('',#16828);
#4871=VERTEX_POINT('',#16831);
#4872=VERTEX_POINT('',#16832);
#4873=VERTEX_POINT('',#16834);
#4874=VERTEX_POINT('',#16836);
#4875=VERTEX_POINT('',#16840);
#4876=VERTEX_POINT('',#16842);
#4877=VERTEX_POINT('',#16846);
#4878=VERTEX_POINT('',#16847);
#4879=VERTEX_POINT('',#16849);
#4880=VERTEX_POINT('',#16854);
#4881=VERTEX_POINT('',#16856);
#4882=VERTEX_POINT('',#16859);
#4883=VERTEX_POINT('',#16862);
#4884=VERTEX_POINT('',#16863);
#4885=VERTEX_POINT('',#16865);
#4886=VERTEX_POINT('',#16867);
#4887=VERTEX_POINT('',#16871);
#4888=VERTEX_POINT('',#16873);
#4889=VERTEX_POINT('',#16877);
#4890=VERTEX_POINT('',#16878);
#4891=VERTEX_POINT('',#16880);
#4892=VERTEX_POINT('',#16882);
#4893=VERTEX_POINT('',#16885);
#4894=VERTEX_POINT('',#16888);
#4895=VERTEX_POINT('',#16889);
#4896=VERTEX_POINT('',#16891);
#4897=VERTEX_POINT('',#16893);
#4898=VERTEX_POINT('',#16897);
#4899=VERTEX_POINT('',#16898);
#4900=VERTEX_POINT('',#16903);
#4901=VERTEX_POINT('',#16904);
#4902=VERTEX_POINT('',#16909);
#4903=VERTEX_POINT('',#16910);
#4904=VERTEX_POINT('',#16915);
#4905=VERTEX_POINT('',#16916);
#4906=VERTEX_POINT('',#16921);
#4907=VERTEX_POINT('',#16922);
#4908=VERTEX_POINT('',#16927);
#4909=VERTEX_POINT('',#16928);
#4910=VERTEX_POINT('',#16936);
#4911=VERTEX_POINT('',#16938);
#4912=VERTEX_POINT('',#16942);
#4913=VERTEX_POINT('',#16946);
#4914=VERTEX_POINT('',#16950);
#4915=VERTEX_POINT('',#16955);
#4916=VERTEX_POINT('',#16958);
#4917=VERTEX_POINT('',#16962);
#4918=VERTEX_POINT('',#16964);
#4919=VERTEX_POINT('',#16967);
#4920=VERTEX_POINT('',#16970);
#4921=VERTEX_POINT('',#16973);
#4922=VERTEX_POINT('',#16976);
#4923=VERTEX_POINT('',#16979);
#4924=VERTEX_POINT('',#16982);
#4925=VERTEX_POINT('',#16985);
#4926=VERTEX_POINT('',#16988);
#4927=VERTEX_POINT('',#16991);
#4928=VERTEX_POINT('',#16992);
#4929=VERTEX_POINT('',#16994);
#4930=VERTEX_POINT('',#16996);
#4931=VERTEX_POINT('',#17000);
#4932=VERTEX_POINT('',#17002);
#4933=VERTEX_POINT('',#17006);
#4934=VERTEX_POINT('',#17008);
#4935=VERTEX_POINT('',#17015);
#4936=VERTEX_POINT('',#17019);
#4937=VERTEX_POINT('',#17020);
#4938=VERTEX_POINT('',#17022);
#4939=VERTEX_POINT('',#17024);
#4940=VERTEX_POINT('',#17030);
#4941=VERTEX_POINT('',#17034);
#4942=VERTEX_POINT('',#17035);
#4943=VERTEX_POINT('',#17037);
#4944=VERTEX_POINT('',#17039);
#4945=VERTEX_POINT('',#17045);
#4946=VERTEX_POINT('',#17049);
#4947=VERTEX_POINT('',#17050);
#4948=VERTEX_POINT('',#17052);
#4949=VERTEX_POINT('',#17054);
#4950=VERTEX_POINT('',#17060);
#4951=VERTEX_POINT('',#17064);
#4952=VERTEX_POINT('',#17065);
#4953=VERTEX_POINT('',#17067);
#4954=VERTEX_POINT('',#17069);
#4955=VERTEX_POINT('',#17075);
#4956=VERTEX_POINT('',#17079);
#4957=VERTEX_POINT('',#17080);
#4958=VERTEX_POINT('',#17082);
#4959=VERTEX_POINT('',#17084);
#4960=VERTEX_POINT('',#17090);
#4961=VERTEX_POINT('',#17094);
#4962=VERTEX_POINT('',#17095);
#4963=VERTEX_POINT('',#17097);
#4964=VERTEX_POINT('',#17099);
#4965=VERTEX_POINT('',#17105);
#4966=VERTEX_POINT('',#17109);
#4967=VERTEX_POINT('',#17110);
#4968=VERTEX_POINT('',#17112);
#4969=VERTEX_POINT('',#17114);
#4970=VERTEX_POINT('',#17120);
#4971=VERTEX_POINT('',#17124);
#4972=VERTEX_POINT('',#17125);
#4973=VERTEX_POINT('',#17127);
#4974=VERTEX_POINT('',#17129);
#4975=VERTEX_POINT('',#17135);
#4976=VERTEX_POINT('',#17137);
#4977=VERTEX_POINT('',#17139);
#4978=VERTEX_POINT('',#17142);
#4979=VERTEX_POINT('',#17144);
#4980=VERTEX_POINT('',#17146);
#4981=VERTEX_POINT('',#17148);
#4982=VERTEX_POINT('',#17149);
#4983=VERTEX_POINT('',#17151);
#4984=VERTEX_POINT('',#17153);
#4985=VERTEX_POINT('',#17155);
#4986=VERTEX_POINT('',#17157);
#4987=VERTEX_POINT('',#17159);
#4988=VERTEX_POINT('',#17161);
#4989=VERTEX_POINT('',#17163);
#4990=VERTEX_POINT('',#17165);
#4991=VERTEX_POINT('',#17167);
#4992=VERTEX_POINT('',#17169);
#4993=VERTEX_POINT('',#17172);
#4994=VERTEX_POINT('',#17223);
#4995=VERTEX_POINT('',#17229);
#4996=VERTEX_POINT('',#17238);
#4997=VERTEX_POINT('',#17240);
#4998=VERTEX_POINT('',#17244);
#4999=VERTEX_POINT('',#17246);
#5000=VERTEX_POINT('',#17248);
#5001=VERTEX_POINT('',#17250);
#5002=VERTEX_POINT('',#17252);
#5003=VERTEX_POINT('',#17255);
#5004=VERTEX_POINT('',#17259);
#5005=VERTEX_POINT('',#17263);
#5006=VERTEX_POINT('',#17267);
#5007=VERTEX_POINT('',#17271);
#5008=VERTEX_POINT('',#17275);
#5009=VERTEX_POINT('',#17276);
#5010=VERTEX_POINT('',#17278);
#5011=VERTEX_POINT('',#17280);
#5012=VERTEX_POINT('',#17283);
#5013=VERTEX_POINT('',#17284);
#5014=VERTEX_POINT('',#17286);
#5015=VERTEX_POINT('',#17288);
#5016=VERTEX_POINT('',#17292);
#5017=VERTEX_POINT('',#17294);
#5018=VERTEX_POINT('',#17298);
#5019=VERTEX_POINT('',#17302);
#5020=VERTEX_POINT('',#17305);
#5021=VERTEX_POINT('',#17306);
#5022=VERTEX_POINT('',#17308);
#5023=VERTEX_POINT('',#17310);
#5024=VERTEX_POINT('',#17314);
#5025=VERTEX_POINT('',#17315);
#5026=VERTEX_POINT('',#17317);
#5027=VERTEX_POINT('',#17319);
#5028=VERTEX_POINT('',#17322);
#5029=VERTEX_POINT('',#17325);
#5030=VERTEX_POINT('',#17327);
#5031=VERTEX_POINT('',#17331);
#5032=VERTEX_POINT('',#17334);
#5033=VERTEX_POINT('',#17335);
#5034=VERTEX_POINT('',#17337);
#5035=VERTEX_POINT('',#17339);
#5036=VERTEX_POINT('',#17343);
#5037=VERTEX_POINT('',#17345);
#5038=VERTEX_POINT('',#17349);
#5039=VERTEX_POINT('',#17352);
#5040=VERTEX_POINT('',#17355);
#5041=VERTEX_POINT('',#17357);
#5042=VERTEX_POINT('',#17361);
#5043=VERTEX_POINT('',#17363);
#5044=VERTEX_POINT('',#17367);
#5045=VERTEX_POINT('',#17370);
#5046=VERTEX_POINT('',#17374);
#5047=VERTEX_POINT('',#17378);
#5048=VERTEX_POINT('',#17382);
#5049=VERTEX_POINT('',#17386);
#5050=VERTEX_POINT('',#17388);
#5051=VERTEX_POINT('',#17393);
#5052=VERTEX_POINT('',#17400);
#5053=VERTEX_POINT('',#17404);
#5054=VERTEX_POINT('',#17408);
#5055=VERTEX_POINT('',#17412);
#5056=VERTEX_POINT('',#17421);
#5057=VERTEX_POINT('',#17425);
#5058=VERTEX_POINT('',#17433);
#5059=VERTEX_POINT('',#17435);
#5060=VERTEX_POINT('',#17439);
#5061=VERTEX_POINT('',#17441);
#5062=VERTEX_POINT('',#17447);
#5063=VERTEX_POINT('',#17449);
#5064=VERTEX_POINT('',#17453);
#5065=VERTEX_POINT('',#17455);
#5066=VERTEX_POINT('',#17461);
#5067=VERTEX_POINT('',#17463);
#5068=VERTEX_POINT('',#17467);
#5069=VERTEX_POINT('',#17469);
#5070=VERTEX_POINT('',#17475);
#5071=VERTEX_POINT('',#17477);
#5072=VERTEX_POINT('',#17481);
#5073=VERTEX_POINT('',#17483);
#5074=VERTEX_POINT('',#17489);
#5075=VERTEX_POINT('',#17491);
#5076=VERTEX_POINT('',#17495);
#5077=VERTEX_POINT('',#17497);
#5078=VERTEX_POINT('',#17503);
#5079=VERTEX_POINT('',#17505);
#5080=VERTEX_POINT('',#17509);
#5081=VERTEX_POINT('',#17511);
#5082=VERTEX_POINT('',#17517);
#5083=VERTEX_POINT('',#17519);
#5084=VERTEX_POINT('',#17523);
#5085=VERTEX_POINT('',#17525);
#5086=VERTEX_POINT('',#17531);
#5087=VERTEX_POINT('',#17533);
#5088=VERTEX_POINT('',#17537);
#5089=VERTEX_POINT('',#17539);
#5090=EDGE_CURVE('',#4187,#4188,#2401,.T.);
#5091=EDGE_CURVE('',#4189,#4187,#2402,.T.);
#5092=EDGE_CURVE('',#4189,#4190,#2403,.T.);
#5093=EDGE_CURVE('',#4188,#4190,#2404,.T.);
#5094=EDGE_CURVE('',#4191,#4192,#2405,.T.);
#5095=EDGE_CURVE('',#4193,#4191,#2406,.T.);
#5096=EDGE_CURVE('',#4193,#4194,#2407,.T.);
#5097=EDGE_CURVE('',#4192,#4194,#2408,.T.);
#5098=EDGE_CURVE('',#4190,#4193,#2409,.T.);
#5099=EDGE_CURVE('',#4194,#4189,#2410,.T.);
#5100=EDGE_CURVE('',#4195,#4196,#2411,.T.);
#5101=EDGE_CURVE('',#4197,#4195,#2412,.T.);
#5102=EDGE_CURVE('',#4197,#4198,#2413,.T.);
#5103=EDGE_CURVE('',#4196,#4198,#2414,.T.);
#5104=EDGE_CURVE('',#4199,#4200,#2415,.T.);
#5105=EDGE_CURVE('',#4201,#4199,#2416,.T.);
#5106=EDGE_CURVE('',#4201,#4202,#2417,.T.);
#5107=EDGE_CURVE('',#4200,#4202,#2418,.T.);
#5108=EDGE_CURVE('',#4198,#4201,#2419,.T.);
#5109=EDGE_CURVE('',#4202,#4197,#2420,.T.);
#5110=EDGE_CURVE('',#4187,#4203,#2421,.T.);
#5111=EDGE_CURVE('',#4204,#4203,#2422,.T.);
#5112=EDGE_CURVE('',#4205,#4204,#2423,.T.);
#5113=EDGE_CURVE('',#4206,#4205,#2424,.T.);
#5114=EDGE_CURVE('',#4206,#4192,#2425,.T.);
#5115=EDGE_CURVE('',#4207,#4188,#2426,.T.);
#5116=EDGE_CURVE('',#4208,#4207,#2427,.T.);
#5117=EDGE_CURVE('',#4199,#4208,#2428,.T.);
#5118=EDGE_CURVE('',#4209,#4200,#2429,.T.);
#5119=EDGE_CURVE('',#4210,#4209,#559,.T.);
#5120=EDGE_CURVE('',#4211,#4210,#2430,.T.);
#5121=EDGE_CURVE('',#4203,#4211,#560,.T.);
#5122=EDGE_CURVE('',#4195,#4212,#2431,.T.);
#5123=EDGE_CURVE('',#4213,#4212,#2432,.T.);
#5124=EDGE_CURVE('',#4214,#4213,#2433,.T.);
#5125=EDGE_CURVE('',#4209,#4214,#2434,.T.);
#5126=EDGE_CURVE('',#4215,#4204,#561,.T.);
#5127=EDGE_CURVE('',#4211,#4215,#2435,.T.);
#5128=EDGE_CURVE('',#4216,#4206,#562,.T.);
#5129=EDGE_CURVE('',#4217,#4216,#2436,.T.);
#5130=EDGE_CURVE('',#4212,#4217,#563,.T.);
#5131=EDGE_CURVE('',#4218,#4196,#2437,.T.);
#5132=EDGE_CURVE('',#4219,#4218,#2438,.T.);
#5133=EDGE_CURVE('',#4191,#4219,#2439,.T.);
#5134=EDGE_CURVE('',#4205,#4220,#564,.T.);
#5135=EDGE_CURVE('',#4220,#4216,#2440,.T.);
#5136=EDGE_CURVE('',#4214,#4221,#565,.T.);
#5137=EDGE_CURVE('',#4221,#4210,#2441,.T.);
#5138=EDGE_CURVE('',#4222,#4213,#566,.T.);
#5139=EDGE_CURVE('',#4217,#4222,#2442,.T.);
#5140=EDGE_CURVE('',#4222,#4220,#2443,.T.);
#5141=EDGE_CURVE('',#4208,#4223,#2444,.T.);
#5142=EDGE_CURVE('',#4223,#4224,#2445,.T.);
#5143=EDGE_CURVE('',#4218,#4224,#2446,.T.);
#5144=EDGE_CURVE('',#4207,#4225,#2447,.T.);
#5145=EDGE_CURVE('',#4225,#4223,#2448,.T.);
#5146=EDGE_CURVE('',#4215,#4221,#2449,.T.);
#5147=EDGE_CURVE('',#4219,#4226,#2450,.T.);
#5148=EDGE_CURVE('',#4226,#4225,#2451,.T.);
#5149=EDGE_CURVE('',#4227,#4228,#352,.T.);
#5150=EDGE_CURVE('',#4228,#4228,#353,.T.);
#5151=EDGE_CURVE('',#4227,#4227,#354,.T.);
#5152=EDGE_CURVE('',#4228,#4229,#2452,.T.);
#5153=EDGE_CURVE('',#4229,#4229,#567,.T.);
#5154=EDGE_CURVE('',#4224,#4226,#2453,.T.);
#5155=EDGE_CURVE('',#4230,#4230,#568,.T.);
#5156=EDGE_CURVE('',#4230,#4231,#2454,.T.);
#5157=EDGE_CURVE('',#4231,#4231,#569,.T.);
#5158=EDGE_CURVE('',#4232,#4232,#570,.T.);
#5159=EDGE_CURVE('',#4232,#4233,#2455,.T.);
#5160=EDGE_CURVE('',#4233,#4233,#571,.T.);
#5161=EDGE_CURVE('',#4234,#4234,#572,.T.);
#5162=EDGE_CURVE('',#4234,#4235,#2456,.T.);
#5163=EDGE_CURVE('',#4235,#4235,#573,.T.);
#5164=EDGE_CURVE('',#4236,#4236,#574,.T.);
#5165=EDGE_CURVE('',#4236,#4237,#2457,.T.);
#5166=EDGE_CURVE('',#4237,#4237,#575,.T.);
#5167=EDGE_CURVE('',#4238,#4238,#576,.T.);
#5168=EDGE_CURVE('',#4238,#4239,#2458,.T.);
#5169=EDGE_CURVE('',#4239,#4239,#577,.T.);
#5170=EDGE_CURVE('',#4240,#4240,#578,.T.);
#5171=EDGE_CURVE('',#4241,#4241,#579,.T.);
#5172=EDGE_CURVE('',#4241,#4240,#2459,.T.);
#5173=EDGE_CURVE('',#4242,#4242,#580,.T.);
#5174=EDGE_CURVE('',#4242,#4243,#2460,.T.);
#5175=EDGE_CURVE('',#4243,#4243,#581,.T.);
#5176=EDGE_CURVE('',#4244,#4245,#2461,.T.);
#5177=EDGE_CURVE('',#4246,#4244,#2462,.T.);
#5178=EDGE_CURVE('',#4246,#4245,#2463,.T.);
#5179=EDGE_CURVE('',#4247,#4248,#2464,.T.);
#5180=EDGE_CURVE('',#4247,#4249,#2465,.T.);
#5181=EDGE_CURVE('',#4248,#4249,#2466,.T.);
#5182=EDGE_CURVE('',#4245,#4247,#15,.T.);
#5183=EDGE_CURVE('',#4249,#4246,#2467,.T.);
#5184=EDGE_CURVE('',#4250,#4250,#582,.T.);
#5185=EDGE_CURVE('',#4251,#4251,#583,.T.);
#5186=EDGE_CURVE('',#4252,#4253,#2468,.T.);
#5187=EDGE_CURVE('',#4253,#4254,#584,.T.);
#5188=EDGE_CURVE('',#4254,#4255,#2469,.T.);
#5189=EDGE_CURVE('',#4256,#4255,#585,.T.);
#5190=EDGE_CURVE('',#4256,#4257,#2470,.T.);
#5191=EDGE_CURVE('',#4257,#4258,#16,.T.);
#5192=EDGE_CURVE('',#4258,#4259,#2471,.T.);
#5193=EDGE_CURVE('',#4259,#4244,#586,.T.);
#5194=EDGE_CURVE('',#4248,#4260,#587,.T.);
#5195=EDGE_CURVE('',#4260,#4261,#2472,.T.);
#5196=EDGE_CURVE('',#4261,#4257,#17,.T.);
#5197=EDGE_CURVE('',#4252,#4256,#588,.T.);
#5198=EDGE_CURVE('',#4262,#4263,#18,.T.);
#5199=EDGE_CURVE('',#4263,#4264,#2473,.T.);
#5200=EDGE_CURVE('',#4264,#4265,#19,.T.);
#5201=EDGE_CURVE('',#4265,#4262,#2474,.T.);
#5202=EDGE_CURVE('',#4266,#4267,#20,.T.);
#5203=EDGE_CURVE('',#4267,#4268,#2475,.T.);
#5204=EDGE_CURVE('',#4268,#4269,#21,.T.);
#5205=EDGE_CURVE('',#4269,#4266,#2476,.T.);
#5206=EDGE_CURVE('',#4270,#4260,#2477,.T.);
#5207=EDGE_CURVE('',#4270,#4261,#2478,.T.);
#5208=EDGE_CURVE('',#4258,#4271,#2479,.T.);
#5209=EDGE_CURVE('',#4259,#4271,#2480,.T.);
#5210=EDGE_CURVE('',#4271,#4270,#2481,.T.);
#5211=EDGE_CURVE('',#4250,#4272,#2482,.T.);
#5212=EDGE_CURVE('',#4273,#4272,#589,.T.);
#5213=EDGE_CURVE('',#4273,#4274,#2483,.T.);
#5214=EDGE_CURVE('',#4274,#4275,#590,.T.);
#5215=EDGE_CURVE('',#4275,#4276,#2484,.T.);
#5216=EDGE_CURVE('',#4272,#4276,#591,.T.);
#5217=EDGE_CURVE('',#4277,#4277,#592,.T.);
#5218=EDGE_CURVE('',#4277,#4278,#2485,.T.);
#5219=EDGE_CURVE('',#4278,#4278,#593,.T.);
#5220=EDGE_CURVE('',#4279,#4279,#594,.T.);
#5221=EDGE_CURVE('',#4279,#4251,#2486,.T.);
#5222=EDGE_CURVE('',#4280,#4280,#595,.T.);
#5223=EDGE_CURVE('',#4280,#4281,#2487,.T.);
#5224=EDGE_CURVE('',#4281,#4281,#596,.T.);
#5225=EDGE_CURVE('',#4282,#4282,#597,.T.);
#5226=EDGE_CURVE('',#4282,#4283,#2488,.T.);
#5227=EDGE_CURVE('',#4283,#4283,#598,.T.);
#5228=EDGE_CURVE('',#4284,#4284,#599,.T.);
#5229=EDGE_CURVE('',#4284,#4285,#2489,.T.);
#5230=EDGE_CURVE('',#4285,#4285,#600,.T.);
#5231=EDGE_CURVE('',#4286,#4286,#601,.T.);
#5232=EDGE_CURVE('',#4286,#4287,#2490,.T.);
#5233=EDGE_CURVE('',#4287,#4287,#602,.T.);
#5234=EDGE_CURVE('',#4288,#4262,#2491,.T.);
#5235=EDGE_CURVE('',#4289,#4288,#2492,.T.);
#5236=EDGE_CURVE('',#4263,#4289,#2493,.T.);
#5237=EDGE_CURVE('',#4290,#4289,#2494,.T.);
#5238=EDGE_CURVE('',#4290,#4264,#2495,.T.);
#5239=EDGE_CURVE('',#4291,#4290,#2496,.T.);
#5240=EDGE_CURVE('',#4265,#4291,#2497,.T.);
#5241=EDGE_CURVE('',#4288,#4291,#2498,.T.);
#5242=EDGE_CURVE('',#4254,#4274,#2499,.T.);
#5243=EDGE_CURVE('',#4253,#4275,#2500,.T.);
#5244=EDGE_CURVE('',#4268,#4292,#2501,.T.);
#5245=EDGE_CURVE('',#4293,#4292,#2502,.T.);
#5246=EDGE_CURVE('',#4269,#4293,#2503,.T.);
#5247=EDGE_CURVE('',#4294,#4267,#2504,.T.);
#5248=EDGE_CURVE('',#4295,#4294,#2505,.T.);
#5249=EDGE_CURVE('',#4292,#4295,#2506,.T.);
#5250=EDGE_CURVE('',#4296,#4266,#2507,.T.);
#5251=EDGE_CURVE('',#4294,#4296,#2508,.T.);
#5252=EDGE_CURVE('',#4297,#4293,#2509,.T.);
#5253=EDGE_CURVE('',#4296,#4297,#2510,.T.);
#5254=EDGE_CURVE('',#4298,#4295,#2511,.T.);
#5255=EDGE_CURVE('',#4298,#4299,#2512,.T.);
#5256=EDGE_CURVE('',#4300,#4299,#2513,.T.);
#5257=EDGE_CURVE('',#4300,#4301,#2514,.T.);
#5258=EDGE_CURVE('',#4301,#4302,#2515,.T.);
#5259=EDGE_CURVE('',#4302,#4303,#2516,.T.);
#5260=EDGE_CURVE('',#4304,#4303,#2517,.T.);
#5261=EDGE_CURVE('',#4305,#4304,#2518,.T.);
#5262=EDGE_CURVE('',#4297,#4305,#2519,.T.);
#5263=EDGE_CURVE('',#4306,#4306,#603,.T.);
#5264=EDGE_CURVE('',#4276,#4252,#2520,.T.);
#5265=EDGE_CURVE('',#4255,#4273,#2521,.T.);
#5266=EDGE_CURVE('',#4307,#4300,#2522,.T.);
#5267=EDGE_CURVE('',#4299,#4308,#2523,.T.);
#5268=EDGE_CURVE('',#4308,#4309,#2524,.T.);
#5269=EDGE_CURVE('',#4309,#4310,#2525,.T.);
#5270=EDGE_CURVE('',#4310,#4311,#2526,.T.);
#5271=EDGE_CURVE('',#4311,#4312,#2527,.T.);
#5272=EDGE_CURVE('',#4312,#4307,#2528,.T.);
#5273=EDGE_CURVE('',#4303,#4313,#2529,.T.);
#5274=EDGE_CURVE('',#4313,#4314,#2530,.T.);
#5275=EDGE_CURVE('',#4314,#4315,#2531,.T.);
#5276=EDGE_CURVE('',#4315,#4316,#2532,.T.);
#5277=EDGE_CURVE('',#4316,#4317,#2533,.T.);
#5278=EDGE_CURVE('',#4317,#4318,#2534,.T.);
#5279=EDGE_CURVE('',#4318,#4304,#2535,.T.);
#5280=EDGE_CURVE('',#4302,#4319,#2536,.T.);
#5281=EDGE_CURVE('',#4313,#4319,#2537,.T.);
#5282=EDGE_CURVE('',#4320,#4307,#2538,.T.);
#5283=EDGE_CURVE('',#4320,#4301,#2539,.T.);
#5284=EDGE_CURVE('',#4319,#4320,#2540,.T.);
#5285=EDGE_CURVE('',#4321,#4309,#2541,.T.);
#5286=EDGE_CURVE('',#4321,#4322,#2542,.T.);
#5287=EDGE_CURVE('',#4310,#4322,#2543,.T.);
#5288=EDGE_CURVE('',#4323,#4316,#2544,.T.);
#5289=EDGE_CURVE('',#4323,#4324,#2545,.T.);
#5290=EDGE_CURVE('',#4317,#4324,#2546,.T.);
#5291=EDGE_CURVE('',#4324,#4321,#2547,.T.);
#5292=EDGE_CURVE('',#4322,#4323,#2548,.T.);
#5293=EDGE_CURVE('',#4325,#4308,#2549,.T.);
#5294=EDGE_CURVE('',#4326,#4325,#2550,.T.);
#5295=EDGE_CURVE('',#4326,#4318,#2551,.T.);
#5296=EDGE_CURVE('',#4325,#4298,#2552,.T.);
#5297=EDGE_CURVE('',#4327,#4314,#2553,.T.);
#5298=EDGE_CURVE('',#4328,#4327,#2554,.T.);
#5299=EDGE_CURVE('',#4328,#4315,#2555,.T.);
#5300=EDGE_CURVE('',#4329,#4312,#2556,.T.);
#5301=EDGE_CURVE('',#4327,#4329,#2557,.T.);
#5302=EDGE_CURVE('',#4330,#4328,#2558,.T.);
#5303=EDGE_CURVE('',#4330,#4311,#2559,.T.);
#5304=EDGE_CURVE('',#4331,#4331,#604,.T.);
#5305=EDGE_CURVE('',#4331,#4306,#2560,.T.);
#5306=EDGE_CURVE('',#4329,#4330,#2561,.T.);
#5307=EDGE_CURVE('',#4305,#4326,#2562,.T.);
#5308=EDGE_CURVE('',#4332,#4332,#605,.T.);
#5309=EDGE_CURVE('',#4333,#4333,#606,.T.);
#5310=EDGE_CURVE('',#4334,#4335,#2563,.T.);
#5311=EDGE_CURVE('',#4336,#4334,#2564,.T.);
#5312=EDGE_CURVE('',#4336,#4337,#2565,.T.);
#5313=EDGE_CURVE('',#4335,#4337,#2566,.T.);
#5314=EDGE_CURVE('',#4338,#4339,#2567,.T.);
#5315=EDGE_CURVE('',#4339,#4340,#2568,.T.);
#5316=EDGE_CURVE('',#4340,#4341,#2569,.T.);
#5317=EDGE_CURVE('',#4341,#4338,#2570,.T.);
#5318=EDGE_CURVE('',#4342,#4342,#607,.T.);
#5319=EDGE_CURVE('',#4342,#4343,#2571,.T.);
#5320=EDGE_CURVE('',#4343,#4343,#608,.T.);
#5321=EDGE_CURVE('',#4344,#4345,#2572,.T.);
#5322=EDGE_CURVE('',#4344,#4346,#2573,.T.);
#5323=EDGE_CURVE('',#4347,#4346,#2574,.T.);
#5324=EDGE_CURVE('',#4347,#4345,#2575,.T.);
#5325=EDGE_CURVE('',#4348,#4349,#2576,.T.);
#5326=EDGE_CURVE('',#4349,#4350,#2577,.T.);
#5327=EDGE_CURVE('',#4350,#4351,#2578,.T.);
#5328=EDGE_CURVE('',#4351,#4348,#2579,.T.);
#5329=EDGE_CURVE('',#4352,#4352,#609,.T.);
#5330=EDGE_CURVE('',#4346,#4353,#2580,.T.);
#5331=EDGE_CURVE('',#4354,#4353,#2581,.T.);
#5332=EDGE_CURVE('',#4347,#4354,#2582,.T.);
#5333=EDGE_CURVE('',#4355,#4356,#2583,.T.);
#5334=EDGE_CURVE('',#4357,#4356,#2584,.T.);
#5335=EDGE_CURVE('',#4357,#4358,#2585,.T.);
#5336=EDGE_CURVE('',#4355,#4358,#2586,.T.);
#5337=EDGE_CURVE('',#4356,#4359,#2587,.T.);
#5338=EDGE_CURVE('',#4360,#4359,#2588,.T.);
#5339=EDGE_CURVE('',#4357,#4360,#2589,.T.);
#5340=EDGE_CURVE('',#4352,#4361,#2590,.T.);
#5341=EDGE_CURVE('',#4361,#4361,#610,.T.);
#5342=EDGE_CURVE('',#4362,#4362,#611,.T.);
#5343=EDGE_CURVE('',#4362,#4363,#2591,.T.);
#5344=EDGE_CURVE('',#4363,#4363,#612,.T.);
#5345=EDGE_CURVE('',#4364,#4364,#613,.T.);
#5346=EDGE_CURVE('',#4364,#4332,#2592,.T.);
#5347=EDGE_CURVE('',#4338,#4365,#2593,.T.);
#5348=EDGE_CURVE('',#4366,#4365,#2594,.T.);
#5349=EDGE_CURVE('',#4339,#4366,#2595,.T.);
#5350=EDGE_CURVE('',#4358,#4367,#2596,.T.);
#5351=EDGE_CURVE('',#4368,#4367,#2597,.T.);
#5352=EDGE_CURVE('',#4355,#4368,#2598,.T.);
#5353=EDGE_CURVE('',#4348,#4369,#2599,.T.);
#5354=EDGE_CURVE('',#4370,#4369,#2600,.T.);
#5355=EDGE_CURVE('',#4349,#4370,#2601,.T.);
#5356=EDGE_CURVE('',#4369,#4368,#2602,.T.);
#5357=EDGE_CURVE('',#4367,#4366,#2603,.T.);
#5358=EDGE_CURVE('',#4365,#4354,#2604,.T.);
#5359=EDGE_CURVE('',#4353,#4370,#2605,.T.);
#5360=EDGE_CURVE('',#4371,#4371,#614,.T.);
#5361=EDGE_CURVE('',#4371,#4372,#2606,.T.);
#5362=EDGE_CURVE('',#4372,#4372,#615,.T.);
#5363=EDGE_CURVE('',#4373,#4373,#616,.T.);
#5364=EDGE_CURVE('',#4373,#4333,#2607,.T.);
#5365=EDGE_CURVE('',#4374,#4360,#2608,.T.);
#5366=EDGE_CURVE('',#4340,#4374,#2609,.T.);
#5367=EDGE_CURVE('',#4375,#4374,#2610,.T.);
#5368=EDGE_CURVE('',#4341,#4375,#2611,.T.);
#5369=EDGE_CURVE('',#4376,#4375,#2612,.T.);
#5370=EDGE_CURVE('',#4345,#4376,#2613,.T.);
#5371=EDGE_CURVE('',#4377,#4376,#2614,.T.);
#5372=EDGE_CURVE('',#4344,#4377,#2615,.T.);
#5373=EDGE_CURVE('',#4378,#4377,#2616,.T.);
#5374=EDGE_CURVE('',#4350,#4378,#2617,.T.);
#5375=EDGE_CURVE('',#4379,#4378,#2618,.T.);
#5376=EDGE_CURVE('',#4351,#4379,#2619,.T.);
#5377=EDGE_CURVE('',#4359,#4379,#2620,.T.);
#5378=EDGE_CURVE('',#4337,#4380,#2621,.T.);
#5379=EDGE_CURVE('',#4380,#4381,#2622,.T.);
#5380=EDGE_CURVE('',#4381,#4335,#2623,.T.);
#5381=EDGE_CURVE('',#4382,#4381,#2624,.T.);
#5382=EDGE_CURVE('',#4383,#4380,#2625,.T.);
#5383=EDGE_CURVE('',#4382,#4383,#2626,.T.);
#5384=EDGE_CURVE('',#4384,#4384,#617,.T.);
#5385=EDGE_CURVE('',#4384,#4385,#2627,.T.);
#5386=EDGE_CURVE('',#4385,#4385,#618,.T.);
#5387=EDGE_CURVE('',#4336,#4386,#2628,.T.);
#5388=EDGE_CURVE('',#4386,#4387,#2629,.T.);
#5389=EDGE_CURVE('',#4383,#4387,#2630,.T.);
#5390=EDGE_CURVE('',#4388,#4382,#2631,.T.);
#5391=EDGE_CURVE('',#4389,#4388,#2632,.T.);
#5392=EDGE_CURVE('',#4334,#4389,#2633,.T.);
#5393=EDGE_CURVE('',#4386,#4389,#619,.T.);
#5394=EDGE_CURVE('',#4387,#4388,#620,.T.);
#5395=EDGE_CURVE('',#4390,#4390,#621,.T.);
#5396=EDGE_CURVE('',#4390,#4391,#2634,.T.);
#5397=EDGE_CURVE('',#4391,#4391,#622,.T.);
#5398=EDGE_CURVE('',#4392,#4392,#623,.T.);
#5399=EDGE_CURVE('',#4392,#4393,#2635,.T.);
#5400=EDGE_CURVE('',#4393,#4393,#624,.T.);
#5401=EDGE_CURVE('',#4394,#4394,#625,.T.);
#5402=EDGE_CURVE('',#4394,#4395,#2636,.T.);
#5403=EDGE_CURVE('',#4395,#4395,#626,.T.);
#5404=EDGE_CURVE('',#4396,#4396,#627,.T.);
#5405=EDGE_CURVE('',#4396,#4397,#2637,.T.);
#5406=EDGE_CURVE('',#4397,#4397,#628,.T.);
#5407=EDGE_CURVE('',#4398,#4398,#629,.T.);
#5408=EDGE_CURVE('',#4399,#4399,#630,.T.);
#5409=EDGE_CURVE('',#4400,#4400,#631,.T.);
#5410=EDGE_CURVE('',#4401,#4401,#632,.T.);
#5411=EDGE_CURVE('',#4402,#4402,#633,.T.);
#5412=EDGE_CURVE('',#4403,#4403,#634,.T.);
#5413=EDGE_CURVE('',#4403,#4404,#2638,.T.);
#5414=EDGE_CURVE('',#4404,#4404,#635,.T.);
#5415=EDGE_CURVE('',#4402,#4405,#2639,.T.);
#5416=EDGE_CURVE('',#4405,#4405,#636,.T.);
#5417=EDGE_CURVE('',#4401,#4406,#2640,.T.);
#5418=EDGE_CURVE('',#4406,#4406,#637,.T.);
#5419=EDGE_CURVE('',#4400,#4407,#2641,.T.);
#5420=EDGE_CURVE('',#4407,#4407,#638,.T.);
#5421=EDGE_CURVE('',#4399,#4408,#2642,.T.);
#5422=EDGE_CURVE('',#4408,#4408,#639,.T.);
#5423=EDGE_CURVE('',#4409,#4409,#640,.T.);
#5424=EDGE_CURVE('',#4409,#4398,#2643,.T.);
#5425=EDGE_CURVE('',#4410,#4410,#641,.T.);
#5426=EDGE_CURVE('',#4411,#4412,#642,.T.);
#5427=EDGE_CURVE('',#4412,#4413,#2644,.T.);
#5428=EDGE_CURVE('',#4414,#4413,#643,.T.);
#5429=EDGE_CURVE('',#4411,#4414,#2645,.T.);
#5430=EDGE_CURVE('',#4415,#4416,#644,.T.);
#5431=EDGE_CURVE('',#4416,#4417,#2646,.T.);
#5432=EDGE_CURVE('',#4418,#4417,#645,.T.);
#5433=EDGE_CURVE('',#4415,#4418,#2647,.T.);
#5434=EDGE_CURVE('',#4416,#4419,#2648,.T.);
#5435=EDGE_CURVE('',#4419,#4420,#2649,.T.);
#5436=EDGE_CURVE('',#4417,#4420,#2650,.T.);
#5437=EDGE_CURVE('',#4419,#4421,#646,.T.);
#5438=EDGE_CURVE('',#4421,#4422,#2651,.T.);
#5439=EDGE_CURVE('',#4423,#4422,#647,.T.);
#5440=EDGE_CURVE('',#4424,#4423,#648,.T.);
#5441=EDGE_CURVE('',#4425,#4424,#649,.T.);
#5442=EDGE_CURVE('',#4420,#4425,#650,.T.);
#5443=EDGE_CURVE('',#4421,#4415,#2652,.T.);
#5444=EDGE_CURVE('',#4422,#4418,#2653,.T.);
#5445=EDGE_CURVE('',#4424,#4426,#2654,.T.);
#5446=EDGE_CURVE('',#4426,#4425,#2655,.T.);
#5447=EDGE_CURVE('',#4427,#4424,#2656,.T.);
#5448=EDGE_CURVE('',#4423,#4427,#2657,.T.);
#5449=EDGE_CURVE('',#4428,#4423,#2658,.T.);
#5450=EDGE_CURVE('',#4425,#4429,#2659,.T.);
#5451=EDGE_CURVE('',#4429,#4428,#2660,.T.);
#5452=EDGE_CURVE('',#4430,#4430,#651,.T.);
#5453=EDGE_CURVE('',#4431,#4432,#2661,.T.);
#5454=EDGE_CURVE('',#4432,#4414,#2662,.T.);
#5455=EDGE_CURVE('',#4413,#4431,#2663,.T.);
#5456=EDGE_CURVE('',#4433,#4434,#2664,.T.);
#5457=EDGE_CURVE('',#4434,#4435,#2665,.T.);
#5458=EDGE_CURVE('',#4435,#4436,#2666,.T.);
#5459=EDGE_CURVE('',#4436,#4433,#2667,.T.);
#5460=EDGE_CURVE('',#4437,#4438,#2668,.T.);
#5461=EDGE_CURVE('',#4438,#4439,#2669,.T.);
#5462=EDGE_CURVE('',#4439,#4440,#2670,.T.);
#5463=EDGE_CURVE('',#4440,#4437,#2671,.T.);
#5464=EDGE_CURVE('',#4441,#4442,#2672,.T.);
#5465=EDGE_CURVE('',#4442,#4443,#2673,.T.);
#5466=EDGE_CURVE('',#4443,#4444,#2674,.T.);
#5467=EDGE_CURVE('',#4444,#4441,#2675,.T.);
#5468=EDGE_CURVE('',#4445,#4445,#652,.T.);
#5469=EDGE_CURVE('',#4446,#4446,#653,.T.);
#5470=EDGE_CURVE('',#4436,#4438,#2676,.T.);
#5471=EDGE_CURVE('',#4433,#4437,#2677,.T.);
#5472=EDGE_CURVE('',#4435,#4439,#2678,.T.);
#5473=EDGE_CURVE('',#4434,#4440,#2679,.T.);
#5474=EDGE_CURVE('',#4426,#4442,#2680,.T.);
#5475=EDGE_CURVE('',#4429,#4441,#2681,.T.);
#5476=EDGE_CURVE('',#4427,#4443,#2682,.T.);
#5477=EDGE_CURVE('',#4428,#4444,#2683,.T.);
#5478=EDGE_CURVE('',#4445,#4430,#2684,.T.);
#5479=EDGE_CURVE('',#4446,#4410,#2685,.T.);
#5480=EDGE_CURVE('',#4447,#4448,#2686,.T.);
#5481=EDGE_CURVE('',#4431,#4448,#2687,.T.);
#5482=EDGE_CURVE('',#4449,#4412,#2688,.T.);
#5483=EDGE_CURVE('',#4449,#4447,#2689,.T.);
#5484=EDGE_CURVE('',#4411,#4450,#2690,.T.);
#5485=EDGE_CURVE('',#4450,#4449,#2691,.T.);
#5486=EDGE_CURVE('',#4451,#4452,#2692,.T.);
#5487=EDGE_CURVE('',#4450,#4451,#2693,.T.);
#5488=EDGE_CURVE('',#4432,#4452,#2694,.T.);
#5489=EDGE_CURVE('',#4451,#4447,#654,.T.);
#5490=EDGE_CURVE('',#4448,#4452,#655,.T.);
#5491=EDGE_CURVE('',#4453,#4453,#656,.T.);
#5492=EDGE_CURVE('',#4453,#4454,#2695,.T.);
#5493=EDGE_CURVE('',#4454,#4454,#657,.T.);
#5494=EDGE_CURVE('',#4455,#4455,#658,.T.);
#5495=EDGE_CURVE('',#4455,#4456,#2696,.T.);
#5496=EDGE_CURVE('',#4456,#4456,#659,.T.);
#5497=EDGE_CURVE('',#4457,#4458,#2697,.T.);
#5498=EDGE_CURVE('',#4459,#4457,#2698,.T.);
#5499=EDGE_CURVE('',#4459,#4460,#2699,.T.);
#5500=EDGE_CURVE('',#4458,#4460,#2700,.T.);
#5501=EDGE_CURVE('',#4461,#4462,#2701,.T.);
#5502=EDGE_CURVE('',#4461,#4463,#2702,.T.);
#5503=EDGE_CURVE('',#4463,#4464,#2703,.T.);
#5504=EDGE_CURVE('',#4464,#4462,#2704,.T.);
#5505=EDGE_CURVE('',#4458,#4461,#2705,.T.);
#5506=EDGE_CURVE('',#4460,#4463,#2706,.T.);
#5507=EDGE_CURVE('',#4465,#4459,#660,.T.);
#5508=EDGE_CURVE('',#4464,#4465,#661,.T.);
#5509=EDGE_CURVE('',#4466,#4467,#2707,.T.);
#5510=EDGE_CURVE('',#4468,#4466,#2708,.T.);
#5511=EDGE_CURVE('',#4468,#4469,#2709,.T.);
#5512=EDGE_CURVE('',#4467,#4469,#2710,.T.);
#5513=EDGE_CURVE('',#4470,#4471,#2711,.T.);
#5514=EDGE_CURVE('',#4470,#4472,#2712,.T.);
#5515=EDGE_CURVE('',#4472,#4473,#2713,.T.);
#5516=EDGE_CURVE('',#4473,#4471,#2714,.T.);
#5517=EDGE_CURVE('',#4467,#4470,#2715,.T.);
#5518=EDGE_CURVE('',#4469,#4472,#2716,.T.);
#5519=EDGE_CURVE('',#4473,#4468,#662,.T.);
#5520=EDGE_CURVE('',#4474,#4475,#2717,.T.);
#5521=EDGE_CURVE('',#4475,#4476,#2718,.T.);
#5522=EDGE_CURVE('',#4477,#4476,#2719,.T.);
#5523=EDGE_CURVE('',#4474,#4477,#2720,.T.);
#5524=EDGE_CURVE('',#4462,#4466,#663,.T.);
#5525=EDGE_CURVE('',#4471,#4457,#664,.T.);
#5526=EDGE_CURVE('',#4465,#4478,#2721,.T.);
#5527=EDGE_CURVE('',#4478,#4478,#665,.T.);
#5528=EDGE_CURVE('',#4479,#4480,#2722,.T.);
#5529=EDGE_CURVE('',#4479,#4481,#2723,.T.);
#5530=EDGE_CURVE('',#4482,#4481,#2724,.T.);
#5531=EDGE_CURVE('',#4480,#4482,#2725,.T.);
#5532=EDGE_CURVE('',#4476,#4482,#2726,.T.);
#5533=EDGE_CURVE('',#4481,#4477,#2727,.T.);
#5534=EDGE_CURVE('',#4483,#4479,#2728,.T.);
#5535=EDGE_CURVE('',#4484,#4483,#2729,.T.);
#5536=EDGE_CURVE('',#4484,#4474,#2730,.T.);
#5537=EDGE_CURVE('',#4485,#4485,#666,.T.);
#5538=EDGE_CURVE('',#4486,#4486,#667,.T.);
#5539=EDGE_CURVE('',#4487,#4488,#2731,.T.);
#5540=EDGE_CURVE('',#4489,#4487,#2732,.T.);
#5541=EDGE_CURVE('',#4489,#4490,#2733,.T.);
#5542=EDGE_CURVE('',#4491,#4490,#2734,.T.);
#5543=EDGE_CURVE('',#4488,#4491,#2735,.T.);
#5544=EDGE_CURVE('',#4492,#4489,#2736,.T.);
#5545=EDGE_CURVE('',#4493,#4492,#2737,.T.);
#5546=EDGE_CURVE('',#4493,#4494,#2738,.T.);
#5547=EDGE_CURVE('',#4490,#4494,#2739,.T.);
#5548=EDGE_CURVE('',#4495,#4496,#2740,.T.);
#5549=EDGE_CURVE('',#4495,#4497,#2741,.T.);
#5550=EDGE_CURVE('',#4498,#4497,#2742,.T.);
#5551=EDGE_CURVE('',#4496,#4498,#2743,.T.);
#5552=EDGE_CURVE('',#4499,#4495,#2744,.T.);
#5553=EDGE_CURVE('',#4499,#4500,#2745,.T.);
#5554=EDGE_CURVE('',#4497,#4500,#2746,.T.);
#5555=EDGE_CURVE('',#4501,#4501,#668,.T.);
#5556=EDGE_CURVE('',#4501,#4486,#2747,.T.);
#5557=EDGE_CURVE('',#4502,#4502,#669,.T.);
#5558=EDGE_CURVE('',#4502,#4485,#2748,.T.);
#5559=EDGE_CURVE('',#4488,#4503,#2749,.T.);
#5560=EDGE_CURVE('',#4504,#4491,#2750,.T.);
#5561=EDGE_CURVE('',#4505,#4504,#2751,.T.);
#5562=EDGE_CURVE('',#4503,#4505,#2752,.T.);
#5563=EDGE_CURVE('',#4505,#4493,#2753,.T.);
#5564=EDGE_CURVE('',#4494,#4504,#2754,.T.);
#5565=EDGE_CURVE('',#4496,#4506,#2755,.T.);
#5566=EDGE_CURVE('',#4507,#4498,#2756,.T.);
#5567=EDGE_CURVE('',#4506,#4507,#2757,.T.);
#5568=EDGE_CURVE('',#4506,#4499,#2758,.T.);
#5569=EDGE_CURVE('',#4500,#4507,#2759,.T.);
#5570=EDGE_CURVE('',#4508,#4509,#670,.T.);
#5571=EDGE_CURVE('',#4508,#4510,#2760,.T.);
#5572=EDGE_CURVE('',#4492,#4510,#671,.T.);
#5573=EDGE_CURVE('',#4487,#4492,#672,.T.);
#5574=EDGE_CURVE('',#4503,#4487,#673,.T.);
#5575=EDGE_CURVE('',#4511,#4503,#674,.T.);
#5576=EDGE_CURVE('',#4509,#4511,#2761,.T.);
#5577=EDGE_CURVE('',#4484,#4512,#675,.T.);
#5578=EDGE_CURVE('',#4475,#4512,#2762,.T.);
#5579=EDGE_CURVE('',#4509,#4513,#2763,.T.);
#5580=EDGE_CURVE('',#4513,#4514,#676,.T.);
#5581=EDGE_CURVE('',#4514,#4508,#2764,.T.);
#5582=EDGE_CURVE('',#4480,#4515,#2765,.T.);
#5583=EDGE_CURVE('',#4515,#4483,#677,.T.);
#5584=EDGE_CURVE('',#4510,#4516,#2766,.T.);
#5585=EDGE_CURVE('',#4516,#4517,#678,.T.);
#5586=EDGE_CURVE('',#4517,#4511,#2767,.T.);
#5587=EDGE_CURVE('',#4514,#4516,#2768,.T.);
#5588=EDGE_CURVE('',#4513,#4517,#2769,.T.);
#5589=EDGE_CURVE('',#4512,#4515,#2770,.T.);
#5590=EDGE_CURVE('',#4518,#4518,#679,.T.);
#5591=EDGE_CURVE('',#4518,#4519,#2771,.T.);
#5592=EDGE_CURVE('',#4519,#4519,#680,.T.);
#5593=EDGE_CURVE('',#4520,#4520,#681,.T.);
#5594=EDGE_CURVE('',#4520,#4521,#2772,.T.);
#5595=EDGE_CURVE('',#4521,#4521,#682,.T.);
#5596=EDGE_CURVE('',#4522,#4522,#683,.T.);
#5597=EDGE_CURVE('',#4522,#4523,#2773,.T.);
#5598=EDGE_CURVE('',#4523,#4523,#684,.T.);
#5599=EDGE_CURVE('',#4524,#4524,#685,.T.);
#5600=EDGE_CURVE('',#4524,#4525,#2774,.T.);
#5601=EDGE_CURVE('',#4525,#4525,#686,.T.);
#5602=EDGE_CURVE('',#4526,#4526,#687,.T.);
#5603=EDGE_CURVE('',#4526,#4527,#2775,.T.);
#5604=EDGE_CURVE('',#4527,#4527,#688,.T.);
#5605=EDGE_CURVE('',#4528,#4528,#689,.T.);
#5606=EDGE_CURVE('',#4528,#4529,#2776,.T.);
#5607=EDGE_CURVE('',#4529,#4529,#690,.T.);
#5608=EDGE_CURVE('',#4530,#4530,#691,.T.);
#5609=EDGE_CURVE('',#4530,#4531,#2777,.T.);
#5610=EDGE_CURVE('',#4531,#4531,#692,.T.);
#5611=EDGE_CURVE('',#4532,#4532,#693,.T.);
#5612=EDGE_CURVE('',#4532,#4533,#2778,.T.);
#5613=EDGE_CURVE('',#4533,#4533,#694,.T.);
#5614=EDGE_CURVE('',#4534,#4534,#695,.T.);
#5615=EDGE_CURVE('',#4534,#4535,#2779,.T.);
#5616=EDGE_CURVE('',#4535,#4535,#696,.T.);
#5617=EDGE_CURVE('',#4536,#4536,#697,.T.);
#5618=EDGE_CURVE('',#4536,#4537,#2780,.T.);
#5619=EDGE_CURVE('',#4537,#4537,#698,.T.);
#5620=EDGE_CURVE('',#4538,#4538,#699,.T.);
#5621=EDGE_CURVE('',#4538,#4539,#2781,.T.);
#5622=EDGE_CURVE('',#4539,#4539,#700,.T.);
#5623=EDGE_CURVE('',#4540,#4540,#701,.T.);
#5624=EDGE_CURVE('',#4540,#4541,#2782,.T.);
#5625=EDGE_CURVE('',#4541,#4541,#702,.T.);
#5626=EDGE_CURVE('',#4542,#4542,#703,.T.);
#5627=EDGE_CURVE('',#4542,#4543,#2783,.T.);
#5628=EDGE_CURVE('',#4543,#4543,#704,.T.);
#5629=EDGE_CURVE('',#4544,#4544,#705,.T.);
#5630=EDGE_CURVE('',#4544,#4545,#2784,.T.);
#5631=EDGE_CURVE('',#4545,#4545,#706,.T.);
#5632=EDGE_CURVE('',#4546,#4546,#707,.T.);
#5633=EDGE_CURVE('',#4546,#4547,#2785,.T.);
#5634=EDGE_CURVE('',#4547,#4547,#708,.T.);
#5635=EDGE_CURVE('',#4548,#4548,#709,.T.);
#5636=EDGE_CURVE('',#4548,#4549,#2786,.T.);
#5637=EDGE_CURVE('',#4549,#4549,#710,.T.);
#5638=EDGE_CURVE('',#4550,#4551,#2787,.T.);
#5639=EDGE_CURVE('',#4550,#4552,#711,.T.);
#5640=EDGE_CURVE('',#4553,#4552,#2788,.T.);
#5641=EDGE_CURVE('',#4553,#4551,#712,.T.);
#5642=EDGE_CURVE('',#4551,#4554,#2789,.T.);
#5643=EDGE_CURVE('',#4555,#4553,#2790,.T.);
#5644=EDGE_CURVE('',#4555,#4554,#713,.T.);
#5645=EDGE_CURVE('',#4556,#4550,#2791,.T.);
#5646=EDGE_CURVE('',#4556,#4557,#714,.T.);
#5647=EDGE_CURVE('',#4552,#4557,#2792,.T.);
#5648=EDGE_CURVE('',#4554,#4556,#2793,.T.);
#5649=EDGE_CURVE('',#4557,#4555,#2794,.T.);
#5650=EDGE_CURVE('',#4558,#4559,#2795,.T.);
#5651=EDGE_CURVE('',#4558,#4560,#715,.T.);
#5652=EDGE_CURVE('',#4561,#4560,#2796,.T.);
#5653=EDGE_CURVE('',#4561,#4559,#716,.T.);
#5654=EDGE_CURVE('',#4559,#4562,#2797,.T.);
#5655=EDGE_CURVE('',#4563,#4561,#2798,.T.);
#5656=EDGE_CURVE('',#4563,#4562,#717,.T.);
#5657=EDGE_CURVE('',#4564,#4558,#2799,.T.);
#5658=EDGE_CURVE('',#4564,#4565,#718,.T.);
#5659=EDGE_CURVE('',#4560,#4565,#2800,.T.);
#5660=EDGE_CURVE('',#4562,#4564,#2801,.T.);
#5661=EDGE_CURVE('',#4565,#4563,#2802,.T.);
#5662=EDGE_CURVE('',#4566,#4567,#2803,.T.);
#5663=EDGE_CURVE('',#4566,#4568,#2804,.T.);
#5664=EDGE_CURVE('',#4569,#4568,#2805,.T.);
#5665=EDGE_CURVE('',#4567,#4569,#2806,.T.);
#5666=EDGE_CURVE('',#4567,#4570,#2807,.T.);
#5667=EDGE_CURVE('',#4571,#4569,#2808,.T.);
#5668=EDGE_CURVE('',#4571,#4570,#2809,.T.);
#5669=EDGE_CURVE('',#4570,#4572,#2810,.T.);
#5670=EDGE_CURVE('',#4573,#4571,#2811,.T.);
#5671=EDGE_CURVE('',#4573,#4572,#2812,.T.);
#5672=EDGE_CURVE('',#4572,#4566,#2813,.T.);
#5673=EDGE_CURVE('',#4568,#4573,#2814,.T.);
#5674=EDGE_CURVE('',#4574,#4575,#2815,.T.);
#5675=EDGE_CURVE('',#4574,#4576,#2816,.T.);
#5676=EDGE_CURVE('',#4577,#4576,#2817,.T.);
#5677=EDGE_CURVE('',#4575,#4577,#2818,.T.);
#5678=EDGE_CURVE('',#4578,#4574,#2819,.T.);
#5679=EDGE_CURVE('',#4575,#4579,#2820,.T.);
#5680=EDGE_CURVE('',#4579,#4580,#2821,.T.);
#5681=EDGE_CURVE('',#4581,#4580,#2822,.F.);
#5682=EDGE_CURVE('',#4581,#4582,#2823,.T.);
#5683=EDGE_CURVE('',#4583,#4582,#2824,.T.);
#5684=EDGE_CURVE('',#4583,#4578,#2825,.T.);
#5685=EDGE_CURVE('',#4584,#4585,#2826,.T.);
#5686=EDGE_CURVE('',#4585,#4586,#2827,.T.);
#5687=EDGE_CURVE('',#4587,#4586,#2828,.T.);
#5688=EDGE_CURVE('',#4584,#4587,#2829,.T.);
#5689=EDGE_CURVE('',#4588,#4577,#2830,.T.);
#5690=EDGE_CURVE('',#4576,#4589,#2831,.T.);
#5691=EDGE_CURVE('',#4589,#4588,#2832,.T.);
#5692=EDGE_CURVE('',#4588,#4579,#2833,.T.);
#5693=EDGE_CURVE('',#4589,#4578,#2834,.T.);
#5694=EDGE_CURVE('',#4590,#4590,#719,.T.);
#5695=EDGE_CURVE('',#4590,#4591,#2835,.T.);
#5696=EDGE_CURVE('',#4591,#4591,#720,.T.);
#5697=EDGE_CURVE('',#4592,#4593,#2836,.T.);
#5698=EDGE_CURVE('',#4594,#4592,#2837,.T.);
#5699=EDGE_CURVE('',#4594,#4595,#2838,.T.);
#5700=EDGE_CURVE('',#4593,#4595,#2839,.T.);
#5701=EDGE_CURVE('',#4596,#4597,#2840,.T.);
#5702=EDGE_CURVE('',#4598,#4596,#2841,.T.);
#5703=EDGE_CURVE('',#4599,#4598,#2842,.T.);
#5704=EDGE_CURVE('',#4597,#4599,#2843,.T.);
#5705=EDGE_CURVE('',#4597,#4594,#2844,.T.);
#5706=EDGE_CURVE('',#4595,#4599,#2845,.T.);
#5707=EDGE_CURVE('',#4600,#4596,#2846,.F.);
#5708=EDGE_CURVE('',#4600,#4601,#2847,.T.);
#5709=EDGE_CURVE('',#4598,#4601,#2848,.T.);
#5710=EDGE_CURVE('',#4586,#4602,#2849,.T.);
#5711=EDGE_CURVE('',#4602,#4603,#2850,.T.);
#5712=EDGE_CURVE('',#4603,#4587,#2851,.T.);
#5713=EDGE_CURVE('',#4601,#4604,#2852,.T.);
#5714=EDGE_CURVE('',#4604,#4605,#2853,.T.);
#5715=EDGE_CURVE('',#4605,#4606,#2854,.T.);
#5716=EDGE_CURVE('',#4606,#4607,#2855,.T.);
#5717=EDGE_CURVE('',#4607,#4583,#2856,.T.);
#5718=EDGE_CURVE('',#4582,#4608,#2857,.T.);
#5719=EDGE_CURVE('',#4608,#4609,#2858,.T.);
#5720=EDGE_CURVE('',#4609,#4593,#2859,.T.);
#5721=EDGE_CURVE('',#4610,#4610,#721,.T.);
#5722=EDGE_CURVE('',#4611,#4611,#722,.T.);
#5723=EDGE_CURVE('',#4612,#4612,#723,.T.);
#5724=EDGE_CURVE('',#4592,#4613,#2860,.F.);
#5725=EDGE_CURVE('',#4613,#4614,#2861,.T.);
#5726=EDGE_CURVE('',#4614,#4581,#2862,.T.);
#5727=EDGE_CURVE('',#4580,#4615,#2863,.T.);
#5728=EDGE_CURVE('',#4615,#4616,#2864,.T.);
#5729=EDGE_CURVE('',#4616,#4617,#2865,.F.);
#5730=EDGE_CURVE('',#4617,#4618,#2866,.T.);
#5731=EDGE_CURVE('',#4618,#4600,#2867,.T.);
#5732=EDGE_CURVE('',#4619,#4619,#724,.T.);
#5733=EDGE_CURVE('',#4619,#4612,#2868,.T.);
#5734=EDGE_CURVE('',#4609,#4613,#2869,.T.);
#5735=EDGE_CURVE('',#4614,#4608,#2870,.T.);
#5736=EDGE_CURVE('',#4620,#4620,#725,.T.);
#5737=EDGE_CURVE('',#4620,#4611,#2871,.T.);
#5738=EDGE_CURVE('',#4618,#4604,#2872,.T.);
#5739=EDGE_CURVE('',#4605,#4617,#2873,.T.);
#5740=EDGE_CURVE('',#4616,#4606,#2874,.T.);
#5741=EDGE_CURVE('',#4621,#4621,#726,.T.);
#5742=EDGE_CURVE('',#4621,#4610,#2875,.T.);
#5743=EDGE_CURVE('',#4615,#4607,#2876,.T.);
#5744=EDGE_CURVE('',#4622,#4584,#2877,.T.);
#5745=EDGE_CURVE('',#4622,#4603,#2878,.T.);
#5746=EDGE_CURVE('',#4623,#4622,#2879,.T.);
#5747=EDGE_CURVE('',#4623,#4602,#2880,.T.);
#5748=EDGE_CURVE('',#4585,#4623,#2881,.T.);
#5749=EDGE_CURVE('',#4624,#4625,#2882,.T.);
#5750=EDGE_CURVE('',#4626,#4624,#2883,.T.);
#5751=EDGE_CURVE('',#4627,#4626,#2884,.T.);
#5752=EDGE_CURVE('',#4625,#4627,#2885,.T.);
#5753=EDGE_CURVE('',#4628,#4629,#727,.T.);
#5754=EDGE_CURVE('',#4630,#4628,#728,.T.);
#5755=EDGE_CURVE('',#4631,#4630,#729,.T.);
#5756=EDGE_CURVE('',#4632,#4631,#730,.T.);
#5757=EDGE_CURVE('',#4633,#4632,#731,.T.);
#5758=EDGE_CURVE('',#4634,#4633,#732,.T.);
#5759=EDGE_CURVE('',#4635,#4634,#733,.T.);
#5760=EDGE_CURVE('',#4629,#4635,#734,.T.);
#5761=EDGE_CURVE('',#4636,#4636,#735,.T.);
#5762=EDGE_CURVE('',#4637,#4637,#736,.T.);
#5763=EDGE_CURVE('',#4638,#4638,#737,.T.);
#5764=EDGE_CURVE('',#4639,#4639,#738,.T.);
#5765=EDGE_CURVE('',#4640,#4640,#739,.T.);
#5766=EDGE_CURVE('',#4641,#4624,#2886,.T.);
#5767=EDGE_CURVE('',#4641,#4642,#2887,.T.);
#5768=EDGE_CURVE('',#4642,#4626,#2888,.T.);
#5769=EDGE_CURVE('',#4643,#4625,#2889,.T.);
#5770=EDGE_CURVE('',#4643,#4641,#2890,.T.);
#5771=EDGE_CURVE('',#4632,#4644,#2891,.T.);
#5772=EDGE_CURVE('',#4645,#4644,#740,.T.);
#5773=EDGE_CURVE('',#4633,#4645,#2892,.T.);
#5774=EDGE_CURVE('',#4631,#4646,#2893,.T.);
#5775=EDGE_CURVE('',#4646,#4647,#2894,.T.);
#5776=EDGE_CURVE('',#4648,#4647,#741,.T.);
#5777=EDGE_CURVE('',#4649,#4648,#2895,.T.);
#5778=EDGE_CURVE('',#4650,#4649,#742,.T.);
#5779=EDGE_CURVE('',#4650,#4651,#2896,.T.);
#5780=EDGE_CURVE('',#4652,#4651,#743,.T.);
#5781=EDGE_CURVE('',#4644,#4652,#2897,.T.);
#5782=EDGE_CURVE('',#4630,#4653,#2898,.T.);
#5783=EDGE_CURVE('',#4646,#4653,#744,.T.);
#5784=EDGE_CURVE('',#4628,#4654,#2899,.T.);
#5785=EDGE_CURVE('',#4654,#4655,#2900,.T.);
#5786=EDGE_CURVE('',#4656,#4655,#745,.T.);
#5787=EDGE_CURVE('',#4657,#4656,#2901,.T.);
#5788=EDGE_CURVE('',#4658,#4657,#746,.T.);
#5789=EDGE_CURVE('',#4658,#4659,#2902,.T.);
#5790=EDGE_CURVE('',#4660,#4659,#747,.T.);
#5791=EDGE_CURVE('',#4653,#4660,#2903,.T.);
#5792=EDGE_CURVE('',#4634,#4661,#2904,.T.);
#5793=EDGE_CURVE('',#4662,#4661,#748,.T.);
#5794=EDGE_CURVE('',#4635,#4662,#2905,.T.);
#5795=EDGE_CURVE('',#4629,#4663,#2906,.T.);
#5796=EDGE_CURVE('',#4654,#4663,#749,.T.);
#5797=EDGE_CURVE('',#4644,#4645,#750,.T.);
#5798=EDGE_CURVE('',#4653,#4646,#751,.T.);
#5799=EDGE_CURVE('',#4661,#4662,#752,.T.);
#5800=EDGE_CURVE('',#4663,#4654,#753,.T.);
#5801=EDGE_CURVE('',#4664,#4652,#754,.T.);
#5802=EDGE_CURVE('',#4645,#4664,#2907,.T.);
#5803=EDGE_CURVE('',#4665,#4650,#755,.T.);
#5804=EDGE_CURVE('',#4665,#4666,#2908,.T.);
#5805=EDGE_CURVE('',#4651,#4666,#756,.T.);
#5806=EDGE_CURVE('',#4666,#4664,#757,.T.);
#5807=EDGE_CURVE('',#4661,#4667,#2909,.T.);
#5808=EDGE_CURVE('',#4668,#4667,#758,.T.);
#5809=EDGE_CURVE('',#4662,#4668,#2910,.T.);
#5810=EDGE_CURVE('',#4669,#4668,#759,.T.);
#5811=EDGE_CURVE('',#4670,#4669,#2911,.T.);
#5812=EDGE_CURVE('',#4671,#4670,#760,.T.);
#5813=EDGE_CURVE('',#4671,#4672,#2912,.T.);
#5814=EDGE_CURVE('',#4673,#4672,#761,.T.);
#5815=EDGE_CURVE('',#4663,#4673,#2913,.T.);
#5816=EDGE_CURVE('',#4670,#4674,#762,.T.);
#5817=EDGE_CURVE('',#4675,#4669,#763,.T.);
#5818=EDGE_CURVE('',#4674,#4675,#2914,.T.);
#5819=EDGE_CURVE('',#4674,#4665,#764,.T.);
#5820=EDGE_CURVE('',#4667,#4675,#765,.T.);
#5821=EDGE_CURVE('',#4647,#4660,#766,.T.);
#5822=EDGE_CURVE('',#4649,#4658,#767,.T.);
#5823=EDGE_CURVE('',#4659,#4648,#768,.T.);
#5824=EDGE_CURVE('',#4655,#4673,#769,.T.);
#5825=EDGE_CURVE('',#4657,#4671,#770,.T.);
#5826=EDGE_CURVE('',#4672,#4656,#771,.T.);
#5827=EDGE_CURVE('',#4676,#4677,#772,.T.);
#5828=EDGE_CURVE('',#4676,#4678,#2915,.T.);
#5829=EDGE_CURVE('',#4679,#4678,#773,.T.);
#5830=EDGE_CURVE('',#4677,#4679,#2916,.T.);
#5831=EDGE_CURVE('',#4680,#4681,#774,.T.);
#5832=EDGE_CURVE('',#4680,#4682,#2917,.T.);
#5833=EDGE_CURVE('',#4683,#4682,#775,.T.);
#5834=EDGE_CURVE('',#4681,#4683,#2918,.T.);
#5835=EDGE_CURVE('',#4678,#4683,#776,.T.);
#5836=EDGE_CURVE('',#4682,#4679,#777,.T.);
#5837=EDGE_CURVE('',#4677,#4676,#778,.T.);
#5838=EDGE_CURVE('',#4684,#4643,#2919,.T.);
#5839=EDGE_CURVE('',#4642,#4684,#2920,.T.);
#5840=EDGE_CURVE('',#4681,#4685,#779,.T.);
#5841=EDGE_CURVE('',#4685,#4686,#780,.T.);
#5842=EDGE_CURVE('',#4686,#4687,#781,.T.);
#5843=EDGE_CURVE('',#4687,#4688,#782,.T.);
#5844=EDGE_CURVE('',#4688,#4689,#783,.T.);
#5845=EDGE_CURVE('',#4689,#4690,#784,.T.);
#5846=EDGE_CURVE('',#4690,#4691,#785,.T.);
#5847=EDGE_CURVE('',#4691,#4680,#786,.T.);
#5848=EDGE_CURVE('',#4692,#4692,#787,.T.);
#5849=EDGE_CURVE('',#4693,#4693,#788,.T.);
#5850=EDGE_CURVE('',#4694,#4694,#789,.T.);
#5851=EDGE_CURVE('',#4695,#4695,#790,.T.);
#5852=EDGE_CURVE('',#4696,#4697,#791,.T.);
#5853=EDGE_CURVE('',#4696,#4698,#2921,.T.);
#5854=EDGE_CURVE('',#4699,#4698,#792,.T.);
#5855=EDGE_CURVE('',#4697,#4699,#2922,.T.);
#5856=EDGE_CURVE('',#4687,#4700,#2923,.T.);
#5857=EDGE_CURVE('',#4701,#4700,#793,.T.);
#5858=EDGE_CURVE('',#4688,#4701,#2924,.T.);
#5859=EDGE_CURVE('',#4700,#4699,#794,.T.);
#5860=EDGE_CURVE('',#4698,#4701,#795,.T.);
#5861=EDGE_CURVE('',#4697,#4696,#796,.T.);
#5862=EDGE_CURVE('',#4702,#4703,#797,.T.);
#5863=EDGE_CURVE('',#4702,#4704,#2925,.T.);
#5864=EDGE_CURVE('',#4705,#4704,#798,.T.);
#5865=EDGE_CURVE('',#4703,#4705,#2926,.T.);
#5866=EDGE_CURVE('',#4690,#4706,#2927,.T.);
#5867=EDGE_CURVE('',#4707,#4706,#799,.T.);
#5868=EDGE_CURVE('',#4691,#4707,#2928,.T.);
#5869=EDGE_CURVE('',#4704,#4707,#800,.T.);
#5870=EDGE_CURVE('',#4706,#4705,#801,.T.);
#5871=EDGE_CURVE('',#4703,#4702,#802,.T.);
#5872=EDGE_CURVE('',#4708,#4709,#803,.T.);
#5873=EDGE_CURVE('',#4708,#4710,#2929,.T.);
#5874=EDGE_CURVE('',#4711,#4710,#804,.T.);
#5875=EDGE_CURVE('',#4709,#4711,#2930,.T.);
#5876=EDGE_CURVE('',#4685,#4712,#2931,.T.);
#5877=EDGE_CURVE('',#4713,#4712,#805,.T.);
#5878=EDGE_CURVE('',#4686,#4713,#2932,.T.);
#5879=EDGE_CURVE('',#4710,#4713,#806,.T.);
#5880=EDGE_CURVE('',#4712,#4711,#807,.T.);
#5881=EDGE_CURVE('',#4709,#4708,#808,.T.);
#5882=EDGE_CURVE('',#4636,#4692,#2933,.T.);
#5883=EDGE_CURVE('',#4637,#4693,#2934,.T.);
#5884=EDGE_CURVE('',#4638,#4694,#2935,.T.);
#5885=EDGE_CURVE('',#4639,#4695,#2936,.T.);
#5886=EDGE_CURVE('',#4640,#4689,#2937,.T.);
#5887=EDGE_CURVE('',#4684,#4627,#2938,.T.);
#5888=EDGE_CURVE('',#4714,#4715,#809,.T.);
#5889=EDGE_CURVE('',#4715,#4716,#2939,.T.);
#5890=EDGE_CURVE('',#4716,#4717,#810,.T.);
#5891=EDGE_CURVE('',#4717,#4714,#2940,.T.);
#5892=EDGE_CURVE('',#4714,#4718,#2941,.T.);
#5893=EDGE_CURVE('',#4719,#4718,#811,.T.);
#5894=EDGE_CURVE('',#4719,#4720,#2942,.T.);
#5895=EDGE_CURVE('',#4721,#4720,#812,.T.);
#5896=EDGE_CURVE('',#4721,#4722,#2943,.T.);
#5897=EDGE_CURVE('',#4723,#4722,#813,.T.);
#5898=EDGE_CURVE('',#4723,#4715,#2944,.T.);
#5899=EDGE_CURVE('',#4724,#4724,#814,.T.);
#5900=EDGE_CURVE('',#4725,#4725,#815,.T.);
#5901=EDGE_CURVE('',#4726,#4726,#816,.T.);
#5902=EDGE_CURVE('',#4727,#4727,#817,.T.);
#5903=EDGE_CURVE('',#4728,#4729,#2945,.T.);
#5904=EDGE_CURVE('',#4730,#4729,#2946,.T.);
#5905=EDGE_CURVE('',#4731,#4730,#2947,.T.);
#5906=EDGE_CURVE('',#4731,#4732,#2948,.T.);
#5907=EDGE_CURVE('',#4733,#4732,#2949,.T.);
#5908=EDGE_CURVE('',#4734,#4733,#2950,.T.);
#5909=EDGE_CURVE('',#4734,#4735,#2951,.T.);
#5910=EDGE_CURVE('',#4736,#4735,#2952,.T.);
#5911=EDGE_CURVE('',#4737,#4736,#2953,.T.);
#5912=EDGE_CURVE('',#4737,#4738,#2954,.T.);
#5913=EDGE_CURVE('',#4739,#4738,#2955,.T.);
#5914=EDGE_CURVE('',#4728,#4739,#2956,.T.);
#5915=EDGE_CURVE('',#4717,#4740,#2957,.T.);
#5916=EDGE_CURVE('',#4718,#4740,#2958,.T.);
#5917=EDGE_CURVE('',#4741,#4742,#2959,.T.);
#5918=EDGE_CURVE('',#4742,#4743,#818,.T.);
#5919=EDGE_CURVE('',#4743,#4744,#2960,.T.);
#5920=EDGE_CURVE('',#4744,#4741,#819,.T.);
#5921=EDGE_CURVE('',#4740,#4745,#820,.T.);
#5922=EDGE_CURVE('',#4745,#4719,#2961,.T.);
#5923=EDGE_CURVE('',#4720,#4746,#2962,.T.);
#5924=EDGE_CURVE('',#4746,#4747,#821,.T.);
#5925=EDGE_CURVE('',#4747,#4721,#2963,.T.);
#5926=EDGE_CURVE('',#4747,#4748,#2964,.T.);
#5927=EDGE_CURVE('',#4722,#4748,#2965,.T.);
#5928=EDGE_CURVE('',#4748,#4749,#822,.T.);
#5929=EDGE_CURVE('',#4749,#4723,#2966,.T.);
#5930=EDGE_CURVE('',#4750,#4750,#823,.T.);
#5931=EDGE_CURVE('',#4750,#4751,#2967,.T.);
#5932=EDGE_CURVE('',#4751,#4751,#824,.T.);
#5933=EDGE_CURVE('',#4752,#4752,#825,.T.);
#5934=EDGE_CURVE('',#4752,#4753,#2968,.T.);
#5935=EDGE_CURVE('',#4753,#4753,#826,.T.);
#5936=EDGE_CURVE('',#4754,#4754,#827,.T.);
#5937=EDGE_CURVE('',#4754,#4755,#2969,.T.);
#5938=EDGE_CURVE('',#4755,#4755,#828,.T.);
#5939=EDGE_CURVE('',#4756,#4756,#829,.T.);
#5940=EDGE_CURVE('',#4756,#4757,#2970,.T.);
#5941=EDGE_CURVE('',#4757,#4757,#830,.T.);
#5942=EDGE_CURVE('',#4724,#4758,#2971,.T.);
#5943=EDGE_CURVE('',#4758,#4758,#831,.T.);
#5944=EDGE_CURVE('',#4725,#4759,#2972,.T.);
#5945=EDGE_CURVE('',#4759,#4759,#832,.T.);
#5946=EDGE_CURVE('',#4726,#4760,#2973,.T.);
#5947=EDGE_CURVE('',#4760,#4760,#833,.T.);
#5948=EDGE_CURVE('',#4727,#4761,#2974,.T.);
#5949=EDGE_CURVE('',#4761,#4761,#834,.T.);
#5950=EDGE_CURVE('',#4762,#4763,#2975,.T.);
#5951=EDGE_CURVE('',#4762,#4730,#2976,.T.);
#5952=EDGE_CURVE('',#4763,#4729,#2977,.T.);
#5953=EDGE_CURVE('',#4764,#4762,#2978,.T.);
#5954=EDGE_CURVE('',#4731,#4764,#2979,.T.);
#5955=EDGE_CURVE('',#4765,#4764,#2980,.T.);
#5956=EDGE_CURVE('',#4765,#4732,#2981,.T.);
#5957=EDGE_CURVE('',#4766,#4767,#2982,.T.);
#5958=EDGE_CURVE('',#4734,#4766,#2983,.T.);
#5959=EDGE_CURVE('',#4767,#4733,#2984,.T.);
#5960=EDGE_CURVE('',#4767,#4765,#2985,.T.);
#5961=EDGE_CURVE('',#4763,#4768,#2986,.T.);
#5962=EDGE_CURVE('',#4768,#4769,#835,.T.);
#5963=EDGE_CURVE('',#4769,#4768,#836,.T.);
#5964=EDGE_CURVE('',#4768,#4770,#2987,.T.);
#5965=EDGE_CURVE('',#4770,#4771,#837,.T.);
#5966=EDGE_CURVE('',#4771,#4770,#838,.T.);
#5967=EDGE_CURVE('',#4770,#4772,#2988,.T.);
#5968=EDGE_CURVE('',#4772,#4773,#2989,.T.);
#5969=EDGE_CURVE('',#4773,#4774,#2990,.T.);
#5970=EDGE_CURVE('',#4774,#4775,#2991,.T.);
#5971=EDGE_CURVE('',#4775,#4776,#2992,.T.);
#5972=EDGE_CURVE('',#4776,#4777,#2993,.T.);
#5973=EDGE_CURVE('',#4777,#4766,#2994,.T.);
#5974=EDGE_CURVE('',#4778,#4778,#839,.T.);
#5975=EDGE_CURVE('',#4779,#4779,#840,.T.);
#5976=EDGE_CURVE('',#4780,#4780,#841,.T.);
#5977=EDGE_CURVE('',#4781,#4782,#2995,.T.);
#5978=EDGE_CURVE('',#4782,#4783,#2996,.T.);
#5979=EDGE_CURVE('',#4783,#4784,#2997,.T.);
#5980=EDGE_CURVE('',#4784,#4781,#2998,.T.);
#5981=EDGE_CURVE('',#4785,#4785,#842,.T.);
#5982=EDGE_CURVE('',#4786,#4786,#843,.T.);
#5983=EDGE_CURVE('',#4787,#4788,#2999,.T.);
#5984=EDGE_CURVE('',#4788,#4789,#3000,.T.);
#5985=EDGE_CURVE('',#4789,#4790,#3001,.T.);
#5986=EDGE_CURVE('',#4790,#4787,#3002,.T.);
#5987=EDGE_CURVE('',#4791,#4791,#844,.T.);
#5988=EDGE_CURVE('',#4728,#4772,#3003,.T.);
#5989=EDGE_CURVE('',#4773,#4739,#3004,.T.);
#5990=EDGE_CURVE('',#4774,#4738,#3005,.T.);
#5991=EDGE_CURVE('',#4737,#4775,#3006,.T.);
#5992=EDGE_CURVE('',#4792,#4793,#3007,.T.);
#5993=EDGE_CURVE('',#4793,#4794,#845,.T.);
#5994=EDGE_CURVE('',#4794,#4795,#3008,.T.);
#5995=EDGE_CURVE('',#4795,#4792,#846,.T.);
#5996=EDGE_CURVE('',#4776,#4736,#3009,.T.);
#5997=EDGE_CURVE('',#4777,#4735,#3010,.T.);
#5998=EDGE_CURVE('',#4796,#4796,#847,.T.);
#5999=EDGE_CURVE('',#4796,#4797,#3011,.T.);
#6000=EDGE_CURVE('',#4797,#4797,#848,.T.);
#6001=EDGE_CURVE('',#4798,#4798,#849,.T.);
#6002=EDGE_CURVE('',#4798,#4799,#3012,.T.);
#6003=EDGE_CURVE('',#4799,#4799,#850,.T.);
#6004=EDGE_CURVE('',#4744,#4794,#3013,.T.);
#6005=EDGE_CURVE('',#4743,#4795,#3014,.T.);
#6006=EDGE_CURVE('',#4742,#4792,#3015,.T.);
#6007=EDGE_CURVE('',#4741,#4793,#3016,.T.);
#6008=EDGE_CURVE('',#4800,#4801,#3017,.T.);
#6009=EDGE_CURVE('',#4800,#4802,#3018,.T.);
#6010=EDGE_CURVE('',#4802,#4803,#3019,.T.);
#6011=EDGE_CURVE('',#4801,#4803,#3020,.T.);
#6012=EDGE_CURVE('',#4804,#4800,#851,.T.);
#6013=EDGE_CURVE('',#4804,#4805,#3021,.T.);
#6014=EDGE_CURVE('',#4805,#4802,#852,.T.);
#6015=EDGE_CURVE('',#4806,#4804,#3022,.T.);
#6016=EDGE_CURVE('',#4806,#4807,#3023,.T.);
#6017=EDGE_CURVE('',#4807,#4805,#3024,.T.);
#6018=EDGE_CURVE('',#4801,#4806,#853,.T.);
#6019=EDGE_CURVE('',#4803,#4807,#854,.T.);
#6020=EDGE_CURVE('',#4808,#4809,#855,.T.);
#6021=EDGE_CURVE('',#4810,#4808,#3025,.T.);
#6022=EDGE_CURVE('',#4811,#4810,#856,.T.);
#6023=EDGE_CURVE('',#4809,#4811,#3026,.T.);
#6024=EDGE_CURVE('',#4808,#4812,#3027,.T.);
#6025=EDGE_CURVE('',#4813,#4812,#3028,.T.);
#6026=EDGE_CURVE('',#4810,#4813,#3029,.T.);
#6027=EDGE_CURVE('',#4809,#4814,#3030,.T.);
#6028=EDGE_CURVE('',#4812,#4814,#857,.T.);
#6029=EDGE_CURVE('',#4811,#4815,#3031,.T.);
#6030=EDGE_CURVE('',#4814,#4815,#3032,.T.);
#6031=EDGE_CURVE('',#4815,#4813,#858,.T.);
#6032=EDGE_CURVE('',#4782,#4816,#3033,.T.);
#6033=EDGE_CURVE('',#4817,#4816,#3034,.T.);
#6034=EDGE_CURVE('',#4783,#4817,#3035,.T.);
#6035=EDGE_CURVE('',#4781,#4818,#3036,.T.);
#6036=EDGE_CURVE('',#4816,#4818,#3037,.T.);
#6037=EDGE_CURVE('',#4819,#4817,#3038,.T.);
#6038=EDGE_CURVE('',#4784,#4819,#3039,.T.);
#6039=EDGE_CURVE('',#4818,#4819,#3040,.T.);
#6040=EDGE_CURVE('',#4788,#4820,#3041,.T.);
#6041=EDGE_CURVE('',#4821,#4820,#3042,.T.);
#6042=EDGE_CURVE('',#4789,#4821,#3043,.T.);
#6043=EDGE_CURVE('',#4787,#4822,#3044,.T.);
#6044=EDGE_CURVE('',#4820,#4822,#3045,.T.);
#6045=EDGE_CURVE('',#4823,#4821,#3046,.T.);
#6046=EDGE_CURVE('',#4790,#4823,#3047,.T.);
#6047=EDGE_CURVE('',#4822,#4823,#3048,.T.);
#6048=EDGE_CURVE('',#4824,#4824,#859,.T.);
#6049=EDGE_CURVE('',#4824,#4779,#3049,.T.);
#6050=EDGE_CURVE('',#4825,#4825,#860,.T.);
#6051=EDGE_CURVE('',#4825,#4780,#3050,.T.);
#6052=EDGE_CURVE('',#4826,#4826,#861,.T.);
#6053=EDGE_CURVE('',#4826,#4786,#3051,.T.);
#6054=EDGE_CURVE('',#4827,#4827,#862,.T.);
#6055=EDGE_CURVE('',#4827,#4785,#3052,.T.);
#6056=EDGE_CURVE('',#4745,#4746,#3053,.T.);
#6057=EDGE_CURVE('',#4749,#4716,#3054,.T.);
#6058=EDGE_CURVE('',#4778,#4828,#3055,.T.);
#6059=EDGE_CURVE('',#4828,#4828,#863,.T.);
#6060=EDGE_CURVE('',#4791,#4829,#3056,.T.);
#6061=EDGE_CURVE('',#4829,#4829,#864,.T.);
#6062=EDGE_CURVE('',#4771,#4830,#3057,.T.);
#6063=EDGE_CURVE('',#4830,#4830,#865,.T.);
#6064=EDGE_CURVE('',#4769,#4831,#3058,.T.);
#6065=EDGE_CURVE('',#4831,#4831,#866,.T.);
#6066=EDGE_CURVE('',#4832,#4832,#867,.T.);
#6067=EDGE_CURVE('',#4832,#4833,#3059,.T.);
#6068=EDGE_CURVE('',#4833,#4833,#868,.T.);
#6069=EDGE_CURVE('',#4834,#4834,#869,.T.);
#6070=EDGE_CURVE('',#4834,#4835,#3060,.T.);
#6071=EDGE_CURVE('',#4835,#4835,#870,.T.);
#6072=EDGE_CURVE('',#4836,#4836,#871,.T.);
#6073=EDGE_CURVE('',#4836,#4837,#3061,.T.);
#6074=EDGE_CURVE('',#4837,#4837,#872,.T.);
#6075=EDGE_CURVE('',#4838,#4838,#873,.T.);
#6076=EDGE_CURVE('',#4838,#4839,#3062,.T.);
#6077=EDGE_CURVE('',#4839,#4839,#874,.T.);
#6078=EDGE_CURVE('',#4840,#4840,#875,.T.);
#6079=EDGE_CURVE('',#4840,#4841,#3063,.T.);
#6080=EDGE_CURVE('',#4841,#4841,#876,.T.);
#6081=EDGE_CURVE('',#4842,#4842,#877,.T.);
#6082=EDGE_CURVE('',#4842,#4843,#3064,.T.);
#6083=EDGE_CURVE('',#4843,#4843,#878,.T.);
#6084=EDGE_CURVE('',#4844,#4844,#879,.T.);
#6085=EDGE_CURVE('',#4844,#4845,#3065,.T.);
#6086=EDGE_CURVE('',#4845,#4845,#880,.T.);
#6087=EDGE_CURVE('',#4846,#4846,#881,.T.);
#6088=EDGE_CURVE('',#4846,#4847,#3066,.T.);
#6089=EDGE_CURVE('',#4847,#4847,#882,.T.);
#6090=EDGE_CURVE('',#4848,#4849,#3067,.T.);
#6091=EDGE_CURVE('',#4848,#4850,#3068,.T.);
#6092=EDGE_CURVE('',#4851,#4850,#3069,.T.);
#6093=EDGE_CURVE('',#4849,#4851,#3070,.T.);
#6094=EDGE_CURVE('',#4849,#4852,#3071,.T.);
#6095=EDGE_CURVE('',#4853,#4851,#3072,.T.);
#6096=EDGE_CURVE('',#4852,#4853,#3073,.T.);
#6097=EDGE_CURVE('',#4854,#4855,#3074,.T.);
#6098=EDGE_CURVE('',#4856,#4854,#3075,.T.);
#6099=EDGE_CURVE('',#4857,#4856,#3076,.T.);
#6100=EDGE_CURVE('',#4855,#4857,#3077,.T.);
#6101=EDGE_CURVE('',#4858,#4858,#883,.T.);
#6102=EDGE_CURVE('',#4859,#4860,#3078,.T.);
#6103=EDGE_CURVE('',#4859,#4861,#3079,.T.);
#6104=EDGE_CURVE('',#4862,#4861,#3080,.T.);
#6105=EDGE_CURVE('',#4860,#4862,#3081,.T.);
#6106=EDGE_CURVE('',#4860,#4863,#3082,.T.);
#6107=EDGE_CURVE('',#4864,#4862,#3083,.T.);
#6108=EDGE_CURVE('',#4863,#4864,#3084,.T.);
#6109=EDGE_CURVE('',#4865,#4866,#3085,.T.);
#6110=EDGE_CURVE('',#4866,#4867,#3086,.T.);
#6111=EDGE_CURVE('',#4863,#4867,#3087,.T.);
#6112=EDGE_CURVE('',#4865,#4864,#3088,.T.);
#6113=EDGE_CURVE('',#4868,#4866,#3089,.T.);
#6114=EDGE_CURVE('',#4869,#4868,#3090,.T.);
#6115=EDGE_CURVE('',#4867,#4869,#3091,.T.);
#6116=EDGE_CURVE('',#4870,#4870,#884,.T.);
#6117=EDGE_CURVE('',#4871,#4872,#3092,.T.);
#6118=EDGE_CURVE('',#4871,#4873,#3093,.T.);
#6119=EDGE_CURVE('',#4874,#4873,#3094,.T.);
#6120=EDGE_CURVE('',#4872,#4874,#3095,.T.);
#6121=EDGE_CURVE('',#4872,#4875,#3096,.T.);
#6122=EDGE_CURVE('',#4876,#4874,#3097,.T.);
#6123=EDGE_CURVE('',#4875,#4876,#3098,.T.);
#6124=EDGE_CURVE('',#4877,#4878,#3099,.T.);
#6125=EDGE_CURVE('',#4878,#4879,#3100,.T.);
#6126=EDGE_CURVE('',#4875,#4879,#3101,.T.);
#6127=EDGE_CURVE('',#4877,#4876,#3102,.T.);
#6128=EDGE_CURVE('',#4880,#4878,#3103,.T.);
#6129=EDGE_CURVE('',#4881,#4880,#3104,.T.);
#6130=EDGE_CURVE('',#4879,#4881,#3105,.T.);
#6131=EDGE_CURVE('',#4882,#4882,#885,.T.);
#6132=EDGE_CURVE('',#4883,#4884,#3106,.T.);
#6133=EDGE_CURVE('',#4883,#4885,#3107,.T.);
#6134=EDGE_CURVE('',#4886,#4885,#3108,.T.);
#6135=EDGE_CURVE('',#4884,#4886,#3109,.T.);
#6136=EDGE_CURVE('',#4884,#4887,#3110,.T.);
#6137=EDGE_CURVE('',#4888,#4886,#3111,.T.);
#6138=EDGE_CURVE('',#4887,#4888,#3112,.T.);
#6139=EDGE_CURVE('',#4889,#4890,#3113,.T.);
#6140=EDGE_CURVE('',#4891,#4889,#3114,.T.);
#6141=EDGE_CURVE('',#4892,#4891,#3115,.T.);
#6142=EDGE_CURVE('',#4890,#4892,#3116,.T.);
#6143=EDGE_CURVE('',#4893,#4893,#886,.T.);
#6144=EDGE_CURVE('',#4894,#4895,#887,.T.);
#6145=EDGE_CURVE('',#4895,#4896,#3117,.T.);
#6146=EDGE_CURVE('',#4896,#4897,#888,.T.);
#6147=EDGE_CURVE('',#4897,#4894,#3118,.T.);
#6148=EDGE_CURVE('',#4898,#4899,#889,.T.);
#6149=EDGE_CURVE('',#4899,#4897,#890,.T.);
#6150=EDGE_CURVE('',#4896,#4898,#891,.T.);
#6151=EDGE_CURVE('',#4900,#4901,#892,.T.);
#6152=EDGE_CURVE('',#4901,#4899,#3119,.T.);
#6153=EDGE_CURVE('',#4898,#4900,#3120,.T.);
#6154=EDGE_CURVE('',#4902,#4903,#893,.T.);
#6155=EDGE_CURVE('',#4903,#4901,#894,.T.);
#6156=EDGE_CURVE('',#4900,#4902,#895,.T.);
#6157=EDGE_CURVE('',#4904,#4905,#896,.T.);
#6158=EDGE_CURVE('',#4905,#4903,#3121,.T.);
#6159=EDGE_CURVE('',#4902,#4904,#3122,.T.);
#6160=EDGE_CURVE('',#4906,#4907,#897,.T.);
#6161=EDGE_CURVE('',#4907,#4905,#898,.T.);
#6162=EDGE_CURVE('',#4904,#4906,#899,.T.);
#6163=EDGE_CURVE('',#4908,#4909,#900,.T.);
#6164=EDGE_CURVE('',#4909,#4907,#3123,.T.);
#6165=EDGE_CURVE('',#4906,#4908,#3124,.T.);
#6166=EDGE_CURVE('',#4894,#4909,#901,.T.);
#6167=EDGE_CURVE('',#4908,#4895,#902,.T.);
#6168=EDGE_CURVE('',#4900,#4910,#3125,.T.);
#6169=EDGE_CURVE('',#4910,#4911,#903,.T.);
#6170=EDGE_CURVE('',#4902,#4911,#3126,.T.);
#6171=EDGE_CURVE('',#4898,#4912,#3127,.T.);
#6172=EDGE_CURVE('',#4912,#4910,#3128,.T.);
#6173=EDGE_CURVE('',#4913,#4896,#3129,.T.);
#6174=EDGE_CURVE('',#4913,#4912,#904,.T.);
#6175=EDGE_CURVE('',#4895,#4914,#3130,.T.);
#6176=EDGE_CURVE('',#4914,#4913,#3131,.T.);
#6177=EDGE_CURVE('',#4861,#4865,#3132,.T.);
#6178=EDGE_CURVE('',#4850,#4915,#3133,.T.);
#6179=EDGE_CURVE('',#4915,#4853,#3134,.T.);
#6180=EDGE_CURVE('',#4885,#4916,#3135,.T.);
#6181=EDGE_CURVE('',#4916,#4888,#3136,.T.);
#6182=EDGE_CURVE('',#4873,#4877,#3137,.T.);
#6183=EDGE_CURVE('',#4917,#4917,#905,.T.);
#6184=EDGE_CURVE('',#4918,#4918,#906,.T.);
#6185=EDGE_CURVE('',#4919,#4919,#907,.T.);
#6186=EDGE_CURVE('',#4920,#4920,#908,.T.);
#6187=EDGE_CURVE('',#4921,#4921,#909,.T.);
#6188=EDGE_CURVE('',#4922,#4922,#910,.T.);
#6189=EDGE_CURVE('',#4923,#4923,#911,.T.);
#6190=EDGE_CURVE('',#4924,#4924,#912,.T.);
#6191=EDGE_CURVE('',#4925,#4925,#913,.T.);
#6192=EDGE_CURVE('',#4926,#4926,#914,.T.);
#6193=EDGE_CURVE('',#4927,#4928,#3138,.T.);
#6194=EDGE_CURVE('',#4929,#4927,#3139,.T.);
#6195=EDGE_CURVE('',#4930,#4929,#3140,.T.);
#6196=EDGE_CURVE('',#4930,#4928,#3141,.T.);
#6197=EDGE_CURVE('',#4928,#4931,#915,.T.);
#6198=EDGE_CURVE('',#4932,#4930,#916,.T.);
#6199=EDGE_CURVE('',#4932,#4931,#3142,.T.);
#6200=EDGE_CURVE('',#4931,#4933,#3143,.T.);
#6201=EDGE_CURVE('',#4934,#4932,#3144,.T.);
#6202=EDGE_CURVE('',#4934,#4933,#3145,.T.);
#6203=EDGE_CURVE('',#4933,#4927,#917,.T.);
#6204=EDGE_CURVE('',#4929,#4934,#918,.T.);
#6205=EDGE_CURVE('',#4935,#4935,#919,.T.);
#6206=EDGE_CURVE('',#4935,#4925,#3146,.T.);
#6207=EDGE_CURVE('',#4936,#4937,#920,.T.);
#6208=EDGE_CURVE('',#4936,#4938,#3147,.T.);
#6209=EDGE_CURVE('',#4939,#4938,#921,.T.);
#6210=EDGE_CURVE('',#4937,#4939,#3148,.T.);
#6211=EDGE_CURVE('',#4938,#4939,#922,.T.);
#6212=EDGE_CURVE('',#4940,#4940,#923,.T.);
#6213=EDGE_CURVE('',#4940,#4919,#3149,.T.);
#6214=EDGE_CURVE('',#4941,#4942,#924,.T.);
#6215=EDGE_CURVE('',#4941,#4943,#3150,.T.);
#6216=EDGE_CURVE('',#4944,#4943,#925,.T.);
#6217=EDGE_CURVE('',#4942,#4944,#3151,.T.);
#6218=EDGE_CURVE('',#4943,#4944,#926,.T.);
#6219=EDGE_CURVE('',#4945,#4945,#927,.T.);
#6220=EDGE_CURVE('',#4945,#4921,#3152,.T.);
#6221=EDGE_CURVE('',#4946,#4947,#928,.T.);
#6222=EDGE_CURVE('',#4946,#4948,#3153,.T.);
#6223=EDGE_CURVE('',#4949,#4948,#929,.T.);
#6224=EDGE_CURVE('',#4947,#4949,#3154,.T.);
#6225=EDGE_CURVE('',#4948,#4949,#930,.T.);
#6226=EDGE_CURVE('',#4950,#4950,#931,.T.);
#6227=EDGE_CURVE('',#4950,#4922,#3155,.T.);
#6228=EDGE_CURVE('',#4951,#4952,#932,.T.);
#6229=EDGE_CURVE('',#4951,#4953,#3156,.T.);
#6230=EDGE_CURVE('',#4954,#4953,#933,.T.);
#6231=EDGE_CURVE('',#4952,#4954,#3157,.T.);
#6232=EDGE_CURVE('',#4953,#4954,#934,.T.);
#6233=EDGE_CURVE('',#4955,#4955,#935,.T.);
#6234=EDGE_CURVE('',#4955,#4924,#3158,.T.);
#6235=EDGE_CURVE('',#4956,#4957,#936,.T.);
#6236=EDGE_CURVE('',#4956,#4958,#3159,.T.);
#6237=EDGE_CURVE('',#4959,#4958,#937,.T.);
#6238=EDGE_CURVE('',#4957,#4959,#3160,.T.);
#6239=EDGE_CURVE('',#4958,#4959,#938,.T.);
#6240=EDGE_CURVE('',#4960,#4960,#939,.T.);
#6241=EDGE_CURVE('',#4960,#4923,#3161,.T.);
#6242=EDGE_CURVE('',#4961,#4962,#940,.T.);
#6243=EDGE_CURVE('',#4961,#4963,#3162,.T.);
#6244=EDGE_CURVE('',#4964,#4963,#941,.T.);
#6245=EDGE_CURVE('',#4962,#4964,#3163,.T.);
#6246=EDGE_CURVE('',#4963,#4964,#942,.T.);
#6247=EDGE_CURVE('',#4965,#4965,#943,.T.);
#6248=EDGE_CURVE('',#4965,#4926,#3164,.T.);
#6249=EDGE_CURVE('',#4966,#4967,#944,.T.);
#6250=EDGE_CURVE('',#4966,#4968,#3165,.T.);
#6251=EDGE_CURVE('',#4969,#4968,#945,.T.);
#6252=EDGE_CURVE('',#4967,#4969,#3166,.T.);
#6253=EDGE_CURVE('',#4968,#4969,#946,.T.);
#6254=EDGE_CURVE('',#4970,#4970,#947,.T.);
#6255=EDGE_CURVE('',#4970,#4920,#3167,.T.);
#6256=EDGE_CURVE('',#4971,#4972,#948,.T.);
#6257=EDGE_CURVE('',#4971,#4973,#3168,.T.);
#6258=EDGE_CURVE('',#4974,#4973,#949,.T.);
#6259=EDGE_CURVE('',#4972,#4974,#3169,.T.);
#6260=EDGE_CURVE('',#4973,#4974,#950,.T.);
#6261=EDGE_CURVE('',#4975,#4914,#951,.T.);
#6262=EDGE_CURVE('',#4976,#4975,#3170,.T.);
#6263=EDGE_CURVE('',#4977,#4976,#952,.T.);
#6264=EDGE_CURVE('',#4911,#4977,#3171,.T.);
#6265=EDGE_CURVE('',#4978,#4978,#953,.T.);
#6266=EDGE_CURVE('',#4979,#4979,#954,.T.);
#6267=EDGE_CURVE('',#4980,#4980,#955,.T.);
#6268=EDGE_CURVE('',#4981,#4982,#3172,.T.);
#6269=EDGE_CURVE('',#4983,#4981,#3173,.T.);
#6270=EDGE_CURVE('',#4984,#4983,#3174,.T.);
#6271=EDGE_CURVE('',#4985,#4984,#3175,.T.);
#6272=EDGE_CURVE('',#4986,#4985,#3176,.T.);
#6273=EDGE_CURVE('',#4987,#4986,#3177,.T.);
#6274=EDGE_CURVE('',#4988,#4987,#3178,.T.);
#6275=EDGE_CURVE('',#4989,#4988,#3179,.T.);
#6276=EDGE_CURVE('',#4990,#4989,#3180,.T.);
#6277=EDGE_CURVE('',#4991,#4990,#3181,.T.);
#6278=EDGE_CURVE('',#4992,#4991,#3182,.T.);
#6279=EDGE_CURVE('',#4982,#4992,#3183,.T.);
#6280=EDGE_CURVE('',#4993,#4993,#956,.T.);
#6281=EDGE_CURVE('',#4891,#4986,#3184,.T.);
#6282=EDGE_CURVE('',#4916,#4889,#3185,.T.);
#6283=EDGE_CURVE('',#4875,#4883,#3186,.T.);
#6284=EDGE_CURVE('',#4879,#4987,#3187,.T.);
#6285=EDGE_CURVE('',#4892,#4985,#3188,.T.);
#6286=EDGE_CURVE('',#4890,#4984,#3189,.T.);
#6287=EDGE_CURVE('',#4868,#4983,#3190,.T.);
#6288=EDGE_CURVE('',#4887,#4859,#3191,.T.);
#6289=EDGE_CURVE('',#4869,#4981,#3192,.T.);
#6290=EDGE_CURVE('',#4867,#4982,#3193,.T.);
#6291=EDGE_CURVE('',#4904,#4977,#3194,.T.);
#6292=EDGE_CURVE('',#4906,#4976,#3195,.T.);
#6293=EDGE_CURVE('',#4908,#4975,#3196,.T.);
#6294=EDGE_CURVE('',#4880,#4989,#3197,.T.);
#6295=EDGE_CURVE('',#4881,#4988,#3198,.T.);
#6296=EDGE_CURVE('',#4852,#4871,#3199,.T.);
#6297=EDGE_CURVE('',#4915,#4854,#3200,.T.);
#6298=EDGE_CURVE('',#4855,#4990,#3201,.T.);
#6299=EDGE_CURVE('',#4857,#4991,#3202,.T.);
#6300=EDGE_CURVE('',#4856,#4992,#3203,.T.);
#6301=EDGE_CURVE('',#4863,#4848,#3204,.T.);
#6302=EDGE_CURVE('',#4993,#4870,#3205,.T.);
#6303=EDGE_CURVE('',#4980,#4882,#3206,.T.);
#6304=EDGE_CURVE('',#4979,#4858,#3207,.T.);
#6305=EDGE_CURVE('',#4978,#4893,#3208,.T.);
#6306=EDGE_CURVE('',#4962,#4941,#957,.T.);
#6307=EDGE_CURVE('',#4967,#4961,#958,.T.);
#6308=EDGE_CURVE('',#4952,#4966,#959,.T.);
#6309=EDGE_CURVE('',#4994,#4951,#960,.T.);
#6310=EDGE_CURVE('',#4994,#4918,#3209,.T.);
#6311=EDGE_CURVE('',#4942,#4994,#961,.T.);
#6312=EDGE_CURVE('',#4957,#4936,#962,.T.);
#6313=EDGE_CURVE('',#4995,#4956,#963,.T.);
#6314=EDGE_CURVE('',#4995,#4917,#3210,.T.);
#6315=EDGE_CURVE('',#4972,#4995,#964,.T.);
#6316=EDGE_CURVE('',#4947,#4971,#965,.T.);
#6317=EDGE_CURVE('',#4937,#4946,#966,.T.);
#6318=EDGE_CURVE('',#4996,#4996,#967,.T.);
#6319=EDGE_CURVE('',#4996,#4997,#3211,.T.);
#6320=EDGE_CURVE('',#4997,#4997,#968,.T.);
#6321=EDGE_CURVE('',#4998,#4998,#969,.T.);
#6322=EDGE_CURVE('',#4999,#4999,#970,.T.);
#6323=EDGE_CURVE('',#5000,#5000,#971,.T.);
#6324=EDGE_CURVE('',#5001,#5001,#972,.T.);
#6325=EDGE_CURVE('',#5002,#5002,#973,.T.);
#6326=EDGE_CURVE('',#5003,#5003,#974,.T.);
#6327=EDGE_CURVE('',#5003,#5002,#3212,.T.);
#6328=EDGE_CURVE('',#5004,#5004,#975,.T.);
#6329=EDGE_CURVE('',#5004,#5001,#3213,.T.);
#6330=EDGE_CURVE('',#5005,#5005,#976,.T.);
#6331=EDGE_CURVE('',#5005,#4999,#3214,.T.);
#6332=EDGE_CURVE('',#5006,#5006,#977,.T.);
#6333=EDGE_CURVE('',#5006,#5000,#3215,.T.);
#6334=EDGE_CURVE('',#5007,#5007,#978,.T.);
#6335=EDGE_CURVE('',#5007,#4998,#3216,.T.);
#6336=EDGE_CURVE('',#5008,#5009,#979,.T.);
#6337=EDGE_CURVE('',#5010,#5008,#3217,.T.);
#6338=EDGE_CURVE('',#5011,#5010,#980,.T.);
#6339=EDGE_CURVE('',#5009,#5011,#3218,.T.);
#6340=EDGE_CURVE('',#5012,#5013,#3219,.T.);
#6341=EDGE_CURVE('',#5014,#5012,#3220,.T.);
#6342=EDGE_CURVE('',#5015,#5014,#3221,.T.);
#6343=EDGE_CURVE('',#5013,#5015,#3222,.T.);
#6344=EDGE_CURVE('',#5016,#5008,#3223,.T.);
#6345=EDGE_CURVE('',#5016,#5017,#3224,.T.);
#6346=EDGE_CURVE('',#5017,#5010,#3225,.T.);
#6347=EDGE_CURVE('',#5018,#5009,#3226,.T.);
#6348=EDGE_CURVE('',#5018,#5016,#981,.T.);
#6349=EDGE_CURVE('',#5019,#5019,#982,.T.);
#6350=EDGE_CURVE('',#5020,#5021,#3227,.T.);
#6351=EDGE_CURVE('',#5022,#5021,#3228,.T.);
#6352=EDGE_CURVE('',#5022,#5023,#3229,.T.);
#6353=EDGE_CURVE('',#5020,#5023,#3230,.T.);
#6354=EDGE_CURVE('',#5024,#5025,#3231,.T.);
#6355=EDGE_CURVE('',#5025,#5026,#3232,.T.);
#6356=EDGE_CURVE('',#5026,#5027,#3233,.T.);
#6357=EDGE_CURVE('',#5027,#5024,#3234,.T.);
#6358=EDGE_CURVE('',#5028,#5028,#983,.T.);
#6359=EDGE_CURVE('',#5021,#5029,#3235,.T.);
#6360=EDGE_CURVE('',#5030,#5029,#3236,.T.);
#6361=EDGE_CURVE('',#5022,#5030,#3237,.T.);
#6362=EDGE_CURVE('',#5031,#5031,#984,.T.);
#6363=EDGE_CURVE('',#5032,#5033,#3238,.T.);
#6364=EDGE_CURVE('',#5034,#5033,#3239,.T.);
#6365=EDGE_CURVE('',#5034,#5035,#3240,.T.);
#6366=EDGE_CURVE('',#5032,#5035,#3241,.T.);
#6367=EDGE_CURVE('',#5033,#5036,#3242,.T.);
#6368=EDGE_CURVE('',#5037,#5036,#3243,.T.);
#6369=EDGE_CURVE('',#5034,#5037,#3244,.T.);
#6370=EDGE_CURVE('',#5038,#5038,#985,.T.);
#6371=EDGE_CURVE('',#5039,#5039,#986,.T.);
#6372=EDGE_CURVE('',#5035,#5040,#3245,.T.);
#6373=EDGE_CURVE('',#5041,#5040,#3246,.T.);
#6374=EDGE_CURVE('',#5032,#5041,#3247,.T.);
#6375=EDGE_CURVE('',#5042,#5012,#3248,.T.);
#6376=EDGE_CURVE('',#5043,#5042,#3249,.T.);
#6377=EDGE_CURVE('',#5043,#5014,#3250,.T.);
#6378=EDGE_CURVE('',#5044,#5013,#3251,.T.);
#6379=EDGE_CURVE('',#5029,#5044,#3252,.T.);
#6380=EDGE_CURVE('',#5020,#5045,#3253,.T.);
#6381=EDGE_CURVE('',#5042,#5045,#3254,.T.);
#6382=EDGE_CURVE('',#5046,#5046,#987,.T.);
#6383=EDGE_CURVE('',#5046,#5038,#3255,.T.);
#6384=EDGE_CURVE('',#5047,#5047,#988,.T.);
#6385=EDGE_CURVE('',#5047,#5019,#3256,.T.);
#6386=EDGE_CURVE('',#5023,#5048,#3257,.T.);
#6387=EDGE_CURVE('',#5045,#5048,#3258,.T.);
#6388=EDGE_CURVE('',#5027,#5049,#3259,.T.);
#6389=EDGE_CURVE('',#5050,#5049,#3260,.T.);
#6390=EDGE_CURVE('',#5024,#5050,#3261,.T.);
#6391=EDGE_CURVE('',#5048,#5050,#3262,.T.);
#6392=EDGE_CURVE('',#5051,#5030,#3263,.T.);
#6393=EDGE_CURVE('',#5025,#5051,#3264,.T.);
#6394=EDGE_CURVE('',#5049,#5041,#3265,.T.);
#6395=EDGE_CURVE('',#5040,#5043,#3266,.T.);
#6396=EDGE_CURVE('',#5052,#5051,#3267,.T.);
#6397=EDGE_CURVE('',#5026,#5052,#3268,.T.);
#6398=EDGE_CURVE('',#5053,#5015,#3269,.T.);
#6399=EDGE_CURVE('',#5044,#5053,#3270,.T.);
#6400=EDGE_CURVE('',#5054,#5054,#989,.T.);
#6401=EDGE_CURVE('',#5054,#5039,#3271,.T.);
#6402=EDGE_CURVE('',#5055,#5055,#990,.T.);
#6403=EDGE_CURVE('',#5055,#5031,#3272,.T.);
#6404=EDGE_CURVE('',#5036,#5052,#3273,.T.);
#6405=EDGE_CURVE('',#5053,#5037,#3274,.T.);
#6406=EDGE_CURVE('',#5028,#5056,#3275,.T.);
#6407=EDGE_CURVE('',#5056,#5056,#991,.T.);
#6408=EDGE_CURVE('',#5057,#5011,#3276,.T.);
#6409=EDGE_CURVE('',#5057,#5018,#3277,.T.);
#6410=EDGE_CURVE('',#5017,#5057,#992,.T.);
#6411=EDGE_CURVE('',#5058,#5058,#993,.T.);
#6412=EDGE_CURVE('',#5058,#5059,#3278,.T.);
#6413=EDGE_CURVE('',#5059,#5059,#994,.T.);
#6414=EDGE_CURVE('',#5060,#5060,#995,.T.);
#6415=EDGE_CURVE('',#5060,#5061,#3279,.T.);
#6416=EDGE_CURVE('',#5061,#5061,#996,.T.);
#6417=EDGE_CURVE('',#5062,#5062,#997,.T.);
#6418=EDGE_CURVE('',#5062,#5063,#3280,.T.);
#6419=EDGE_CURVE('',#5063,#5063,#998,.T.);
#6420=EDGE_CURVE('',#5064,#5064,#999,.T.);
#6421=EDGE_CURVE('',#5064,#5065,#3281,.T.);
#6422=EDGE_CURVE('',#5065,#5065,#1000,.T.);
#6423=EDGE_CURVE('',#5066,#5066,#1001,.T.);
#6424=EDGE_CURVE('',#5066,#5067,#3282,.T.);
#6425=EDGE_CURVE('',#5067,#5067,#1002,.T.);
#6426=EDGE_CURVE('',#5068,#5068,#1003,.T.);
#6427=EDGE_CURVE('',#5068,#5069,#3283,.T.);
#6428=EDGE_CURVE('',#5069,#5069,#1004,.T.);
#6429=EDGE_CURVE('',#5070,#5070,#1005,.T.);
#6430=EDGE_CURVE('',#5070,#5071,#3284,.T.);
#6431=EDGE_CURVE('',#5071,#5071,#1006,.T.);
#6432=EDGE_CURVE('',#5072,#5072,#1007,.T.);
#6433=EDGE_CURVE('',#5072,#5073,#3285,.T.);
#6434=EDGE_CURVE('',#5073,#5073,#1008,.T.);
#6435=EDGE_CURVE('',#5074,#5074,#1009,.T.);
#6436=EDGE_CURVE('',#5074,#5075,#3286,.T.);
#6437=EDGE_CURVE('',#5075,#5075,#1010,.T.);
#6438=EDGE_CURVE('',#5076,#5076,#1011,.T.);
#6439=EDGE_CURVE('',#5076,#5077,#3287,.T.);
#6440=EDGE_CURVE('',#5077,#5077,#1012,.T.);
#6441=EDGE_CURVE('',#5078,#5078,#1013,.T.);
#6442=EDGE_CURVE('',#5078,#5079,#3288,.T.);
#6443=EDGE_CURVE('',#5079,#5079,#1014,.T.);
#6444=EDGE_CURVE('',#5080,#5080,#1015,.T.);
#6445=EDGE_CURVE('',#5080,#5081,#3289,.T.);
#6446=EDGE_CURVE('',#5081,#5081,#1016,.T.);
#6447=EDGE_CURVE('',#5082,#5082,#1017,.T.);
#6448=EDGE_CURVE('',#5082,#5083,#3290,.T.);
#6449=EDGE_CURVE('',#5083,#5083,#1018,.T.);
#6450=EDGE_CURVE('',#5084,#5084,#1019,.T.);
#6451=EDGE_CURVE('',#5084,#5085,#3291,.T.);
#6452=EDGE_CURVE('',#5085,#5085,#1020,.T.);
#6453=EDGE_CURVE('',#5086,#5086,#1021,.T.);
#6454=EDGE_CURVE('',#5086,#5087,#3292,.T.);
#6455=EDGE_CURVE('',#5087,#5087,#1022,.T.);
#6456=EDGE_CURVE('',#5088,#5088,#1023,.T.);
#6457=EDGE_CURVE('',#5088,#5089,#3293,.T.);
#6458=EDGE_CURVE('',#5089,#5089,#1024,.T.);
#6459=ORIENTED_EDGE('',*,*,#5090,.F.);
#6460=ORIENTED_EDGE('',*,*,#5091,.F.);
#6461=ORIENTED_EDGE('',*,*,#5092,.T.);
#6462=ORIENTED_EDGE('',*,*,#5093,.F.);
#6463=ORIENTED_EDGE('',*,*,#5094,.F.);
#6464=ORIENTED_EDGE('',*,*,#5095,.F.);
#6465=ORIENTED_EDGE('',*,*,#5096,.T.);
#6466=ORIENTED_EDGE('',*,*,#5097,.F.);
#6467=ORIENTED_EDGE('',*,*,#5096,.F.);
#6468=ORIENTED_EDGE('',*,*,#5098,.F.);
#6469=ORIENTED_EDGE('',*,*,#5092,.F.);
#6470=ORIENTED_EDGE('',*,*,#5099,.F.);
#6471=ORIENTED_EDGE('',*,*,#5100,.F.);
#6472=ORIENTED_EDGE('',*,*,#5101,.F.);
#6473=ORIENTED_EDGE('',*,*,#5102,.T.);
#6474=ORIENTED_EDGE('',*,*,#5103,.F.);
#6475=ORIENTED_EDGE('',*,*,#5104,.F.);
#6476=ORIENTED_EDGE('',*,*,#5105,.F.);
#6477=ORIENTED_EDGE('',*,*,#5106,.T.);
#6478=ORIENTED_EDGE('',*,*,#5107,.F.);
#6479=ORIENTED_EDGE('',*,*,#5106,.F.);
#6480=ORIENTED_EDGE('',*,*,#5108,.F.);
#6481=ORIENTED_EDGE('',*,*,#5102,.F.);
#6482=ORIENTED_EDGE('',*,*,#5109,.F.);
#6483=ORIENTED_EDGE('',*,*,#5097,.T.);
#6484=ORIENTED_EDGE('',*,*,#5099,.T.);
#6485=ORIENTED_EDGE('',*,*,#5091,.T.);
#6486=ORIENTED_EDGE('',*,*,#5110,.T.);
#6487=ORIENTED_EDGE('',*,*,#5111,.F.);
#6488=ORIENTED_EDGE('',*,*,#5112,.F.);
#6489=ORIENTED_EDGE('',*,*,#5113,.F.);
#6490=ORIENTED_EDGE('',*,*,#5114,.T.);
#6491=ORIENTED_EDGE('',*,*,#5090,.T.);
#6492=ORIENTED_EDGE('',*,*,#5115,.F.);
#6493=ORIENTED_EDGE('',*,*,#5116,.F.);
#6494=ORIENTED_EDGE('',*,*,#5117,.F.);
#6495=ORIENTED_EDGE('',*,*,#5104,.T.);
#6496=ORIENTED_EDGE('',*,*,#5118,.F.);
#6497=ORIENTED_EDGE('',*,*,#5119,.F.);
#6498=ORIENTED_EDGE('',*,*,#5120,.F.);
#6499=ORIENTED_EDGE('',*,*,#5121,.F.);
#6500=ORIENTED_EDGE('',*,*,#5110,.F.);
#6501=ORIENTED_EDGE('',*,*,#5107,.T.);
#6502=ORIENTED_EDGE('',*,*,#5109,.T.);
#6503=ORIENTED_EDGE('',*,*,#5101,.T.);
#6504=ORIENTED_EDGE('',*,*,#5122,.T.);
#6505=ORIENTED_EDGE('',*,*,#5123,.F.);
#6506=ORIENTED_EDGE('',*,*,#5124,.F.);
#6507=ORIENTED_EDGE('',*,*,#5125,.F.);
#6508=ORIENTED_EDGE('',*,*,#5118,.T.);
#6509=ORIENTED_EDGE('',*,*,#5126,.T.);
#6510=ORIENTED_EDGE('',*,*,#5111,.T.);
#6511=ORIENTED_EDGE('',*,*,#5121,.T.);
#6512=ORIENTED_EDGE('',*,*,#5127,.T.);
#6513=ORIENTED_EDGE('',*,*,#5094,.T.);
#6514=ORIENTED_EDGE('',*,*,#5114,.F.);
#6515=ORIENTED_EDGE('',*,*,#5128,.F.);
#6516=ORIENTED_EDGE('',*,*,#5129,.F.);
#6517=ORIENTED_EDGE('',*,*,#5130,.F.);
#6518=ORIENTED_EDGE('',*,*,#5122,.F.);
#6519=ORIENTED_EDGE('',*,*,#5100,.T.);
#6520=ORIENTED_EDGE('',*,*,#5131,.F.);
#6521=ORIENTED_EDGE('',*,*,#5132,.F.);
#6522=ORIENTED_EDGE('',*,*,#5133,.F.);
#6523=ORIENTED_EDGE('',*,*,#5134,.T.);
#6524=ORIENTED_EDGE('',*,*,#5135,.T.);
#6525=ORIENTED_EDGE('',*,*,#5128,.T.);
#6526=ORIENTED_EDGE('',*,*,#5113,.T.);
#6527=ORIENTED_EDGE('',*,*,#5136,.T.);
#6528=ORIENTED_EDGE('',*,*,#5137,.T.);
#6529=ORIENTED_EDGE('',*,*,#5119,.T.);
#6530=ORIENTED_EDGE('',*,*,#5125,.T.);
#6531=ORIENTED_EDGE('',*,*,#5138,.T.);
#6532=ORIENTED_EDGE('',*,*,#5123,.T.);
#6533=ORIENTED_EDGE('',*,*,#5130,.T.);
#6534=ORIENTED_EDGE('',*,*,#5139,.T.);
#6535=ORIENTED_EDGE('',*,*,#5135,.F.);
#6536=ORIENTED_EDGE('',*,*,#5140,.F.);
#6537=ORIENTED_EDGE('',*,*,#5139,.F.);
#6538=ORIENTED_EDGE('',*,*,#5129,.T.);
#6539=ORIENTED_EDGE('',*,*,#5105,.T.);
#6540=ORIENTED_EDGE('',*,*,#5117,.T.);
#6541=ORIENTED_EDGE('',*,*,#5141,.T.);
#6542=ORIENTED_EDGE('',*,*,#5142,.T.);
#6543=ORIENTED_EDGE('',*,*,#5143,.F.);
#6544=ORIENTED_EDGE('',*,*,#5131,.T.);
#6545=ORIENTED_EDGE('',*,*,#5103,.T.);
#6546=ORIENTED_EDGE('',*,*,#5108,.T.);
#6547=ORIENTED_EDGE('',*,*,#5116,.T.);
#6548=ORIENTED_EDGE('',*,*,#5144,.T.);
#6549=ORIENTED_EDGE('',*,*,#5145,.T.);
#6550=ORIENTED_EDGE('',*,*,#5141,.F.);
#6551=ORIENTED_EDGE('',*,*,#5127,.F.);
#6552=ORIENTED_EDGE('',*,*,#5120,.T.);
#6553=ORIENTED_EDGE('',*,*,#5137,.F.);
#6554=ORIENTED_EDGE('',*,*,#5146,.F.);
#6555=ORIENTED_EDGE('',*,*,#5095,.T.);
#6556=ORIENTED_EDGE('',*,*,#5133,.T.);
#6557=ORIENTED_EDGE('',*,*,#5147,.T.);
#6558=ORIENTED_EDGE('',*,*,#5148,.T.);
#6559=ORIENTED_EDGE('',*,*,#5144,.F.);
#6560=ORIENTED_EDGE('',*,*,#5115,.T.);
#6561=ORIENTED_EDGE('',*,*,#5093,.T.);
#6562=ORIENTED_EDGE('',*,*,#5098,.T.);
#6563=ORIENTED_EDGE('',*,*,#5149,.T.);
#6564=ORIENTED_EDGE('',*,*,#5150,.T.);
#6565=ORIENTED_EDGE('',*,*,#5149,.F.);
#6566=ORIENTED_EDGE('',*,*,#5151,.T.);
#6567=ORIENTED_EDGE('',*,*,#5150,.F.);
#6568=ORIENTED_EDGE('',*,*,#5152,.T.);
#6569=ORIENTED_EDGE('',*,*,#5153,.F.);
#6570=ORIENTED_EDGE('',*,*,#5152,.F.);
#6571=ORIENTED_EDGE('',*,*,#5126,.F.);
#6572=ORIENTED_EDGE('',*,*,#5146,.T.);
#6573=ORIENTED_EDGE('',*,*,#5136,.F.);
#6574=ORIENTED_EDGE('',*,*,#5124,.T.);
#6575=ORIENTED_EDGE('',*,*,#5138,.F.);
#6576=ORIENTED_EDGE('',*,*,#5140,.T.);
#6577=ORIENTED_EDGE('',*,*,#5134,.F.);
#6578=ORIENTED_EDGE('',*,*,#5112,.T.);
#6579=ORIENTED_EDGE('',*,*,#5151,.F.);
#6580=ORIENTED_EDGE('',*,*,#5132,.T.);
#6581=ORIENTED_EDGE('',*,*,#5143,.T.);
#6582=ORIENTED_EDGE('',*,*,#5154,.T.);
#6583=ORIENTED_EDGE('',*,*,#5147,.F.);
#6584=ORIENTED_EDGE('',*,*,#5142,.F.);
#6585=ORIENTED_EDGE('',*,*,#5145,.F.);
#6586=ORIENTED_EDGE('',*,*,#5148,.F.);
#6587=ORIENTED_EDGE('',*,*,#5154,.F.);
#6588=ORIENTED_EDGE('',*,*,#5153,.T.);
#6589=ORIENTED_EDGE('',*,*,#5155,.F.);
#6590=ORIENTED_EDGE('',*,*,#5156,.T.);
#6591=ORIENTED_EDGE('',*,*,#5157,.T.);
#6592=ORIENTED_EDGE('',*,*,#5156,.F.);
#6593=ORIENTED_EDGE('',*,*,#5157,.F.);
#6594=ORIENTED_EDGE('',*,*,#5158,.F.);
#6595=ORIENTED_EDGE('',*,*,#5159,.T.);
#6596=ORIENTED_EDGE('',*,*,#5160,.T.);
#6597=ORIENTED_EDGE('',*,*,#5159,.F.);
#6598=ORIENTED_EDGE('',*,*,#5161,.F.);
#6599=ORIENTED_EDGE('',*,*,#5162,.T.);
#6600=ORIENTED_EDGE('',*,*,#5163,.T.);
#6601=ORIENTED_EDGE('',*,*,#5162,.F.);
#6602=ORIENTED_EDGE('',*,*,#5164,.F.);
#6603=ORIENTED_EDGE('',*,*,#5165,.T.);
#6604=ORIENTED_EDGE('',*,*,#5166,.T.);
#6605=ORIENTED_EDGE('',*,*,#5165,.F.);
#6606=ORIENTED_EDGE('',*,*,#5167,.F.);
#6607=ORIENTED_EDGE('',*,*,#5168,.T.);
#6608=ORIENTED_EDGE('',*,*,#5169,.T.);
#6609=ORIENTED_EDGE('',*,*,#5168,.F.);
#6610=ORIENTED_EDGE('',*,*,#5170,.F.);
#6611=ORIENTED_EDGE('',*,*,#5155,.T.);
#6612=ORIENTED_EDGE('',*,*,#5167,.T.);
#6613=ORIENTED_EDGE('',*,*,#5164,.T.);
#6614=ORIENTED_EDGE('',*,*,#5161,.T.);
#6615=ORIENTED_EDGE('',*,*,#5158,.T.);
#6616=ORIENTED_EDGE('',*,*,#5171,.F.);
#6617=ORIENTED_EDGE('',*,*,#5172,.T.);
#6618=ORIENTED_EDGE('',*,*,#5170,.T.);
#6619=ORIENTED_EDGE('',*,*,#5172,.F.);
#6620=ORIENTED_EDGE('',*,*,#5173,.F.);
#6621=ORIENTED_EDGE('',*,*,#5174,.T.);
#6622=ORIENTED_EDGE('',*,*,#5175,.T.);
#6623=ORIENTED_EDGE('',*,*,#5174,.F.);
#6624=ORIENTED_EDGE('',*,*,#5173,.T.);
#6625=ORIENTED_EDGE('',*,*,#5171,.T.);
#6626=ORIENTED_EDGE('',*,*,#5175,.F.);
#6627=ORIENTED_EDGE('',*,*,#5160,.F.);
#6628=ORIENTED_EDGE('',*,*,#5163,.F.);
#6629=ORIENTED_EDGE('',*,*,#5166,.F.);
#6630=ORIENTED_EDGE('',*,*,#5169,.F.);
#6631=ORIENTED_EDGE('',*,*,#5176,.F.);
#6632=ORIENTED_EDGE('',*,*,#5177,.F.);
#6633=ORIENTED_EDGE('',*,*,#5178,.T.);
#6634=ORIENTED_EDGE('',*,*,#5179,.F.);
#6635=ORIENTED_EDGE('',*,*,#5180,.T.);
#6636=ORIENTED_EDGE('',*,*,#5181,.F.);
#6637=ORIENTED_EDGE('',*,*,#5182,.F.);
#6638=ORIENTED_EDGE('',*,*,#5178,.F.);
#6639=ORIENTED_EDGE('',*,*,#5183,.F.);
#6640=ORIENTED_EDGE('',*,*,#5180,.F.);
#6641=ORIENTED_EDGE('',*,*,#5184,.T.);
#6642=ORIENTED_EDGE('',*,*,#5185,.T.);
#6643=ORIENTED_EDGE('',*,*,#5186,.T.);
#6644=ORIENTED_EDGE('',*,*,#5187,.T.);
#6645=ORIENTED_EDGE('',*,*,#5188,.T.);
#6646=ORIENTED_EDGE('',*,*,#5189,.F.);
#6647=ORIENTED_EDGE('',*,*,#5190,.T.);
#6648=ORIENTED_EDGE('',*,*,#5191,.T.);
#6649=ORIENTED_EDGE('',*,*,#5192,.T.);
#6650=ORIENTED_EDGE('',*,*,#5193,.T.);
#6651=ORIENTED_EDGE('',*,*,#5176,.T.);
#6652=ORIENTED_EDGE('',*,*,#5182,.T.);
#6653=ORIENTED_EDGE('',*,*,#5179,.T.);
#6654=ORIENTED_EDGE('',*,*,#5194,.T.);
#6655=ORIENTED_EDGE('',*,*,#5195,.T.);
#6656=ORIENTED_EDGE('',*,*,#5196,.T.);
#6657=ORIENTED_EDGE('',*,*,#5190,.F.);
#6658=ORIENTED_EDGE('',*,*,#5197,.F.);
#6659=ORIENTED_EDGE('',*,*,#5198,.T.);
#6660=ORIENTED_EDGE('',*,*,#5199,.T.);
#6661=ORIENTED_EDGE('',*,*,#5200,.T.);
#6662=ORIENTED_EDGE('',*,*,#5201,.T.);
#6663=ORIENTED_EDGE('',*,*,#5202,.T.);
#6664=ORIENTED_EDGE('',*,*,#5203,.T.);
#6665=ORIENTED_EDGE('',*,*,#5204,.T.);
#6666=ORIENTED_EDGE('',*,*,#5205,.T.);
#6667=ORIENTED_EDGE('',*,*,#5195,.F.);
#6668=ORIENTED_EDGE('',*,*,#5206,.F.);
#6669=ORIENTED_EDGE('',*,*,#5207,.T.);
#6670=ORIENTED_EDGE('',*,*,#5192,.F.);
#6671=ORIENTED_EDGE('',*,*,#5208,.T.);
#6672=ORIENTED_EDGE('',*,*,#5209,.F.);
#6673=ORIENTED_EDGE('',*,*,#5196,.F.);
#6674=ORIENTED_EDGE('',*,*,#5207,.F.);
#6675=ORIENTED_EDGE('',*,*,#5210,.F.);
#6676=ORIENTED_EDGE('',*,*,#5208,.F.);
#6677=ORIENTED_EDGE('',*,*,#5191,.F.);
#6678=ORIENTED_EDGE('',*,*,#5184,.F.);
#6679=ORIENTED_EDGE('',*,*,#5211,.T.);
#6680=ORIENTED_EDGE('',*,*,#5212,.F.);
#6681=ORIENTED_EDGE('',*,*,#5213,.T.);
#6682=ORIENTED_EDGE('',*,*,#5214,.T.);
#6683=ORIENTED_EDGE('',*,*,#5215,.T.);
#6684=ORIENTED_EDGE('',*,*,#5216,.F.);
#6685=ORIENTED_EDGE('',*,*,#5211,.F.);
#6686=ORIENTED_EDGE('',*,*,#5217,.T.);
#6687=ORIENTED_EDGE('',*,*,#5218,.T.);
#6688=ORIENTED_EDGE('',*,*,#5219,.F.);
#6689=ORIENTED_EDGE('',*,*,#5218,.F.);
#6690=ORIENTED_EDGE('',*,*,#5220,.T.);
#6691=ORIENTED_EDGE('',*,*,#5217,.F.);
#6692=ORIENTED_EDGE('',*,*,#5220,.F.);
#6693=ORIENTED_EDGE('',*,*,#5221,.T.);
#6694=ORIENTED_EDGE('',*,*,#5185,.F.);
#6695=ORIENTED_EDGE('',*,*,#5221,.F.);
#6696=ORIENTED_EDGE('',*,*,#5222,.F.);
#6697=ORIENTED_EDGE('',*,*,#5223,.T.);
#6698=ORIENTED_EDGE('',*,*,#5224,.F.);
#6699=ORIENTED_EDGE('',*,*,#5223,.F.);
#6700=ORIENTED_EDGE('',*,*,#5222,.T.);
#6701=ORIENTED_EDGE('',*,*,#5225,.F.);
#6702=ORIENTED_EDGE('',*,*,#5226,.T.);
#6703=ORIENTED_EDGE('',*,*,#5227,.F.);
#6704=ORIENTED_EDGE('',*,*,#5226,.F.);
#6705=ORIENTED_EDGE('',*,*,#5225,.T.);
#6706=ORIENTED_EDGE('',*,*,#5228,.F.);
#6707=ORIENTED_EDGE('',*,*,#5229,.T.);
#6708=ORIENTED_EDGE('',*,*,#5230,.F.);
#6709=ORIENTED_EDGE('',*,*,#5229,.F.);
#6710=ORIENTED_EDGE('',*,*,#5228,.T.);
#6711=ORIENTED_EDGE('',*,*,#5231,.F.);
#6712=ORIENTED_EDGE('',*,*,#5232,.T.);
#6713=ORIENTED_EDGE('',*,*,#5233,.F.);
#6714=ORIENTED_EDGE('',*,*,#5232,.F.);
#6715=ORIENTED_EDGE('',*,*,#5231,.T.);
#6716=ORIENTED_EDGE('',*,*,#5198,.F.);
#6717=ORIENTED_EDGE('',*,*,#5234,.F.);
#6718=ORIENTED_EDGE('',*,*,#5235,.F.);
#6719=ORIENTED_EDGE('',*,*,#5236,.F.);
#6720=ORIENTED_EDGE('',*,*,#5199,.F.);
#6721=ORIENTED_EDGE('',*,*,#5236,.T.);
#6722=ORIENTED_EDGE('',*,*,#5237,.F.);
#6723=ORIENTED_EDGE('',*,*,#5238,.T.);
#6724=ORIENTED_EDGE('',*,*,#5200,.F.);
#6725=ORIENTED_EDGE('',*,*,#5238,.F.);
#6726=ORIENTED_EDGE('',*,*,#5239,.F.);
#6727=ORIENTED_EDGE('',*,*,#5240,.F.);
#6728=ORIENTED_EDGE('',*,*,#5201,.F.);
#6729=ORIENTED_EDGE('',*,*,#5240,.T.);
#6730=ORIENTED_EDGE('',*,*,#5241,.F.);
#6731=ORIENTED_EDGE('',*,*,#5234,.T.);
#6732=ORIENTED_EDGE('',*,*,#5214,.F.);
#6733=ORIENTED_EDGE('',*,*,#5242,.F.);
#6734=ORIENTED_EDGE('',*,*,#5187,.F.);
#6735=ORIENTED_EDGE('',*,*,#5243,.T.);
#6736=ORIENTED_EDGE('',*,*,#5204,.F.);
#6737=ORIENTED_EDGE('',*,*,#5244,.T.);
#6738=ORIENTED_EDGE('',*,*,#5245,.F.);
#6739=ORIENTED_EDGE('',*,*,#5246,.F.);
#6740=ORIENTED_EDGE('',*,*,#5203,.F.);
#6741=ORIENTED_EDGE('',*,*,#5247,.F.);
#6742=ORIENTED_EDGE('',*,*,#5248,.F.);
#6743=ORIENTED_EDGE('',*,*,#5249,.F.);
#6744=ORIENTED_EDGE('',*,*,#5244,.F.);
#6745=ORIENTED_EDGE('',*,*,#5202,.F.);
#6746=ORIENTED_EDGE('',*,*,#5250,.F.);
#6747=ORIENTED_EDGE('',*,*,#5251,.F.);
#6748=ORIENTED_EDGE('',*,*,#5247,.T.);
#6749=ORIENTED_EDGE('',*,*,#5205,.F.);
#6750=ORIENTED_EDGE('',*,*,#5246,.T.);
#6751=ORIENTED_EDGE('',*,*,#5252,.F.);
#6752=ORIENTED_EDGE('',*,*,#5253,.F.);
#6753=ORIENTED_EDGE('',*,*,#5250,.T.);
#6754=ORIENTED_EDGE('',*,*,#5252,.T.);
#6755=ORIENTED_EDGE('',*,*,#5245,.T.);
#6756=ORIENTED_EDGE('',*,*,#5249,.T.);
#6757=ORIENTED_EDGE('',*,*,#5254,.F.);
#6758=ORIENTED_EDGE('',*,*,#5255,.T.);
#6759=ORIENTED_EDGE('',*,*,#5256,.F.);
#6760=ORIENTED_EDGE('',*,*,#5257,.T.);
#6761=ORIENTED_EDGE('',*,*,#5258,.T.);
#6762=ORIENTED_EDGE('',*,*,#5259,.T.);
#6763=ORIENTED_EDGE('',*,*,#5260,.F.);
#6764=ORIENTED_EDGE('',*,*,#5261,.F.);
#6765=ORIENTED_EDGE('',*,*,#5262,.F.);
#6766=ORIENTED_EDGE('',*,*,#5219,.T.);
#6767=ORIENTED_EDGE('',*,*,#5263,.T.);
#6768=ORIENTED_EDGE('',*,*,#5215,.F.);
#6769=ORIENTED_EDGE('',*,*,#5243,.F.);
#6770=ORIENTED_EDGE('',*,*,#5186,.F.);
#6771=ORIENTED_EDGE('',*,*,#5264,.F.);
#6772=ORIENTED_EDGE('',*,*,#5213,.F.);
#6773=ORIENTED_EDGE('',*,*,#5265,.F.);
#6774=ORIENTED_EDGE('',*,*,#5188,.F.);
#6775=ORIENTED_EDGE('',*,*,#5242,.T.);
#6776=ORIENTED_EDGE('',*,*,#5264,.T.);
#6777=ORIENTED_EDGE('',*,*,#5197,.T.);
#6778=ORIENTED_EDGE('',*,*,#5189,.T.);
#6779=ORIENTED_EDGE('',*,*,#5265,.T.);
#6780=ORIENTED_EDGE('',*,*,#5212,.T.);
#6781=ORIENTED_EDGE('',*,*,#5216,.T.);
#6782=ORIENTED_EDGE('',*,*,#5266,.T.);
#6783=ORIENTED_EDGE('',*,*,#5256,.T.);
#6784=ORIENTED_EDGE('',*,*,#5267,.T.);
#6785=ORIENTED_EDGE('',*,*,#5268,.T.);
#6786=ORIENTED_EDGE('',*,*,#5269,.T.);
#6787=ORIENTED_EDGE('',*,*,#5270,.T.);
#6788=ORIENTED_EDGE('',*,*,#5271,.T.);
#6789=ORIENTED_EDGE('',*,*,#5272,.T.);
#6790=ORIENTED_EDGE('',*,*,#5227,.T.);
#6791=ORIENTED_EDGE('',*,*,#5230,.T.);
#6792=ORIENTED_EDGE('',*,*,#5273,.T.);
#6793=ORIENTED_EDGE('',*,*,#5274,.T.);
#6794=ORIENTED_EDGE('',*,*,#5275,.T.);
#6795=ORIENTED_EDGE('',*,*,#5276,.T.);
#6796=ORIENTED_EDGE('',*,*,#5277,.T.);
#6797=ORIENTED_EDGE('',*,*,#5278,.T.);
#6798=ORIENTED_EDGE('',*,*,#5279,.T.);
#6799=ORIENTED_EDGE('',*,*,#5260,.T.);
#6800=ORIENTED_EDGE('',*,*,#5224,.T.);
#6801=ORIENTED_EDGE('',*,*,#5233,.T.);
#6802=ORIENTED_EDGE('',*,*,#5259,.F.);
#6803=ORIENTED_EDGE('',*,*,#5280,.T.);
#6804=ORIENTED_EDGE('',*,*,#5281,.F.);
#6805=ORIENTED_EDGE('',*,*,#5273,.F.);
#6806=ORIENTED_EDGE('',*,*,#5282,.F.);
#6807=ORIENTED_EDGE('',*,*,#5283,.T.);
#6808=ORIENTED_EDGE('',*,*,#5257,.F.);
#6809=ORIENTED_EDGE('',*,*,#5266,.F.);
#6810=ORIENTED_EDGE('',*,*,#5280,.F.);
#6811=ORIENTED_EDGE('',*,*,#5258,.F.);
#6812=ORIENTED_EDGE('',*,*,#5283,.F.);
#6813=ORIENTED_EDGE('',*,*,#5284,.F.);
#6814=ORIENTED_EDGE('',*,*,#5285,.F.);
#6815=ORIENTED_EDGE('',*,*,#5286,.T.);
#6816=ORIENTED_EDGE('',*,*,#5287,.F.);
#6817=ORIENTED_EDGE('',*,*,#5269,.F.);
#6818=ORIENTED_EDGE('',*,*,#5288,.F.);
#6819=ORIENTED_EDGE('',*,*,#5289,.T.);
#6820=ORIENTED_EDGE('',*,*,#5290,.F.);
#6821=ORIENTED_EDGE('',*,*,#5277,.F.);
#6822=ORIENTED_EDGE('',*,*,#5291,.F.);
#6823=ORIENTED_EDGE('',*,*,#5289,.F.);
#6824=ORIENTED_EDGE('',*,*,#5292,.F.);
#6825=ORIENTED_EDGE('',*,*,#5286,.F.);
#6826=ORIENTED_EDGE('',*,*,#5290,.T.);
#6827=ORIENTED_EDGE('',*,*,#5291,.T.);
#6828=ORIENTED_EDGE('',*,*,#5285,.T.);
#6829=ORIENTED_EDGE('',*,*,#5268,.F.);
#6830=ORIENTED_EDGE('',*,*,#5293,.F.);
#6831=ORIENTED_EDGE('',*,*,#5294,.F.);
#6832=ORIENTED_EDGE('',*,*,#5295,.T.);
#6833=ORIENTED_EDGE('',*,*,#5278,.F.);
#6834=ORIENTED_EDGE('',*,*,#5255,.F.);
#6835=ORIENTED_EDGE('',*,*,#5296,.F.);
#6836=ORIENTED_EDGE('',*,*,#5293,.T.);
#6837=ORIENTED_EDGE('',*,*,#5267,.F.);
#6838=ORIENTED_EDGE('',*,*,#5297,.F.);
#6839=ORIENTED_EDGE('',*,*,#5298,.F.);
#6840=ORIENTED_EDGE('',*,*,#5299,.T.);
#6841=ORIENTED_EDGE('',*,*,#5275,.F.);
#6842=ORIENTED_EDGE('',*,*,#5282,.T.);
#6843=ORIENTED_EDGE('',*,*,#5272,.F.);
#6844=ORIENTED_EDGE('',*,*,#5300,.F.);
#6845=ORIENTED_EDGE('',*,*,#5301,.F.);
#6846=ORIENTED_EDGE('',*,*,#5297,.T.);
#6847=ORIENTED_EDGE('',*,*,#5274,.F.);
#6848=ORIENTED_EDGE('',*,*,#5281,.T.);
#6849=ORIENTED_EDGE('',*,*,#5284,.T.);
#6850=ORIENTED_EDGE('',*,*,#5288,.T.);
#6851=ORIENTED_EDGE('',*,*,#5276,.F.);
#6852=ORIENTED_EDGE('',*,*,#5299,.F.);
#6853=ORIENTED_EDGE('',*,*,#5302,.F.);
#6854=ORIENTED_EDGE('',*,*,#5303,.T.);
#6855=ORIENTED_EDGE('',*,*,#5270,.F.);
#6856=ORIENTED_EDGE('',*,*,#5287,.T.);
#6857=ORIENTED_EDGE('',*,*,#5292,.T.);
#6858=ORIENTED_EDGE('',*,*,#5304,.F.);
#6859=ORIENTED_EDGE('',*,*,#5305,.T.);
#6860=ORIENTED_EDGE('',*,*,#5263,.F.);
#6861=ORIENTED_EDGE('',*,*,#5305,.F.);
#6862=ORIENTED_EDGE('',*,*,#5303,.F.);
#6863=ORIENTED_EDGE('',*,*,#5306,.F.);
#6864=ORIENTED_EDGE('',*,*,#5300,.T.);
#6865=ORIENTED_EDGE('',*,*,#5271,.F.);
#6866=ORIENTED_EDGE('',*,*,#5295,.F.);
#6867=ORIENTED_EDGE('',*,*,#5307,.F.);
#6868=ORIENTED_EDGE('',*,*,#5261,.T.);
#6869=ORIENTED_EDGE('',*,*,#5279,.F.);
#6870=ORIENTED_EDGE('',*,*,#5177,.T.);
#6871=ORIENTED_EDGE('',*,*,#5193,.F.);
#6872=ORIENTED_EDGE('',*,*,#5209,.T.);
#6873=ORIENTED_EDGE('',*,*,#5210,.T.);
#6874=ORIENTED_EDGE('',*,*,#5206,.T.);
#6875=ORIENTED_EDGE('',*,*,#5194,.F.);
#6876=ORIENTED_EDGE('',*,*,#5181,.T.);
#6877=ORIENTED_EDGE('',*,*,#5183,.T.);
#6878=ORIENTED_EDGE('',*,*,#5239,.T.);
#6879=ORIENTED_EDGE('',*,*,#5237,.T.);
#6880=ORIENTED_EDGE('',*,*,#5235,.T.);
#6881=ORIENTED_EDGE('',*,*,#5241,.T.);
#6882=ORIENTED_EDGE('',*,*,#5253,.T.);
#6883=ORIENTED_EDGE('',*,*,#5262,.T.);
#6884=ORIENTED_EDGE('',*,*,#5307,.T.);
#6885=ORIENTED_EDGE('',*,*,#5294,.T.);
#6886=ORIENTED_EDGE('',*,*,#5296,.T.);
#6887=ORIENTED_EDGE('',*,*,#5254,.T.);
#6888=ORIENTED_EDGE('',*,*,#5248,.T.);
#6889=ORIENTED_EDGE('',*,*,#5251,.T.);
#6890=ORIENTED_EDGE('',*,*,#5306,.T.);
#6891=ORIENTED_EDGE('',*,*,#5302,.T.);
#6892=ORIENTED_EDGE('',*,*,#5298,.T.);
#6893=ORIENTED_EDGE('',*,*,#5301,.T.);
#6894=ORIENTED_EDGE('',*,*,#5304,.T.);
#6895=ORIENTED_EDGE('',*,*,#5308,.T.);
#6896=ORIENTED_EDGE('',*,*,#5309,.T.);
#6897=ORIENTED_EDGE('',*,*,#5310,.F.);
#6898=ORIENTED_EDGE('',*,*,#5311,.F.);
#6899=ORIENTED_EDGE('',*,*,#5312,.T.);
#6900=ORIENTED_EDGE('',*,*,#5313,.F.);
#6901=ORIENTED_EDGE('',*,*,#5314,.T.);
#6902=ORIENTED_EDGE('',*,*,#5315,.T.);
#6903=ORIENTED_EDGE('',*,*,#5316,.T.);
#6904=ORIENTED_EDGE('',*,*,#5317,.T.);
#6905=ORIENTED_EDGE('',*,*,#5318,.F.);
#6906=ORIENTED_EDGE('',*,*,#5319,.T.);
#6907=ORIENTED_EDGE('',*,*,#5320,.T.);
#6908=ORIENTED_EDGE('',*,*,#5319,.F.);
#6909=ORIENTED_EDGE('',*,*,#5320,.F.);
#6910=ORIENTED_EDGE('',*,*,#5321,.F.);
#6911=ORIENTED_EDGE('',*,*,#5322,.T.);
#6912=ORIENTED_EDGE('',*,*,#5323,.F.);
#6913=ORIENTED_EDGE('',*,*,#5324,.T.);
#6914=ORIENTED_EDGE('',*,*,#5325,.T.);
#6915=ORIENTED_EDGE('',*,*,#5326,.T.);
#6916=ORIENTED_EDGE('',*,*,#5327,.T.);
#6917=ORIENTED_EDGE('',*,*,#5328,.T.);
#6918=ORIENTED_EDGE('',*,*,#5329,.T.);
#6919=ORIENTED_EDGE('',*,*,#5323,.T.);
#6920=ORIENTED_EDGE('',*,*,#5330,.T.);
#6921=ORIENTED_EDGE('',*,*,#5331,.F.);
#6922=ORIENTED_EDGE('',*,*,#5332,.F.);
#6923=ORIENTED_EDGE('',*,*,#5333,.T.);
#6924=ORIENTED_EDGE('',*,*,#5334,.F.);
#6925=ORIENTED_EDGE('',*,*,#5335,.T.);
#6926=ORIENTED_EDGE('',*,*,#5336,.F.);
#6927=ORIENTED_EDGE('',*,*,#5334,.T.);
#6928=ORIENTED_EDGE('',*,*,#5337,.T.);
#6929=ORIENTED_EDGE('',*,*,#5338,.F.);
#6930=ORIENTED_EDGE('',*,*,#5339,.F.);
#6931=ORIENTED_EDGE('',*,*,#5329,.F.);
#6932=ORIENTED_EDGE('',*,*,#5340,.T.);
#6933=ORIENTED_EDGE('',*,*,#5341,.F.);
#6934=ORIENTED_EDGE('',*,*,#5340,.F.);
#6935=ORIENTED_EDGE('',*,*,#5342,.F.);
#6936=ORIENTED_EDGE('',*,*,#5343,.T.);
#6937=ORIENTED_EDGE('',*,*,#5344,.F.);
#6938=ORIENTED_EDGE('',*,*,#5343,.F.);
#6939=ORIENTED_EDGE('',*,*,#5345,.F.);
#6940=ORIENTED_EDGE('',*,*,#5346,.T.);
#6941=ORIENTED_EDGE('',*,*,#5308,.F.);
#6942=ORIENTED_EDGE('',*,*,#5346,.F.);
#6943=ORIENTED_EDGE('',*,*,#5314,.F.);
#6944=ORIENTED_EDGE('',*,*,#5347,.T.);
#6945=ORIENTED_EDGE('',*,*,#5348,.F.);
#6946=ORIENTED_EDGE('',*,*,#5349,.F.);
#6947=ORIENTED_EDGE('',*,*,#5336,.T.);
#6948=ORIENTED_EDGE('',*,*,#5350,.T.);
#6949=ORIENTED_EDGE('',*,*,#5351,.F.);
#6950=ORIENTED_EDGE('',*,*,#5352,.F.);
#6951=ORIENTED_EDGE('',*,*,#5325,.F.);
#6952=ORIENTED_EDGE('',*,*,#5353,.T.);
#6953=ORIENTED_EDGE('',*,*,#5354,.F.);
#6954=ORIENTED_EDGE('',*,*,#5355,.F.);
#6955=ORIENTED_EDGE('',*,*,#5354,.T.);
#6956=ORIENTED_EDGE('',*,*,#5356,.T.);
#6957=ORIENTED_EDGE('',*,*,#5351,.T.);
#6958=ORIENTED_EDGE('',*,*,#5357,.T.);
#6959=ORIENTED_EDGE('',*,*,#5348,.T.);
#6960=ORIENTED_EDGE('',*,*,#5358,.T.);
#6961=ORIENTED_EDGE('',*,*,#5331,.T.);
#6962=ORIENTED_EDGE('',*,*,#5359,.T.);
#6963=ORIENTED_EDGE('',*,*,#5345,.T.);
#6964=ORIENTED_EDGE('',*,*,#5342,.T.);
#6965=ORIENTED_EDGE('',*,*,#5360,.F.);
#6966=ORIENTED_EDGE('',*,*,#5361,.T.);
#6967=ORIENTED_EDGE('',*,*,#5362,.F.);
#6968=ORIENTED_EDGE('',*,*,#5361,.F.);
#6969=ORIENTED_EDGE('',*,*,#5363,.F.);
#6970=ORIENTED_EDGE('',*,*,#5364,.T.);
#6971=ORIENTED_EDGE('',*,*,#5309,.F.);
#6972=ORIENTED_EDGE('',*,*,#5364,.F.);
#6973=ORIENTED_EDGE('',*,*,#5315,.F.);
#6974=ORIENTED_EDGE('',*,*,#5349,.T.);
#6975=ORIENTED_EDGE('',*,*,#5357,.F.);
#6976=ORIENTED_EDGE('',*,*,#5350,.F.);
#6977=ORIENTED_EDGE('',*,*,#5335,.F.);
#6978=ORIENTED_EDGE('',*,*,#5339,.T.);
#6979=ORIENTED_EDGE('',*,*,#5365,.F.);
#6980=ORIENTED_EDGE('',*,*,#5366,.F.);
#6981=ORIENTED_EDGE('',*,*,#5316,.F.);
#6982=ORIENTED_EDGE('',*,*,#5366,.T.);
#6983=ORIENTED_EDGE('',*,*,#5367,.F.);
#6984=ORIENTED_EDGE('',*,*,#5368,.F.);
#6985=ORIENTED_EDGE('',*,*,#5317,.F.);
#6986=ORIENTED_EDGE('',*,*,#5368,.T.);
#6987=ORIENTED_EDGE('',*,*,#5369,.F.);
#6988=ORIENTED_EDGE('',*,*,#5370,.F.);
#6989=ORIENTED_EDGE('',*,*,#5324,.F.);
#6990=ORIENTED_EDGE('',*,*,#5332,.T.);
#6991=ORIENTED_EDGE('',*,*,#5358,.F.);
#6992=ORIENTED_EDGE('',*,*,#5347,.F.);
#6993=ORIENTED_EDGE('',*,*,#5321,.T.);
#6994=ORIENTED_EDGE('',*,*,#5370,.T.);
#6995=ORIENTED_EDGE('',*,*,#5371,.F.);
#6996=ORIENTED_EDGE('',*,*,#5372,.F.);
#6997=ORIENTED_EDGE('',*,*,#5326,.F.);
#6998=ORIENTED_EDGE('',*,*,#5355,.T.);
#6999=ORIENTED_EDGE('',*,*,#5359,.F.);
#7000=ORIENTED_EDGE('',*,*,#5330,.F.);
#7001=ORIENTED_EDGE('',*,*,#5322,.F.);
#7002=ORIENTED_EDGE('',*,*,#5372,.T.);
#7003=ORIENTED_EDGE('',*,*,#5373,.F.);
#7004=ORIENTED_EDGE('',*,*,#5374,.F.);
#7005=ORIENTED_EDGE('',*,*,#5327,.F.);
#7006=ORIENTED_EDGE('',*,*,#5374,.T.);
#7007=ORIENTED_EDGE('',*,*,#5375,.F.);
#7008=ORIENTED_EDGE('',*,*,#5376,.F.);
#7009=ORIENTED_EDGE('',*,*,#5328,.F.);
#7010=ORIENTED_EDGE('',*,*,#5376,.T.);
#7011=ORIENTED_EDGE('',*,*,#5377,.F.);
#7012=ORIENTED_EDGE('',*,*,#5337,.F.);
#7013=ORIENTED_EDGE('',*,*,#5333,.F.);
#7014=ORIENTED_EDGE('',*,*,#5352,.T.);
#7015=ORIENTED_EDGE('',*,*,#5356,.F.);
#7016=ORIENTED_EDGE('',*,*,#5353,.F.);
#7017=ORIENTED_EDGE('',*,*,#5338,.T.);
#7018=ORIENTED_EDGE('',*,*,#5377,.T.);
#7019=ORIENTED_EDGE('',*,*,#5375,.T.);
#7020=ORIENTED_EDGE('',*,*,#5373,.T.);
#7021=ORIENTED_EDGE('',*,*,#5371,.T.);
#7022=ORIENTED_EDGE('',*,*,#5369,.T.);
#7023=ORIENTED_EDGE('',*,*,#5367,.T.);
#7024=ORIENTED_EDGE('',*,*,#5365,.T.);
#7025=ORIENTED_EDGE('',*,*,#5363,.T.);
#7026=ORIENTED_EDGE('',*,*,#5360,.T.);
#7027=ORIENTED_EDGE('',*,*,#5344,.T.);
#7028=ORIENTED_EDGE('',*,*,#5378,.T.);
#7029=ORIENTED_EDGE('',*,*,#5379,.T.);
#7030=ORIENTED_EDGE('',*,*,#5380,.T.);
#7031=ORIENTED_EDGE('',*,*,#5313,.T.);
#7032=ORIENTED_EDGE('',*,*,#5362,.T.);
#7033=ORIENTED_EDGE('',*,*,#5381,.T.);
#7034=ORIENTED_EDGE('',*,*,#5379,.F.);
#7035=ORIENTED_EDGE('',*,*,#5382,.F.);
#7036=ORIENTED_EDGE('',*,*,#5383,.F.);
#7037=ORIENTED_EDGE('',*,*,#5341,.T.);
#7038=ORIENTED_EDGE('',*,*,#5384,.T.);
#7039=ORIENTED_EDGE('',*,*,#5385,.T.);
#7040=ORIENTED_EDGE('',*,*,#5386,.T.);
#7041=ORIENTED_EDGE('',*,*,#5385,.F.);
#7042=ORIENTED_EDGE('',*,*,#5312,.F.);
#7043=ORIENTED_EDGE('',*,*,#5387,.T.);
#7044=ORIENTED_EDGE('',*,*,#5388,.T.);
#7045=ORIENTED_EDGE('',*,*,#5389,.F.);
#7046=ORIENTED_EDGE('',*,*,#5382,.T.);
#7047=ORIENTED_EDGE('',*,*,#5378,.F.);
#7048=ORIENTED_EDGE('',*,*,#5310,.T.);
#7049=ORIENTED_EDGE('',*,*,#5380,.F.);
#7050=ORIENTED_EDGE('',*,*,#5381,.F.);
#7051=ORIENTED_EDGE('',*,*,#5390,.F.);
#7052=ORIENTED_EDGE('',*,*,#5391,.F.);
#7053=ORIENTED_EDGE('',*,*,#5392,.F.);
#7054=ORIENTED_EDGE('',*,*,#5393,.T.);
#7055=ORIENTED_EDGE('',*,*,#5391,.T.);
#7056=ORIENTED_EDGE('',*,*,#5394,.F.);
#7057=ORIENTED_EDGE('',*,*,#5388,.F.);
#7058=ORIENTED_EDGE('',*,*,#5393,.F.);
#7059=ORIENTED_EDGE('',*,*,#5387,.F.);
#7060=ORIENTED_EDGE('',*,*,#5311,.T.);
#7061=ORIENTED_EDGE('',*,*,#5392,.T.);
#7062=ORIENTED_EDGE('',*,*,#5386,.F.);
#7063=ORIENTED_EDGE('',*,*,#5395,.F.);
#7064=ORIENTED_EDGE('',*,*,#5396,.T.);
#7065=ORIENTED_EDGE('',*,*,#5397,.T.);
#7066=ORIENTED_EDGE('',*,*,#5396,.F.);
#7067=ORIENTED_EDGE('',*,*,#5398,.F.);
#7068=ORIENTED_EDGE('',*,*,#5399,.T.);
#7069=ORIENTED_EDGE('',*,*,#5400,.T.);
#7070=ORIENTED_EDGE('',*,*,#5399,.F.);
#7071=ORIENTED_EDGE('',*,*,#5401,.F.);
#7072=ORIENTED_EDGE('',*,*,#5402,.T.);
#7073=ORIENTED_EDGE('',*,*,#5403,.T.);
#7074=ORIENTED_EDGE('',*,*,#5402,.F.);
#7075=ORIENTED_EDGE('',*,*,#5404,.F.);
#7076=ORIENTED_EDGE('',*,*,#5405,.T.);
#7077=ORIENTED_EDGE('',*,*,#5406,.T.);
#7078=ORIENTED_EDGE('',*,*,#5405,.F.);
#7079=ORIENTED_EDGE('',*,*,#5394,.T.);
#7080=ORIENTED_EDGE('',*,*,#5390,.T.);
#7081=ORIENTED_EDGE('',*,*,#5383,.T.);
#7082=ORIENTED_EDGE('',*,*,#5389,.T.);
#7083=ORIENTED_EDGE('',*,*,#5404,.T.);
#7084=ORIENTED_EDGE('',*,*,#5401,.T.);
#7085=ORIENTED_EDGE('',*,*,#5398,.T.);
#7086=ORIENTED_EDGE('',*,*,#5395,.T.);
#7087=ORIENTED_EDGE('',*,*,#5384,.F.);
#7088=ORIENTED_EDGE('',*,*,#5318,.T.);
#7089=ORIENTED_EDGE('',*,*,#5406,.F.);
#7090=ORIENTED_EDGE('',*,*,#5403,.F.);
#7091=ORIENTED_EDGE('',*,*,#5400,.F.);
#7092=ORIENTED_EDGE('',*,*,#5397,.F.);
#7093=ORIENTED_EDGE('',*,*,#5407,.F.);
#7094=ORIENTED_EDGE('',*,*,#5408,.F.);
#7095=ORIENTED_EDGE('',*,*,#5409,.F.);
#7096=ORIENTED_EDGE('',*,*,#5410,.F.);
#7097=ORIENTED_EDGE('',*,*,#5411,.F.);
#7098=ORIENTED_EDGE('',*,*,#5412,.F.);
#7099=ORIENTED_EDGE('',*,*,#5412,.T.);
#7100=ORIENTED_EDGE('',*,*,#5413,.T.);
#7101=ORIENTED_EDGE('',*,*,#5414,.F.);
#7102=ORIENTED_EDGE('',*,*,#5413,.F.);
#7103=ORIENTED_EDGE('',*,*,#5411,.T.);
#7104=ORIENTED_EDGE('',*,*,#5415,.T.);
#7105=ORIENTED_EDGE('',*,*,#5416,.F.);
#7106=ORIENTED_EDGE('',*,*,#5415,.F.);
#7107=ORIENTED_EDGE('',*,*,#5410,.T.);
#7108=ORIENTED_EDGE('',*,*,#5417,.T.);
#7109=ORIENTED_EDGE('',*,*,#5418,.F.);
#7110=ORIENTED_EDGE('',*,*,#5417,.F.);
#7111=ORIENTED_EDGE('',*,*,#5409,.T.);
#7112=ORIENTED_EDGE('',*,*,#5419,.T.);
#7113=ORIENTED_EDGE('',*,*,#5420,.F.);
#7114=ORIENTED_EDGE('',*,*,#5419,.F.);
#7115=ORIENTED_EDGE('',*,*,#5408,.T.);
#7116=ORIENTED_EDGE('',*,*,#5421,.T.);
#7117=ORIENTED_EDGE('',*,*,#5422,.F.);
#7118=ORIENTED_EDGE('',*,*,#5421,.F.);
#7119=ORIENTED_EDGE('',*,*,#5422,.T.);
#7120=ORIENTED_EDGE('',*,*,#5420,.T.);
#7121=ORIENTED_EDGE('',*,*,#5418,.T.);
#7122=ORIENTED_EDGE('',*,*,#5416,.T.);
#7123=ORIENTED_EDGE('',*,*,#5414,.T.);
#7124=ORIENTED_EDGE('',*,*,#5423,.F.);
#7125=ORIENTED_EDGE('',*,*,#5424,.T.);
#7126=ORIENTED_EDGE('',*,*,#5407,.T.);
#7127=ORIENTED_EDGE('',*,*,#5424,.F.);
#7128=ORIENTED_EDGE('',*,*,#5425,.T.);
#7129=ORIENTED_EDGE('',*,*,#5426,.T.);
#7130=ORIENTED_EDGE('',*,*,#5427,.T.);
#7131=ORIENTED_EDGE('',*,*,#5428,.F.);
#7132=ORIENTED_EDGE('',*,*,#5429,.F.);
#7133=ORIENTED_EDGE('',*,*,#5430,.T.);
#7134=ORIENTED_EDGE('',*,*,#5431,.T.);
#7135=ORIENTED_EDGE('',*,*,#5432,.F.);
#7136=ORIENTED_EDGE('',*,*,#5433,.F.);
#7137=ORIENTED_EDGE('',*,*,#5434,.T.);
#7138=ORIENTED_EDGE('',*,*,#5435,.T.);
#7139=ORIENTED_EDGE('',*,*,#5436,.F.);
#7140=ORIENTED_EDGE('',*,*,#5431,.F.);
#7141=ORIENTED_EDGE('',*,*,#5437,.T.);
#7142=ORIENTED_EDGE('',*,*,#5438,.T.);
#7143=ORIENTED_EDGE('',*,*,#5439,.F.);
#7144=ORIENTED_EDGE('',*,*,#5440,.F.);
#7145=ORIENTED_EDGE('',*,*,#5441,.F.);
#7146=ORIENTED_EDGE('',*,*,#5442,.F.);
#7147=ORIENTED_EDGE('',*,*,#5435,.F.);
#7148=ORIENTED_EDGE('',*,*,#5443,.T.);
#7149=ORIENTED_EDGE('',*,*,#5433,.T.);
#7150=ORIENTED_EDGE('',*,*,#5444,.F.);
#7151=ORIENTED_EDGE('',*,*,#5438,.F.);
#7152=ORIENTED_EDGE('',*,*,#5445,.T.);
#7153=ORIENTED_EDGE('',*,*,#5446,.T.);
#7154=ORIENTED_EDGE('',*,*,#5441,.T.);
#7155=ORIENTED_EDGE('',*,*,#5447,.T.);
#7156=ORIENTED_EDGE('',*,*,#5440,.T.);
#7157=ORIENTED_EDGE('',*,*,#5448,.T.);
#7158=ORIENTED_EDGE('',*,*,#5449,.T.);
#7159=ORIENTED_EDGE('',*,*,#5439,.T.);
#7160=ORIENTED_EDGE('',*,*,#5444,.T.);
#7161=ORIENTED_EDGE('',*,*,#5432,.T.);
#7162=ORIENTED_EDGE('',*,*,#5436,.T.);
#7163=ORIENTED_EDGE('',*,*,#5442,.T.);
#7164=ORIENTED_EDGE('',*,*,#5450,.T.);
#7165=ORIENTED_EDGE('',*,*,#5451,.T.);
#7166=ORIENTED_EDGE('',*,*,#5452,.T.);
#7167=ORIENTED_EDGE('',*,*,#5453,.T.);
#7168=ORIENTED_EDGE('',*,*,#5454,.T.);
#7169=ORIENTED_EDGE('',*,*,#5428,.T.);
#7170=ORIENTED_EDGE('',*,*,#5455,.T.);
#7171=ORIENTED_EDGE('',*,*,#5456,.T.);
#7172=ORIENTED_EDGE('',*,*,#5457,.T.);
#7173=ORIENTED_EDGE('',*,*,#5458,.T.);
#7174=ORIENTED_EDGE('',*,*,#5459,.T.);
#7175=ORIENTED_EDGE('',*,*,#5460,.T.);
#7176=ORIENTED_EDGE('',*,*,#5461,.T.);
#7177=ORIENTED_EDGE('',*,*,#5462,.T.);
#7178=ORIENTED_EDGE('',*,*,#5463,.T.);
#7179=ORIENTED_EDGE('',*,*,#5464,.T.);
#7180=ORIENTED_EDGE('',*,*,#5465,.T.);
#7181=ORIENTED_EDGE('',*,*,#5466,.T.);
#7182=ORIENTED_EDGE('',*,*,#5467,.T.);
#7183=ORIENTED_EDGE('',*,*,#5468,.T.);
#7184=ORIENTED_EDGE('',*,*,#5469,.T.);
#7185=ORIENTED_EDGE('',*,*,#5459,.F.);
#7186=ORIENTED_EDGE('',*,*,#5470,.T.);
#7187=ORIENTED_EDGE('',*,*,#5460,.F.);
#7188=ORIENTED_EDGE('',*,*,#5471,.F.);
#7189=ORIENTED_EDGE('',*,*,#5458,.F.);
#7190=ORIENTED_EDGE('',*,*,#5472,.T.);
#7191=ORIENTED_EDGE('',*,*,#5461,.F.);
#7192=ORIENTED_EDGE('',*,*,#5470,.F.);
#7193=ORIENTED_EDGE('',*,*,#5457,.F.);
#7194=ORIENTED_EDGE('',*,*,#5473,.T.);
#7195=ORIENTED_EDGE('',*,*,#5462,.F.);
#7196=ORIENTED_EDGE('',*,*,#5472,.F.);
#7197=ORIENTED_EDGE('',*,*,#5456,.F.);
#7198=ORIENTED_EDGE('',*,*,#5471,.T.);
#7199=ORIENTED_EDGE('',*,*,#5463,.F.);
#7200=ORIENTED_EDGE('',*,*,#5473,.F.);
#7201=ORIENTED_EDGE('',*,*,#5450,.F.);
#7202=ORIENTED_EDGE('',*,*,#5446,.F.);
#7203=ORIENTED_EDGE('',*,*,#5474,.T.);
#7204=ORIENTED_EDGE('',*,*,#5464,.F.);
#7205=ORIENTED_EDGE('',*,*,#5475,.F.);
#7206=ORIENTED_EDGE('',*,*,#5445,.F.);
#7207=ORIENTED_EDGE('',*,*,#5447,.F.);
#7208=ORIENTED_EDGE('',*,*,#5476,.T.);
#7209=ORIENTED_EDGE('',*,*,#5465,.F.);
#7210=ORIENTED_EDGE('',*,*,#5474,.F.);
#7211=ORIENTED_EDGE('',*,*,#5448,.F.);
#7212=ORIENTED_EDGE('',*,*,#5449,.F.);
#7213=ORIENTED_EDGE('',*,*,#5477,.T.);
#7214=ORIENTED_EDGE('',*,*,#5466,.F.);
#7215=ORIENTED_EDGE('',*,*,#5476,.F.);
#7216=ORIENTED_EDGE('',*,*,#5451,.F.);
#7217=ORIENTED_EDGE('',*,*,#5475,.T.);
#7218=ORIENTED_EDGE('',*,*,#5467,.F.);
#7219=ORIENTED_EDGE('',*,*,#5477,.F.);
#7220=ORIENTED_EDGE('',*,*,#5468,.F.);
#7221=ORIENTED_EDGE('',*,*,#5478,.T.);
#7222=ORIENTED_EDGE('',*,*,#5452,.F.);
#7223=ORIENTED_EDGE('',*,*,#5478,.F.);
#7224=ORIENTED_EDGE('',*,*,#5469,.F.);
#7225=ORIENTED_EDGE('',*,*,#5479,.T.);
#7226=ORIENTED_EDGE('',*,*,#5425,.F.);
#7227=ORIENTED_EDGE('',*,*,#5479,.F.);
#7228=ORIENTED_EDGE('',*,*,#5480,.T.);
#7229=ORIENTED_EDGE('',*,*,#5481,.F.);
#7230=ORIENTED_EDGE('',*,*,#5455,.F.);
#7231=ORIENTED_EDGE('',*,*,#5427,.F.);
#7232=ORIENTED_EDGE('',*,*,#5482,.F.);
#7233=ORIENTED_EDGE('',*,*,#5483,.T.);
#7234=ORIENTED_EDGE('',*,*,#5482,.T.);
#7235=ORIENTED_EDGE('',*,*,#5426,.F.);
#7236=ORIENTED_EDGE('',*,*,#5484,.T.);
#7237=ORIENTED_EDGE('',*,*,#5485,.T.);
#7238=ORIENTED_EDGE('',*,*,#5430,.F.);
#7239=ORIENTED_EDGE('',*,*,#5443,.F.);
#7240=ORIENTED_EDGE('',*,*,#5437,.F.);
#7241=ORIENTED_EDGE('',*,*,#5434,.F.);
#7242=ORIENTED_EDGE('',*,*,#5486,.F.);
#7243=ORIENTED_EDGE('',*,*,#5487,.F.);
#7244=ORIENTED_EDGE('',*,*,#5484,.F.);
#7245=ORIENTED_EDGE('',*,*,#5429,.T.);
#7246=ORIENTED_EDGE('',*,*,#5454,.F.);
#7247=ORIENTED_EDGE('',*,*,#5488,.T.);
#7248=ORIENTED_EDGE('',*,*,#5489,.F.);
#7249=ORIENTED_EDGE('',*,*,#5486,.T.);
#7250=ORIENTED_EDGE('',*,*,#5490,.F.);
#7251=ORIENTED_EDGE('',*,*,#5480,.F.);
#7252=ORIENTED_EDGE('',*,*,#5489,.T.);
#7253=ORIENTED_EDGE('',*,*,#5483,.F.);
#7254=ORIENTED_EDGE('',*,*,#5485,.F.);
#7255=ORIENTED_EDGE('',*,*,#5487,.T.);
#7256=ORIENTED_EDGE('',*,*,#5423,.T.);
#7257=ORIENTED_EDGE('',*,*,#5488,.F.);
#7258=ORIENTED_EDGE('',*,*,#5453,.F.);
#7259=ORIENTED_EDGE('',*,*,#5481,.T.);
#7260=ORIENTED_EDGE('',*,*,#5490,.T.);
#7261=ORIENTED_EDGE('',*,*,#5491,.T.);
#7262=ORIENTED_EDGE('',*,*,#5492,.T.);
#7263=ORIENTED_EDGE('',*,*,#5493,.T.);
#7264=ORIENTED_EDGE('',*,*,#5492,.F.);
#7265=ORIENTED_EDGE('',*,*,#5493,.F.);
#7266=ORIENTED_EDGE('',*,*,#5494,.T.);
#7267=ORIENTED_EDGE('',*,*,#5495,.T.);
#7268=ORIENTED_EDGE('',*,*,#5496,.T.);
#7269=ORIENTED_EDGE('',*,*,#5495,.F.);
#7270=ORIENTED_EDGE('',*,*,#5496,.F.);
#7271=ORIENTED_EDGE('',*,*,#5497,.F.);
#7272=ORIENTED_EDGE('',*,*,#5498,.F.);
#7273=ORIENTED_EDGE('',*,*,#5499,.T.);
#7274=ORIENTED_EDGE('',*,*,#5500,.F.);
#7275=ORIENTED_EDGE('',*,*,#5501,.F.);
#7276=ORIENTED_EDGE('',*,*,#5502,.T.);
#7277=ORIENTED_EDGE('',*,*,#5503,.T.);
#7278=ORIENTED_EDGE('',*,*,#5504,.T.);
#7279=ORIENTED_EDGE('',*,*,#5505,.F.);
#7280=ORIENTED_EDGE('',*,*,#5500,.T.);
#7281=ORIENTED_EDGE('',*,*,#5506,.T.);
#7282=ORIENTED_EDGE('',*,*,#5502,.F.);
#7283=ORIENTED_EDGE('',*,*,#5506,.F.);
#7284=ORIENTED_EDGE('',*,*,#5499,.F.);
#7285=ORIENTED_EDGE('',*,*,#5507,.F.);
#7286=ORIENTED_EDGE('',*,*,#5508,.F.);
#7287=ORIENTED_EDGE('',*,*,#5503,.F.);
#7288=ORIENTED_EDGE('',*,*,#5491,.F.);
#7289=ORIENTED_EDGE('',*,*,#5509,.F.);
#7290=ORIENTED_EDGE('',*,*,#5510,.F.);
#7291=ORIENTED_EDGE('',*,*,#5511,.T.);
#7292=ORIENTED_EDGE('',*,*,#5512,.F.);
#7293=ORIENTED_EDGE('',*,*,#5513,.F.);
#7294=ORIENTED_EDGE('',*,*,#5514,.T.);
#7295=ORIENTED_EDGE('',*,*,#5515,.T.);
#7296=ORIENTED_EDGE('',*,*,#5516,.T.);
#7297=ORIENTED_EDGE('',*,*,#5517,.F.);
#7298=ORIENTED_EDGE('',*,*,#5512,.T.);
#7299=ORIENTED_EDGE('',*,*,#5518,.T.);
#7300=ORIENTED_EDGE('',*,*,#5514,.F.);
#7301=ORIENTED_EDGE('',*,*,#5518,.F.);
#7302=ORIENTED_EDGE('',*,*,#5511,.F.);
#7303=ORIENTED_EDGE('',*,*,#5519,.F.);
#7304=ORIENTED_EDGE('',*,*,#5515,.F.);
#7305=ORIENTED_EDGE('',*,*,#5494,.F.);
#7306=ORIENTED_EDGE('',*,*,#5520,.T.);
#7307=ORIENTED_EDGE('',*,*,#5521,.T.);
#7308=ORIENTED_EDGE('',*,*,#5522,.F.);
#7309=ORIENTED_EDGE('',*,*,#5523,.F.);
#7310=ORIENTED_EDGE('',*,*,#5497,.T.);
#7311=ORIENTED_EDGE('',*,*,#5505,.T.);
#7312=ORIENTED_EDGE('',*,*,#5501,.T.);
#7313=ORIENTED_EDGE('',*,*,#5524,.T.);
#7314=ORIENTED_EDGE('',*,*,#5509,.T.);
#7315=ORIENTED_EDGE('',*,*,#5517,.T.);
#7316=ORIENTED_EDGE('',*,*,#5513,.T.);
#7317=ORIENTED_EDGE('',*,*,#5525,.T.);
#7318=ORIENTED_EDGE('',*,*,#5498,.T.);
#7319=ORIENTED_EDGE('',*,*,#5525,.F.);
#7320=ORIENTED_EDGE('',*,*,#5516,.F.);
#7321=ORIENTED_EDGE('',*,*,#5519,.T.);
#7322=ORIENTED_EDGE('',*,*,#5510,.T.);
#7323=ORIENTED_EDGE('',*,*,#5524,.F.);
#7324=ORIENTED_EDGE('',*,*,#5504,.F.);
#7325=ORIENTED_EDGE('',*,*,#5508,.T.);
#7326=ORIENTED_EDGE('',*,*,#5526,.T.);
#7327=ORIENTED_EDGE('',*,*,#5527,.F.);
#7328=ORIENTED_EDGE('',*,*,#5526,.F.);
#7329=ORIENTED_EDGE('',*,*,#5507,.T.);
#7330=ORIENTED_EDGE('',*,*,#5528,.F.);
#7331=ORIENTED_EDGE('',*,*,#5529,.T.);
#7332=ORIENTED_EDGE('',*,*,#5530,.F.);
#7333=ORIENTED_EDGE('',*,*,#5531,.F.);
#7334=ORIENTED_EDGE('',*,*,#5527,.T.);
#7335=ORIENTED_EDGE('',*,*,#5532,.T.);
#7336=ORIENTED_EDGE('',*,*,#5530,.T.);
#7337=ORIENTED_EDGE('',*,*,#5533,.T.);
#7338=ORIENTED_EDGE('',*,*,#5522,.T.);
#7339=ORIENTED_EDGE('',*,*,#5534,.F.);
#7340=ORIENTED_EDGE('',*,*,#5535,.F.);
#7341=ORIENTED_EDGE('',*,*,#5536,.T.);
#7342=ORIENTED_EDGE('',*,*,#5523,.T.);
#7343=ORIENTED_EDGE('',*,*,#5533,.F.);
#7344=ORIENTED_EDGE('',*,*,#5529,.F.);
#7345=ORIENTED_EDGE('',*,*,#5537,.F.);
#7346=ORIENTED_EDGE('',*,*,#5538,.F.);
#7347=ORIENTED_EDGE('',*,*,#5539,.F.);
#7348=ORIENTED_EDGE('',*,*,#5540,.F.);
#7349=ORIENTED_EDGE('',*,*,#5541,.T.);
#7350=ORIENTED_EDGE('',*,*,#5542,.F.);
#7351=ORIENTED_EDGE('',*,*,#5543,.F.);
#7352=ORIENTED_EDGE('',*,*,#5544,.F.);
#7353=ORIENTED_EDGE('',*,*,#5545,.F.);
#7354=ORIENTED_EDGE('',*,*,#5546,.T.);
#7355=ORIENTED_EDGE('',*,*,#5547,.F.);
#7356=ORIENTED_EDGE('',*,*,#5541,.F.);
#7357=ORIENTED_EDGE('',*,*,#5548,.F.);
#7358=ORIENTED_EDGE('',*,*,#5549,.T.);
#7359=ORIENTED_EDGE('',*,*,#5550,.F.);
#7360=ORIENTED_EDGE('',*,*,#5551,.F.);
#7361=ORIENTED_EDGE('',*,*,#5552,.F.);
#7362=ORIENTED_EDGE('',*,*,#5553,.T.);
#7363=ORIENTED_EDGE('',*,*,#5554,.F.);
#7364=ORIENTED_EDGE('',*,*,#5549,.F.);
#7365=ORIENTED_EDGE('',*,*,#5555,.F.);
#7366=ORIENTED_EDGE('',*,*,#5556,.T.);
#7367=ORIENTED_EDGE('',*,*,#5538,.T.);
#7368=ORIENTED_EDGE('',*,*,#5556,.F.);
#7369=ORIENTED_EDGE('',*,*,#5557,.F.);
#7370=ORIENTED_EDGE('',*,*,#5558,.T.);
#7371=ORIENTED_EDGE('',*,*,#5537,.T.);
#7372=ORIENTED_EDGE('',*,*,#5558,.F.);
#7373=ORIENTED_EDGE('',*,*,#5559,.F.);
#7374=ORIENTED_EDGE('',*,*,#5543,.T.);
#7375=ORIENTED_EDGE('',*,*,#5560,.F.);
#7376=ORIENTED_EDGE('',*,*,#5561,.F.);
#7377=ORIENTED_EDGE('',*,*,#5562,.F.);
#7378=ORIENTED_EDGE('',*,*,#5563,.F.);
#7379=ORIENTED_EDGE('',*,*,#5561,.T.);
#7380=ORIENTED_EDGE('',*,*,#5564,.F.);
#7381=ORIENTED_EDGE('',*,*,#5546,.F.);
#7382=ORIENTED_EDGE('',*,*,#5565,.F.);
#7383=ORIENTED_EDGE('',*,*,#5551,.T.);
#7384=ORIENTED_EDGE('',*,*,#5566,.F.);
#7385=ORIENTED_EDGE('',*,*,#5567,.F.);
#7386=ORIENTED_EDGE('',*,*,#5568,.F.);
#7387=ORIENTED_EDGE('',*,*,#5567,.T.);
#7388=ORIENTED_EDGE('',*,*,#5569,.F.);
#7389=ORIENTED_EDGE('',*,*,#5553,.F.);
#7390=ORIENTED_EDGE('',*,*,#5569,.T.);
#7391=ORIENTED_EDGE('',*,*,#5566,.T.);
#7392=ORIENTED_EDGE('',*,*,#5550,.T.);
#7393=ORIENTED_EDGE('',*,*,#5554,.T.);
#7394=ORIENTED_EDGE('',*,*,#5557,.T.);
#7395=ORIENTED_EDGE('',*,*,#5555,.T.);
#7396=ORIENTED_EDGE('',*,*,#5547,.T.);
#7397=ORIENTED_EDGE('',*,*,#5564,.T.);
#7398=ORIENTED_EDGE('',*,*,#5560,.T.);
#7399=ORIENTED_EDGE('',*,*,#5542,.T.);
#7400=ORIENTED_EDGE('',*,*,#5570,.F.);
#7401=ORIENTED_EDGE('',*,*,#5571,.T.);
#7402=ORIENTED_EDGE('',*,*,#5572,.F.);
#7403=ORIENTED_EDGE('',*,*,#5573,.F.);
#7404=ORIENTED_EDGE('',*,*,#5574,.F.);
#7405=ORIENTED_EDGE('',*,*,#5575,.F.);
#7406=ORIENTED_EDGE('',*,*,#5576,.F.);
#7407=ORIENTED_EDGE('',*,*,#5536,.F.);
#7408=ORIENTED_EDGE('',*,*,#5577,.T.);
#7409=ORIENTED_EDGE('',*,*,#5578,.F.);
#7410=ORIENTED_EDGE('',*,*,#5520,.F.);
#7411=ORIENTED_EDGE('',*,*,#5570,.T.);
#7412=ORIENTED_EDGE('',*,*,#5579,.T.);
#7413=ORIENTED_EDGE('',*,*,#5580,.T.);
#7414=ORIENTED_EDGE('',*,*,#5581,.T.);
#7415=ORIENTED_EDGE('',*,*,#5528,.T.);
#7416=ORIENTED_EDGE('',*,*,#5582,.T.);
#7417=ORIENTED_EDGE('',*,*,#5583,.T.);
#7418=ORIENTED_EDGE('',*,*,#5534,.T.);
#7419=ORIENTED_EDGE('',*,*,#5552,.T.);
#7420=ORIENTED_EDGE('',*,*,#5548,.T.);
#7421=ORIENTED_EDGE('',*,*,#5565,.T.);
#7422=ORIENTED_EDGE('',*,*,#5568,.T.);
#7423=ORIENTED_EDGE('',*,*,#5540,.T.);
#7424=ORIENTED_EDGE('',*,*,#5573,.T.);
#7425=ORIENTED_EDGE('',*,*,#5544,.T.);
#7426=ORIENTED_EDGE('',*,*,#5559,.T.);
#7427=ORIENTED_EDGE('',*,*,#5574,.T.);
#7428=ORIENTED_EDGE('',*,*,#5539,.T.);
#7429=ORIENTED_EDGE('',*,*,#5562,.T.);
#7430=ORIENTED_EDGE('',*,*,#5563,.T.);
#7431=ORIENTED_EDGE('',*,*,#5545,.T.);
#7432=ORIENTED_EDGE('',*,*,#5572,.T.);
#7433=ORIENTED_EDGE('',*,*,#5584,.T.);
#7434=ORIENTED_EDGE('',*,*,#5585,.T.);
#7435=ORIENTED_EDGE('',*,*,#5586,.T.);
#7436=ORIENTED_EDGE('',*,*,#5575,.T.);
#7437=ORIENTED_EDGE('',*,*,#5581,.F.);
#7438=ORIENTED_EDGE('',*,*,#5587,.T.);
#7439=ORIENTED_EDGE('',*,*,#5584,.F.);
#7440=ORIENTED_EDGE('',*,*,#5571,.F.);
#7441=ORIENTED_EDGE('',*,*,#5579,.F.);
#7442=ORIENTED_EDGE('',*,*,#5576,.T.);
#7443=ORIENTED_EDGE('',*,*,#5586,.F.);
#7444=ORIENTED_EDGE('',*,*,#5588,.F.);
#7445=ORIENTED_EDGE('',*,*,#5580,.F.);
#7446=ORIENTED_EDGE('',*,*,#5588,.T.);
#7447=ORIENTED_EDGE('',*,*,#5585,.F.);
#7448=ORIENTED_EDGE('',*,*,#5587,.F.);
#7449=ORIENTED_EDGE('',*,*,#5578,.T.);
#7450=ORIENTED_EDGE('',*,*,#5589,.T.);
#7451=ORIENTED_EDGE('',*,*,#5582,.F.);
#7452=ORIENTED_EDGE('',*,*,#5531,.T.);
#7453=ORIENTED_EDGE('',*,*,#5532,.F.);
#7454=ORIENTED_EDGE('',*,*,#5521,.F.);
#7455=ORIENTED_EDGE('',*,*,#5577,.F.);
#7456=ORIENTED_EDGE('',*,*,#5535,.T.);
#7457=ORIENTED_EDGE('',*,*,#5583,.F.);
#7458=ORIENTED_EDGE('',*,*,#5589,.F.);
#7459=ORIENTED_EDGE('',*,*,#5590,.F.);
#7460=ORIENTED_EDGE('',*,*,#5591,.T.);
#7461=ORIENTED_EDGE('',*,*,#5592,.F.);
#7462=ORIENTED_EDGE('',*,*,#5591,.F.);
#7463=ORIENTED_EDGE('',*,*,#5590,.T.);
#7464=ORIENTED_EDGE('',*,*,#5593,.F.);
#7465=ORIENTED_EDGE('',*,*,#5594,.T.);
#7466=ORIENTED_EDGE('',*,*,#5595,.F.);
#7467=ORIENTED_EDGE('',*,*,#5594,.F.);
#7468=ORIENTED_EDGE('',*,*,#5593,.T.);
#7469=ORIENTED_EDGE('',*,*,#5592,.T.);
#7470=ORIENTED_EDGE('',*,*,#5596,.F.);
#7471=ORIENTED_EDGE('',*,*,#5597,.T.);
#7472=ORIENTED_EDGE('',*,*,#5598,.F.);
#7473=ORIENTED_EDGE('',*,*,#5597,.F.);
#7474=ORIENTED_EDGE('',*,*,#5596,.T.);
#7475=ORIENTED_EDGE('',*,*,#5599,.F.);
#7476=ORIENTED_EDGE('',*,*,#5600,.T.);
#7477=ORIENTED_EDGE('',*,*,#5601,.F.);
#7478=ORIENTED_EDGE('',*,*,#5600,.F.);
#7479=ORIENTED_EDGE('',*,*,#5599,.T.);
#7480=ORIENTED_EDGE('',*,*,#5598,.T.);
#7481=ORIENTED_EDGE('',*,*,#5602,.F.);
#7482=ORIENTED_EDGE('',*,*,#5603,.T.);
#7483=ORIENTED_EDGE('',*,*,#5604,.F.);
#7484=ORIENTED_EDGE('',*,*,#5603,.F.);
#7485=ORIENTED_EDGE('',*,*,#5602,.T.);
#7486=ORIENTED_EDGE('',*,*,#5605,.F.);
#7487=ORIENTED_EDGE('',*,*,#5606,.T.);
#7488=ORIENTED_EDGE('',*,*,#5607,.F.);
#7489=ORIENTED_EDGE('',*,*,#5606,.F.);
#7490=ORIENTED_EDGE('',*,*,#5605,.T.);
#7491=ORIENTED_EDGE('',*,*,#5604,.T.);
#7492=ORIENTED_EDGE('',*,*,#5608,.F.);
#7493=ORIENTED_EDGE('',*,*,#5609,.T.);
#7494=ORIENTED_EDGE('',*,*,#5610,.F.);
#7495=ORIENTED_EDGE('',*,*,#5609,.F.);
#7496=ORIENTED_EDGE('',*,*,#5608,.T.);
#7497=ORIENTED_EDGE('',*,*,#5611,.F.);
#7498=ORIENTED_EDGE('',*,*,#5612,.T.);
#7499=ORIENTED_EDGE('',*,*,#5613,.F.);
#7500=ORIENTED_EDGE('',*,*,#5612,.F.);
#7501=ORIENTED_EDGE('',*,*,#5611,.T.);
#7502=ORIENTED_EDGE('',*,*,#5610,.T.);
#7503=ORIENTED_EDGE('',*,*,#5614,.F.);
#7504=ORIENTED_EDGE('',*,*,#5615,.T.);
#7505=ORIENTED_EDGE('',*,*,#5616,.F.);
#7506=ORIENTED_EDGE('',*,*,#5615,.F.);
#7507=ORIENTED_EDGE('',*,*,#5614,.T.);
#7508=ORIENTED_EDGE('',*,*,#5617,.F.);
#7509=ORIENTED_EDGE('',*,*,#5618,.T.);
#7510=ORIENTED_EDGE('',*,*,#5619,.F.);
#7511=ORIENTED_EDGE('',*,*,#5618,.F.);
#7512=ORIENTED_EDGE('',*,*,#5617,.T.);
#7513=ORIENTED_EDGE('',*,*,#5616,.T.);
#7514=ORIENTED_EDGE('',*,*,#5620,.F.);
#7515=ORIENTED_EDGE('',*,*,#5621,.T.);
#7516=ORIENTED_EDGE('',*,*,#5622,.F.);
#7517=ORIENTED_EDGE('',*,*,#5621,.F.);
#7518=ORIENTED_EDGE('',*,*,#5620,.T.);
#7519=ORIENTED_EDGE('',*,*,#5623,.F.);
#7520=ORIENTED_EDGE('',*,*,#5624,.T.);
#7521=ORIENTED_EDGE('',*,*,#5625,.F.);
#7522=ORIENTED_EDGE('',*,*,#5624,.F.);
#7523=ORIENTED_EDGE('',*,*,#5623,.T.);
#7524=ORIENTED_EDGE('',*,*,#5622,.T.);
#7525=ORIENTED_EDGE('',*,*,#5626,.F.);
#7526=ORIENTED_EDGE('',*,*,#5627,.T.);
#7527=ORIENTED_EDGE('',*,*,#5628,.F.);
#7528=ORIENTED_EDGE('',*,*,#5627,.F.);
#7529=ORIENTED_EDGE('',*,*,#5626,.T.);
#7530=ORIENTED_EDGE('',*,*,#5629,.F.);
#7531=ORIENTED_EDGE('',*,*,#5630,.T.);
#7532=ORIENTED_EDGE('',*,*,#5631,.F.);
#7533=ORIENTED_EDGE('',*,*,#5630,.F.);
#7534=ORIENTED_EDGE('',*,*,#5629,.T.);
#7535=ORIENTED_EDGE('',*,*,#5628,.T.);
#7536=ORIENTED_EDGE('',*,*,#5632,.F.);
#7537=ORIENTED_EDGE('',*,*,#5633,.T.);
#7538=ORIENTED_EDGE('',*,*,#5634,.F.);
#7539=ORIENTED_EDGE('',*,*,#5633,.F.);
#7540=ORIENTED_EDGE('',*,*,#5632,.T.);
#7541=ORIENTED_EDGE('',*,*,#5635,.F.);
#7542=ORIENTED_EDGE('',*,*,#5636,.T.);
#7543=ORIENTED_EDGE('',*,*,#5637,.F.);
#7544=ORIENTED_EDGE('',*,*,#5636,.F.);
#7545=ORIENTED_EDGE('',*,*,#5635,.T.);
#7546=ORIENTED_EDGE('',*,*,#5634,.T.);
#7547=ORIENTED_EDGE('',*,*,#5638,.F.);
#7548=ORIENTED_EDGE('',*,*,#5639,.T.);
#7549=ORIENTED_EDGE('',*,*,#5640,.F.);
#7550=ORIENTED_EDGE('',*,*,#5641,.T.);
#7551=ORIENTED_EDGE('',*,*,#5642,.F.);
#7552=ORIENTED_EDGE('',*,*,#5641,.F.);
#7553=ORIENTED_EDGE('',*,*,#5643,.F.);
#7554=ORIENTED_EDGE('',*,*,#5644,.T.);
#7555=ORIENTED_EDGE('',*,*,#5645,.F.);
#7556=ORIENTED_EDGE('',*,*,#5646,.T.);
#7557=ORIENTED_EDGE('',*,*,#5647,.F.);
#7558=ORIENTED_EDGE('',*,*,#5639,.F.);
#7559=ORIENTED_EDGE('',*,*,#5648,.F.);
#7560=ORIENTED_EDGE('',*,*,#5644,.F.);
#7561=ORIENTED_EDGE('',*,*,#5649,.F.);
#7562=ORIENTED_EDGE('',*,*,#5646,.F.);
#7563=ORIENTED_EDGE('',*,*,#5650,.F.);
#7564=ORIENTED_EDGE('',*,*,#5651,.T.);
#7565=ORIENTED_EDGE('',*,*,#5652,.F.);
#7566=ORIENTED_EDGE('',*,*,#5653,.T.);
#7567=ORIENTED_EDGE('',*,*,#5654,.F.);
#7568=ORIENTED_EDGE('',*,*,#5653,.F.);
#7569=ORIENTED_EDGE('',*,*,#5655,.F.);
#7570=ORIENTED_EDGE('',*,*,#5656,.T.);
#7571=ORIENTED_EDGE('',*,*,#5657,.F.);
#7572=ORIENTED_EDGE('',*,*,#5658,.T.);
#7573=ORIENTED_EDGE('',*,*,#5659,.F.);
#7574=ORIENTED_EDGE('',*,*,#5651,.F.);
#7575=ORIENTED_EDGE('',*,*,#5660,.F.);
#7576=ORIENTED_EDGE('',*,*,#5656,.F.);
#7577=ORIENTED_EDGE('',*,*,#5661,.F.);
#7578=ORIENTED_EDGE('',*,*,#5658,.F.);
#7579=ORIENTED_EDGE('',*,*,#5662,.F.);
#7580=ORIENTED_EDGE('',*,*,#5663,.T.);
#7581=ORIENTED_EDGE('',*,*,#5664,.F.);
#7582=ORIENTED_EDGE('',*,*,#5665,.F.);
#7583=ORIENTED_EDGE('',*,*,#5666,.F.);
#7584=ORIENTED_EDGE('',*,*,#5665,.T.);
#7585=ORIENTED_EDGE('',*,*,#5667,.F.);
#7586=ORIENTED_EDGE('',*,*,#5668,.T.);
#7587=ORIENTED_EDGE('',*,*,#5669,.F.);
#7588=ORIENTED_EDGE('',*,*,#5668,.F.);
#7589=ORIENTED_EDGE('',*,*,#5670,.F.);
#7590=ORIENTED_EDGE('',*,*,#5671,.T.);
#7591=ORIENTED_EDGE('',*,*,#5672,.F.);
#7592=ORIENTED_EDGE('',*,*,#5671,.F.);
#7593=ORIENTED_EDGE('',*,*,#5673,.F.);
#7594=ORIENTED_EDGE('',*,*,#5663,.F.);
#7595=ORIENTED_EDGE('',*,*,#5674,.F.);
#7596=ORIENTED_EDGE('',*,*,#5675,.T.);
#7597=ORIENTED_EDGE('',*,*,#5676,.F.);
#7598=ORIENTED_EDGE('',*,*,#5677,.F.);
#7599=ORIENTED_EDGE('',*,*,#5678,.T.);
#7600=ORIENTED_EDGE('',*,*,#5674,.T.);
#7601=ORIENTED_EDGE('',*,*,#5679,.T.);
#7602=ORIENTED_EDGE('',*,*,#5680,.T.);
#7603=ORIENTED_EDGE('',*,*,#5681,.F.);
#7604=ORIENTED_EDGE('',*,*,#5682,.T.);
#7605=ORIENTED_EDGE('',*,*,#5683,.F.);
#7606=ORIENTED_EDGE('',*,*,#5684,.T.);
#7607=ORIENTED_EDGE('',*,*,#5685,.T.);
#7608=ORIENTED_EDGE('',*,*,#5686,.T.);
#7609=ORIENTED_EDGE('',*,*,#5687,.F.);
#7610=ORIENTED_EDGE('',*,*,#5688,.F.);
#7611=ORIENTED_EDGE('',*,*,#5689,.T.);
#7612=ORIENTED_EDGE('',*,*,#5676,.T.);
#7613=ORIENTED_EDGE('',*,*,#5690,.T.);
#7614=ORIENTED_EDGE('',*,*,#5691,.T.);
#7615=ORIENTED_EDGE('',*,*,#5679,.F.);
#7616=ORIENTED_EDGE('',*,*,#5677,.T.);
#7617=ORIENTED_EDGE('',*,*,#5689,.F.);
#7618=ORIENTED_EDGE('',*,*,#5692,.T.);
#7619=ORIENTED_EDGE('',*,*,#5678,.F.);
#7620=ORIENTED_EDGE('',*,*,#5693,.F.);
#7621=ORIENTED_EDGE('',*,*,#5690,.F.);
#7622=ORIENTED_EDGE('',*,*,#5675,.F.);
#7623=ORIENTED_EDGE('',*,*,#5694,.F.);
#7624=ORIENTED_EDGE('',*,*,#5695,.T.);
#7625=ORIENTED_EDGE('',*,*,#5696,.F.);
#7626=ORIENTED_EDGE('',*,*,#5695,.F.);
#7627=ORIENTED_EDGE('',*,*,#5694,.T.);
#7628=ORIENTED_EDGE('',*,*,#5697,.F.);
#7629=ORIENTED_EDGE('',*,*,#5698,.F.);
#7630=ORIENTED_EDGE('',*,*,#5699,.T.);
#7631=ORIENTED_EDGE('',*,*,#5700,.F.);
#7632=ORIENTED_EDGE('',*,*,#5701,.F.);
#7633=ORIENTED_EDGE('',*,*,#5702,.F.);
#7634=ORIENTED_EDGE('',*,*,#5703,.F.);
#7635=ORIENTED_EDGE('',*,*,#5704,.F.);
#7636=ORIENTED_EDGE('',*,*,#5705,.F.);
#7637=ORIENTED_EDGE('',*,*,#5704,.T.);
#7638=ORIENTED_EDGE('',*,*,#5706,.F.);
#7639=ORIENTED_EDGE('',*,*,#5699,.F.);
#7640=ORIENTED_EDGE('',*,*,#5702,.T.);
#7641=ORIENTED_EDGE('',*,*,#5707,.F.);
#7642=ORIENTED_EDGE('',*,*,#5708,.T.);
#7643=ORIENTED_EDGE('',*,*,#5709,.F.);
#7644=ORIENTED_EDGE('',*,*,#5687,.T.);
#7645=ORIENTED_EDGE('',*,*,#5710,.T.);
#7646=ORIENTED_EDGE('',*,*,#5711,.T.);
#7647=ORIENTED_EDGE('',*,*,#5712,.T.);
#7648=ORIENTED_EDGE('',*,*,#5696,.T.);
#7649=ORIENTED_EDGE('',*,*,#5709,.T.);
#7650=ORIENTED_EDGE('',*,*,#5713,.T.);
#7651=ORIENTED_EDGE('',*,*,#5714,.T.);
#7652=ORIENTED_EDGE('',*,*,#5715,.T.);
#7653=ORIENTED_EDGE('',*,*,#5716,.T.);
#7654=ORIENTED_EDGE('',*,*,#5717,.T.);
#7655=ORIENTED_EDGE('',*,*,#5683,.T.);
#7656=ORIENTED_EDGE('',*,*,#5718,.T.);
#7657=ORIENTED_EDGE('',*,*,#5719,.T.);
#7658=ORIENTED_EDGE('',*,*,#5720,.T.);
#7659=ORIENTED_EDGE('',*,*,#5700,.T.);
#7660=ORIENTED_EDGE('',*,*,#5706,.T.);
#7661=ORIENTED_EDGE('',*,*,#5703,.T.);
#7662=ORIENTED_EDGE('',*,*,#5721,.T.);
#7663=ORIENTED_EDGE('',*,*,#5722,.T.);
#7664=ORIENTED_EDGE('',*,*,#5723,.T.);
#7665=ORIENTED_EDGE('',*,*,#5701,.T.);
#7666=ORIENTED_EDGE('',*,*,#5705,.T.);
#7667=ORIENTED_EDGE('',*,*,#5698,.T.);
#7668=ORIENTED_EDGE('',*,*,#5724,.T.);
#7669=ORIENTED_EDGE('',*,*,#5725,.T.);
#7670=ORIENTED_EDGE('',*,*,#5726,.T.);
#7671=ORIENTED_EDGE('',*,*,#5681,.T.);
#7672=ORIENTED_EDGE('',*,*,#5727,.T.);
#7673=ORIENTED_EDGE('',*,*,#5728,.T.);
#7674=ORIENTED_EDGE('',*,*,#5729,.T.);
#7675=ORIENTED_EDGE('',*,*,#5730,.T.);
#7676=ORIENTED_EDGE('',*,*,#5731,.T.);
#7677=ORIENTED_EDGE('',*,*,#5707,.T.);
#7678=ORIENTED_EDGE('',*,*,#5595,.T.);
#7679=ORIENTED_EDGE('',*,*,#5601,.T.);
#7680=ORIENTED_EDGE('',*,*,#5607,.T.);
#7681=ORIENTED_EDGE('',*,*,#5613,.T.);
#7682=ORIENTED_EDGE('',*,*,#5619,.T.);
#7683=ORIENTED_EDGE('',*,*,#5625,.T.);
#7684=ORIENTED_EDGE('',*,*,#5631,.T.);
#7685=ORIENTED_EDGE('',*,*,#5637,.T.);
#7686=ORIENTED_EDGE('',*,*,#5732,.F.);
#7687=ORIENTED_EDGE('',*,*,#5733,.T.);
#7688=ORIENTED_EDGE('',*,*,#5723,.F.);
#7689=ORIENTED_EDGE('',*,*,#5733,.F.);
#7690=ORIENTED_EDGE('',*,*,#5732,.T.);
#7691=ORIENTED_EDGE('',*,*,#5725,.F.);
#7692=ORIENTED_EDGE('',*,*,#5734,.F.);
#7693=ORIENTED_EDGE('',*,*,#5719,.F.);
#7694=ORIENTED_EDGE('',*,*,#5735,.F.);
#7695=ORIENTED_EDGE('',*,*,#5726,.F.);
#7696=ORIENTED_EDGE('',*,*,#5735,.T.);
#7697=ORIENTED_EDGE('',*,*,#5718,.F.);
#7698=ORIENTED_EDGE('',*,*,#5682,.F.);
#7699=ORIENTED_EDGE('',*,*,#5697,.T.);
#7700=ORIENTED_EDGE('',*,*,#5720,.F.);
#7701=ORIENTED_EDGE('',*,*,#5734,.T.);
#7702=ORIENTED_EDGE('',*,*,#5724,.F.);
#7703=ORIENTED_EDGE('',*,*,#5642,.T.);
#7704=ORIENTED_EDGE('',*,*,#5648,.T.);
#7705=ORIENTED_EDGE('',*,*,#5645,.T.);
#7706=ORIENTED_EDGE('',*,*,#5638,.T.);
#7707=ORIENTED_EDGE('',*,*,#5654,.T.);
#7708=ORIENTED_EDGE('',*,*,#5660,.T.);
#7709=ORIENTED_EDGE('',*,*,#5657,.T.);
#7710=ORIENTED_EDGE('',*,*,#5650,.T.);
#7711=ORIENTED_EDGE('',*,*,#5669,.T.);
#7712=ORIENTED_EDGE('',*,*,#5672,.T.);
#7713=ORIENTED_EDGE('',*,*,#5662,.T.);
#7714=ORIENTED_EDGE('',*,*,#5666,.T.);
#7715=ORIENTED_EDGE('',*,*,#5736,.F.);
#7716=ORIENTED_EDGE('',*,*,#5737,.T.);
#7717=ORIENTED_EDGE('',*,*,#5722,.F.);
#7718=ORIENTED_EDGE('',*,*,#5737,.F.);
#7719=ORIENTED_EDGE('',*,*,#5736,.T.);
#7720=ORIENTED_EDGE('',*,*,#5731,.F.);
#7721=ORIENTED_EDGE('',*,*,#5738,.T.);
#7722=ORIENTED_EDGE('',*,*,#5713,.F.);
#7723=ORIENTED_EDGE('',*,*,#5708,.F.);
#7724=ORIENTED_EDGE('',*,*,#5730,.F.);
#7725=ORIENTED_EDGE('',*,*,#5739,.F.);
#7726=ORIENTED_EDGE('',*,*,#5714,.F.);
#7727=ORIENTED_EDGE('',*,*,#5738,.F.);
#7728=ORIENTED_EDGE('',*,*,#5739,.T.);
#7729=ORIENTED_EDGE('',*,*,#5729,.F.);
#7730=ORIENTED_EDGE('',*,*,#5740,.T.);
#7731=ORIENTED_EDGE('',*,*,#5715,.F.);
#7732=ORIENTED_EDGE('',*,*,#5741,.F.);
#7733=ORIENTED_EDGE('',*,*,#5742,.T.);
#7734=ORIENTED_EDGE('',*,*,#5721,.F.);
#7735=ORIENTED_EDGE('',*,*,#5742,.F.);
#7736=ORIENTED_EDGE('',*,*,#5741,.T.);
#7737=ORIENTED_EDGE('',*,*,#5684,.F.);
#7738=ORIENTED_EDGE('',*,*,#5717,.F.);
#7739=ORIENTED_EDGE('',*,*,#5743,.F.);
#7740=ORIENTED_EDGE('',*,*,#5727,.F.);
#7741=ORIENTED_EDGE('',*,*,#5680,.F.);
#7742=ORIENTED_EDGE('',*,*,#5692,.F.);
#7743=ORIENTED_EDGE('',*,*,#5691,.F.);
#7744=ORIENTED_EDGE('',*,*,#5693,.T.);
#7745=ORIENTED_EDGE('',*,*,#5728,.F.);
#7746=ORIENTED_EDGE('',*,*,#5743,.T.);
#7747=ORIENTED_EDGE('',*,*,#5716,.F.);
#7748=ORIENTED_EDGE('',*,*,#5740,.F.);
#7749=ORIENTED_EDGE('',*,*,#5744,.T.);
#7750=ORIENTED_EDGE('',*,*,#5688,.T.);
#7751=ORIENTED_EDGE('',*,*,#5712,.F.);
#7752=ORIENTED_EDGE('',*,*,#5745,.F.);
#7753=ORIENTED_EDGE('',*,*,#5647,.T.);
#7754=ORIENTED_EDGE('',*,*,#5649,.T.);
#7755=ORIENTED_EDGE('',*,*,#5643,.T.);
#7756=ORIENTED_EDGE('',*,*,#5640,.T.);
#7757=ORIENTED_EDGE('',*,*,#5659,.T.);
#7758=ORIENTED_EDGE('',*,*,#5661,.T.);
#7759=ORIENTED_EDGE('',*,*,#5655,.T.);
#7760=ORIENTED_EDGE('',*,*,#5652,.T.);
#7761=ORIENTED_EDGE('',*,*,#5670,.T.);
#7762=ORIENTED_EDGE('',*,*,#5667,.T.);
#7763=ORIENTED_EDGE('',*,*,#5664,.T.);
#7764=ORIENTED_EDGE('',*,*,#5673,.T.);
#7765=ORIENTED_EDGE('',*,*,#5746,.T.);
#7766=ORIENTED_EDGE('',*,*,#5745,.T.);
#7767=ORIENTED_EDGE('',*,*,#5711,.F.);
#7768=ORIENTED_EDGE('',*,*,#5747,.F.);
#7769=ORIENTED_EDGE('',*,*,#5748,.T.);
#7770=ORIENTED_EDGE('',*,*,#5747,.T.);
#7771=ORIENTED_EDGE('',*,*,#5710,.F.);
#7772=ORIENTED_EDGE('',*,*,#5686,.F.);
#7773=ORIENTED_EDGE('',*,*,#5685,.F.);
#7774=ORIENTED_EDGE('',*,*,#5744,.F.);
#7775=ORIENTED_EDGE('',*,*,#5746,.F.);
#7776=ORIENTED_EDGE('',*,*,#5748,.F.);
#7777=ORIENTED_EDGE('',*,*,#5749,.F.);
#7778=ORIENTED_EDGE('',*,*,#5750,.F.);
#7779=ORIENTED_EDGE('',*,*,#5751,.F.);
#7780=ORIENTED_EDGE('',*,*,#5752,.F.);
#7781=ORIENTED_EDGE('',*,*,#5753,.F.);
#7782=ORIENTED_EDGE('',*,*,#5754,.F.);
#7783=ORIENTED_EDGE('',*,*,#5755,.F.);
#7784=ORIENTED_EDGE('',*,*,#5756,.F.);
#7785=ORIENTED_EDGE('',*,*,#5757,.F.);
#7786=ORIENTED_EDGE('',*,*,#5758,.F.);
#7787=ORIENTED_EDGE('',*,*,#5759,.F.);
#7788=ORIENTED_EDGE('',*,*,#5760,.F.);
#7789=ORIENTED_EDGE('',*,*,#5761,.F.);
#7790=ORIENTED_EDGE('',*,*,#5762,.F.);
#7791=ORIENTED_EDGE('',*,*,#5763,.F.);
#7792=ORIENTED_EDGE('',*,*,#5764,.F.);
#7793=ORIENTED_EDGE('',*,*,#5765,.F.);
#7794=ORIENTED_EDGE('',*,*,#5750,.T.);
#7795=ORIENTED_EDGE('',*,*,#5766,.F.);
#7796=ORIENTED_EDGE('',*,*,#5767,.T.);
#7797=ORIENTED_EDGE('',*,*,#5768,.T.);
#7798=ORIENTED_EDGE('',*,*,#5749,.T.);
#7799=ORIENTED_EDGE('',*,*,#5769,.F.);
#7800=ORIENTED_EDGE('',*,*,#5770,.T.);
#7801=ORIENTED_EDGE('',*,*,#5766,.T.);
#7802=ORIENTED_EDGE('',*,*,#5757,.T.);
#7803=ORIENTED_EDGE('',*,*,#5771,.T.);
#7804=ORIENTED_EDGE('',*,*,#5772,.F.);
#7805=ORIENTED_EDGE('',*,*,#5773,.F.);
#7806=ORIENTED_EDGE('',*,*,#5756,.T.);
#7807=ORIENTED_EDGE('',*,*,#5774,.T.);
#7808=ORIENTED_EDGE('',*,*,#5775,.T.);
#7809=ORIENTED_EDGE('',*,*,#5776,.F.);
#7810=ORIENTED_EDGE('',*,*,#5777,.F.);
#7811=ORIENTED_EDGE('',*,*,#5778,.F.);
#7812=ORIENTED_EDGE('',*,*,#5779,.T.);
#7813=ORIENTED_EDGE('',*,*,#5780,.F.);
#7814=ORIENTED_EDGE('',*,*,#5781,.F.);
#7815=ORIENTED_EDGE('',*,*,#5771,.F.);
#7816=ORIENTED_EDGE('',*,*,#5755,.T.);
#7817=ORIENTED_EDGE('',*,*,#5782,.T.);
#7818=ORIENTED_EDGE('',*,*,#5783,.F.);
#7819=ORIENTED_EDGE('',*,*,#5774,.F.);
#7820=ORIENTED_EDGE('',*,*,#5754,.T.);
#7821=ORIENTED_EDGE('',*,*,#5784,.T.);
#7822=ORIENTED_EDGE('',*,*,#5785,.T.);
#7823=ORIENTED_EDGE('',*,*,#5786,.F.);
#7824=ORIENTED_EDGE('',*,*,#5787,.F.);
#7825=ORIENTED_EDGE('',*,*,#5788,.F.);
#7826=ORIENTED_EDGE('',*,*,#5789,.T.);
#7827=ORIENTED_EDGE('',*,*,#5790,.F.);
#7828=ORIENTED_EDGE('',*,*,#5791,.F.);
#7829=ORIENTED_EDGE('',*,*,#5782,.F.);
#7830=ORIENTED_EDGE('',*,*,#5759,.T.);
#7831=ORIENTED_EDGE('',*,*,#5792,.T.);
#7832=ORIENTED_EDGE('',*,*,#5793,.F.);
#7833=ORIENTED_EDGE('',*,*,#5794,.F.);
#7834=ORIENTED_EDGE('',*,*,#5753,.T.);
#7835=ORIENTED_EDGE('',*,*,#5795,.T.);
#7836=ORIENTED_EDGE('',*,*,#5796,.F.);
#7837=ORIENTED_EDGE('',*,*,#5784,.F.);
#7838=ORIENTED_EDGE('',*,*,#5772,.T.);
#7839=ORIENTED_EDGE('',*,*,#5797,.T.);
#7840=ORIENTED_EDGE('',*,*,#5783,.T.);
#7841=ORIENTED_EDGE('',*,*,#5798,.T.);
#7842=ORIENTED_EDGE('',*,*,#5793,.T.);
#7843=ORIENTED_EDGE('',*,*,#5799,.T.);
#7844=ORIENTED_EDGE('',*,*,#5796,.T.);
#7845=ORIENTED_EDGE('',*,*,#5800,.T.);
#7846=ORIENTED_EDGE('',*,*,#5797,.F.);
#7847=ORIENTED_EDGE('',*,*,#5781,.T.);
#7848=ORIENTED_EDGE('',*,*,#5801,.F.);
#7849=ORIENTED_EDGE('',*,*,#5802,.F.);
#7850=ORIENTED_EDGE('',*,*,#5803,.F.);
#7851=ORIENTED_EDGE('',*,*,#5804,.T.);
#7852=ORIENTED_EDGE('',*,*,#5805,.F.);
#7853=ORIENTED_EDGE('',*,*,#5779,.F.);
#7854=ORIENTED_EDGE('',*,*,#5805,.T.);
#7855=ORIENTED_EDGE('',*,*,#5806,.T.);
#7856=ORIENTED_EDGE('',*,*,#5801,.T.);
#7857=ORIENTED_EDGE('',*,*,#5780,.T.);
#7858=ORIENTED_EDGE('',*,*,#5799,.F.);
#7859=ORIENTED_EDGE('',*,*,#5807,.T.);
#7860=ORIENTED_EDGE('',*,*,#5808,.F.);
#7861=ORIENTED_EDGE('',*,*,#5809,.F.);
#7862=ORIENTED_EDGE('',*,*,#5760,.T.);
#7863=ORIENTED_EDGE('',*,*,#5794,.T.);
#7864=ORIENTED_EDGE('',*,*,#5809,.T.);
#7865=ORIENTED_EDGE('',*,*,#5810,.F.);
#7866=ORIENTED_EDGE('',*,*,#5811,.F.);
#7867=ORIENTED_EDGE('',*,*,#5812,.F.);
#7868=ORIENTED_EDGE('',*,*,#5813,.T.);
#7869=ORIENTED_EDGE('',*,*,#5814,.F.);
#7870=ORIENTED_EDGE('',*,*,#5815,.F.);
#7871=ORIENTED_EDGE('',*,*,#5795,.F.);
#7872=ORIENTED_EDGE('',*,*,#5816,.F.);
#7873=ORIENTED_EDGE('',*,*,#5811,.T.);
#7874=ORIENTED_EDGE('',*,*,#5817,.F.);
#7875=ORIENTED_EDGE('',*,*,#5818,.F.);
#7876=ORIENTED_EDGE('',*,*,#5758,.T.);
#7877=ORIENTED_EDGE('',*,*,#5773,.T.);
#7878=ORIENTED_EDGE('',*,*,#5802,.T.);
#7879=ORIENTED_EDGE('',*,*,#5806,.F.);
#7880=ORIENTED_EDGE('',*,*,#5804,.F.);
#7881=ORIENTED_EDGE('',*,*,#5819,.F.);
#7882=ORIENTED_EDGE('',*,*,#5818,.T.);
#7883=ORIENTED_EDGE('',*,*,#5820,.F.);
#7884=ORIENTED_EDGE('',*,*,#5807,.F.);
#7885=ORIENTED_EDGE('',*,*,#5792,.F.);
#7886=ORIENTED_EDGE('',*,*,#5820,.T.);
#7887=ORIENTED_EDGE('',*,*,#5817,.T.);
#7888=ORIENTED_EDGE('',*,*,#5810,.T.);
#7889=ORIENTED_EDGE('',*,*,#5808,.T.);
#7890=ORIENTED_EDGE('',*,*,#5798,.F.);
#7891=ORIENTED_EDGE('',*,*,#5791,.T.);
#7892=ORIENTED_EDGE('',*,*,#5821,.F.);
#7893=ORIENTED_EDGE('',*,*,#5775,.F.);
#7894=ORIENTED_EDGE('',*,*,#5822,.F.);
#7895=ORIENTED_EDGE('',*,*,#5777,.T.);
#7896=ORIENTED_EDGE('',*,*,#5823,.F.);
#7897=ORIENTED_EDGE('',*,*,#5789,.F.);
#7898=ORIENTED_EDGE('',*,*,#5823,.T.);
#7899=ORIENTED_EDGE('',*,*,#5776,.T.);
#7900=ORIENTED_EDGE('',*,*,#5821,.T.);
#7901=ORIENTED_EDGE('',*,*,#5790,.T.);
#7902=ORIENTED_EDGE('',*,*,#5800,.F.);
#7903=ORIENTED_EDGE('',*,*,#5815,.T.);
#7904=ORIENTED_EDGE('',*,*,#5824,.F.);
#7905=ORIENTED_EDGE('',*,*,#5785,.F.);
#7906=ORIENTED_EDGE('',*,*,#5825,.F.);
#7907=ORIENTED_EDGE('',*,*,#5787,.T.);
#7908=ORIENTED_EDGE('',*,*,#5826,.F.);
#7909=ORIENTED_EDGE('',*,*,#5813,.F.);
#7910=ORIENTED_EDGE('',*,*,#5814,.T.);
#7911=ORIENTED_EDGE('',*,*,#5826,.T.);
#7912=ORIENTED_EDGE('',*,*,#5786,.T.);
#7913=ORIENTED_EDGE('',*,*,#5824,.T.);
#7914=ORIENTED_EDGE('',*,*,#5827,.F.);
#7915=ORIENTED_EDGE('',*,*,#5828,.T.);
#7916=ORIENTED_EDGE('',*,*,#5829,.F.);
#7917=ORIENTED_EDGE('',*,*,#5830,.F.);
#7918=ORIENTED_EDGE('',*,*,#5831,.F.);
#7919=ORIENTED_EDGE('',*,*,#5832,.T.);
#7920=ORIENTED_EDGE('',*,*,#5833,.F.);
#7921=ORIENTED_EDGE('',*,*,#5834,.F.);
#7922=ORIENTED_EDGE('',*,*,#5835,.T.);
#7923=ORIENTED_EDGE('',*,*,#5833,.T.);
#7924=ORIENTED_EDGE('',*,*,#5836,.T.);
#7925=ORIENTED_EDGE('',*,*,#5829,.T.);
#7926=ORIENTED_EDGE('',*,*,#5827,.T.);
#7927=ORIENTED_EDGE('',*,*,#5837,.T.);
#7928=ORIENTED_EDGE('',*,*,#5767,.F.);
#7929=ORIENTED_EDGE('',*,*,#5770,.F.);
#7930=ORIENTED_EDGE('',*,*,#5838,.F.);
#7931=ORIENTED_EDGE('',*,*,#5839,.F.);
#7932=ORIENTED_EDGE('',*,*,#5812,.T.);
#7933=ORIENTED_EDGE('',*,*,#5816,.T.);
#7934=ORIENTED_EDGE('',*,*,#5819,.T.);
#7935=ORIENTED_EDGE('',*,*,#5803,.T.);
#7936=ORIENTED_EDGE('',*,*,#5778,.T.);
#7937=ORIENTED_EDGE('',*,*,#5822,.T.);
#7938=ORIENTED_EDGE('',*,*,#5788,.T.);
#7939=ORIENTED_EDGE('',*,*,#5825,.T.);
#7940=ORIENTED_EDGE('',*,*,#5831,.T.);
#7941=ORIENTED_EDGE('',*,*,#5840,.T.);
#7942=ORIENTED_EDGE('',*,*,#5841,.T.);
#7943=ORIENTED_EDGE('',*,*,#5842,.T.);
#7944=ORIENTED_EDGE('',*,*,#5843,.T.);
#7945=ORIENTED_EDGE('',*,*,#5844,.T.);
#7946=ORIENTED_EDGE('',*,*,#5845,.T.);
#7947=ORIENTED_EDGE('',*,*,#5846,.T.);
#7948=ORIENTED_EDGE('',*,*,#5847,.T.);
#7949=ORIENTED_EDGE('',*,*,#5848,.T.);
#7950=ORIENTED_EDGE('',*,*,#5849,.T.);
#7951=ORIENTED_EDGE('',*,*,#5850,.T.);
#7952=ORIENTED_EDGE('',*,*,#5851,.T.);
#7953=ORIENTED_EDGE('',*,*,#5852,.F.);
#7954=ORIENTED_EDGE('',*,*,#5853,.T.);
#7955=ORIENTED_EDGE('',*,*,#5854,.F.);
#7956=ORIENTED_EDGE('',*,*,#5855,.F.);
#7957=ORIENTED_EDGE('',*,*,#5843,.F.);
#7958=ORIENTED_EDGE('',*,*,#5856,.T.);
#7959=ORIENTED_EDGE('',*,*,#5857,.F.);
#7960=ORIENTED_EDGE('',*,*,#5858,.F.);
#7961=ORIENTED_EDGE('',*,*,#5857,.T.);
#7962=ORIENTED_EDGE('',*,*,#5859,.T.);
#7963=ORIENTED_EDGE('',*,*,#5854,.T.);
#7964=ORIENTED_EDGE('',*,*,#5860,.T.);
#7965=ORIENTED_EDGE('',*,*,#5852,.T.);
#7966=ORIENTED_EDGE('',*,*,#5861,.T.);
#7967=ORIENTED_EDGE('',*,*,#5862,.F.);
#7968=ORIENTED_EDGE('',*,*,#5863,.T.);
#7969=ORIENTED_EDGE('',*,*,#5864,.F.);
#7970=ORIENTED_EDGE('',*,*,#5865,.F.);
#7971=ORIENTED_EDGE('',*,*,#5846,.F.);
#7972=ORIENTED_EDGE('',*,*,#5866,.T.);
#7973=ORIENTED_EDGE('',*,*,#5867,.F.);
#7974=ORIENTED_EDGE('',*,*,#5868,.F.);
#7975=ORIENTED_EDGE('',*,*,#5869,.T.);
#7976=ORIENTED_EDGE('',*,*,#5867,.T.);
#7977=ORIENTED_EDGE('',*,*,#5870,.T.);
#7978=ORIENTED_EDGE('',*,*,#5864,.T.);
#7979=ORIENTED_EDGE('',*,*,#5862,.T.);
#7980=ORIENTED_EDGE('',*,*,#5871,.T.);
#7981=ORIENTED_EDGE('',*,*,#5872,.F.);
#7982=ORIENTED_EDGE('',*,*,#5873,.T.);
#7983=ORIENTED_EDGE('',*,*,#5874,.F.);
#7984=ORIENTED_EDGE('',*,*,#5875,.F.);
#7985=ORIENTED_EDGE('',*,*,#5841,.F.);
#7986=ORIENTED_EDGE('',*,*,#5876,.T.);
#7987=ORIENTED_EDGE('',*,*,#5877,.F.);
#7988=ORIENTED_EDGE('',*,*,#5878,.F.);
#7989=ORIENTED_EDGE('',*,*,#5879,.T.);
#7990=ORIENTED_EDGE('',*,*,#5877,.T.);
#7991=ORIENTED_EDGE('',*,*,#5880,.T.);
#7992=ORIENTED_EDGE('',*,*,#5874,.T.);
#7993=ORIENTED_EDGE('',*,*,#5872,.T.);
#7994=ORIENTED_EDGE('',*,*,#5881,.T.);
#7995=ORIENTED_EDGE('',*,*,#5761,.T.);
#7996=ORIENTED_EDGE('',*,*,#5882,.T.);
#7997=ORIENTED_EDGE('',*,*,#5848,.F.);
#7998=ORIENTED_EDGE('',*,*,#5882,.F.);
#7999=ORIENTED_EDGE('',*,*,#5762,.T.);
#8000=ORIENTED_EDGE('',*,*,#5883,.T.);
#8001=ORIENTED_EDGE('',*,*,#5849,.F.);
#8002=ORIENTED_EDGE('',*,*,#5883,.F.);
#8003=ORIENTED_EDGE('',*,*,#5763,.T.);
#8004=ORIENTED_EDGE('',*,*,#5884,.T.);
#8005=ORIENTED_EDGE('',*,*,#5850,.F.);
#8006=ORIENTED_EDGE('',*,*,#5884,.F.);
#8007=ORIENTED_EDGE('',*,*,#5764,.T.);
#8008=ORIENTED_EDGE('',*,*,#5885,.T.);
#8009=ORIENTED_EDGE('',*,*,#5851,.F.);
#8010=ORIENTED_EDGE('',*,*,#5885,.F.);
#8011=ORIENTED_EDGE('',*,*,#5765,.T.);
#8012=ORIENTED_EDGE('',*,*,#5886,.T.);
#8013=ORIENTED_EDGE('',*,*,#5844,.F.);
#8014=ORIENTED_EDGE('',*,*,#5858,.T.);
#8015=ORIENTED_EDGE('',*,*,#5860,.F.);
#8016=ORIENTED_EDGE('',*,*,#5853,.F.);
#8017=ORIENTED_EDGE('',*,*,#5861,.F.);
#8018=ORIENTED_EDGE('',*,*,#5855,.T.);
#8019=ORIENTED_EDGE('',*,*,#5859,.F.);
#8020=ORIENTED_EDGE('',*,*,#5856,.F.);
#8021=ORIENTED_EDGE('',*,*,#5842,.F.);
#8022=ORIENTED_EDGE('',*,*,#5878,.T.);
#8023=ORIENTED_EDGE('',*,*,#5879,.F.);
#8024=ORIENTED_EDGE('',*,*,#5873,.F.);
#8025=ORIENTED_EDGE('',*,*,#5881,.F.);
#8026=ORIENTED_EDGE('',*,*,#5875,.T.);
#8027=ORIENTED_EDGE('',*,*,#5880,.F.);
#8028=ORIENTED_EDGE('',*,*,#5876,.F.);
#8029=ORIENTED_EDGE('',*,*,#5840,.F.);
#8030=ORIENTED_EDGE('',*,*,#5834,.T.);
#8031=ORIENTED_EDGE('',*,*,#5835,.F.);
#8032=ORIENTED_EDGE('',*,*,#5828,.F.);
#8033=ORIENTED_EDGE('',*,*,#5837,.F.);
#8034=ORIENTED_EDGE('',*,*,#5830,.T.);
#8035=ORIENTED_EDGE('',*,*,#5836,.F.);
#8036=ORIENTED_EDGE('',*,*,#5832,.F.);
#8037=ORIENTED_EDGE('',*,*,#5847,.F.);
#8038=ORIENTED_EDGE('',*,*,#5868,.T.);
#8039=ORIENTED_EDGE('',*,*,#5869,.F.);
#8040=ORIENTED_EDGE('',*,*,#5863,.F.);
#8041=ORIENTED_EDGE('',*,*,#5871,.F.);
#8042=ORIENTED_EDGE('',*,*,#5865,.T.);
#8043=ORIENTED_EDGE('',*,*,#5870,.F.);
#8044=ORIENTED_EDGE('',*,*,#5866,.F.);
#8045=ORIENTED_EDGE('',*,*,#5845,.F.);
#8046=ORIENTED_EDGE('',*,*,#5886,.F.);
#8047=ORIENTED_EDGE('',*,*,#5752,.T.);
#8048=ORIENTED_EDGE('',*,*,#5887,.F.);
#8049=ORIENTED_EDGE('',*,*,#5838,.T.);
#8050=ORIENTED_EDGE('',*,*,#5769,.T.);
#8051=ORIENTED_EDGE('',*,*,#5751,.T.);
#8052=ORIENTED_EDGE('',*,*,#5768,.F.);
#8053=ORIENTED_EDGE('',*,*,#5839,.T.);
#8054=ORIENTED_EDGE('',*,*,#5887,.T.);
#8055=ORIENTED_EDGE('',*,*,#5888,.T.);
#8056=ORIENTED_EDGE('',*,*,#5889,.T.);
#8057=ORIENTED_EDGE('',*,*,#5890,.T.);
#8058=ORIENTED_EDGE('',*,*,#5891,.T.);
#8059=ORIENTED_EDGE('',*,*,#5888,.F.);
#8060=ORIENTED_EDGE('',*,*,#5892,.T.);
#8061=ORIENTED_EDGE('',*,*,#5893,.F.);
#8062=ORIENTED_EDGE('',*,*,#5894,.T.);
#8063=ORIENTED_EDGE('',*,*,#5895,.F.);
#8064=ORIENTED_EDGE('',*,*,#5896,.T.);
#8065=ORIENTED_EDGE('',*,*,#5897,.F.);
#8066=ORIENTED_EDGE('',*,*,#5898,.T.);
#8067=ORIENTED_EDGE('',*,*,#5899,.T.);
#8068=ORIENTED_EDGE('',*,*,#5900,.T.);
#8069=ORIENTED_EDGE('',*,*,#5901,.T.);
#8070=ORIENTED_EDGE('',*,*,#5902,.T.);
#8071=ORIENTED_EDGE('',*,*,#5903,.T.);
#8072=ORIENTED_EDGE('',*,*,#5904,.F.);
#8073=ORIENTED_EDGE('',*,*,#5905,.F.);
#8074=ORIENTED_EDGE('',*,*,#5906,.T.);
#8075=ORIENTED_EDGE('',*,*,#5907,.F.);
#8076=ORIENTED_EDGE('',*,*,#5908,.F.);
#8077=ORIENTED_EDGE('',*,*,#5909,.T.);
#8078=ORIENTED_EDGE('',*,*,#5910,.F.);
#8079=ORIENTED_EDGE('',*,*,#5911,.F.);
#8080=ORIENTED_EDGE('',*,*,#5912,.T.);
#8081=ORIENTED_EDGE('',*,*,#5913,.F.);
#8082=ORIENTED_EDGE('',*,*,#5914,.F.);
#8083=ORIENTED_EDGE('',*,*,#5891,.F.);
#8084=ORIENTED_EDGE('',*,*,#5915,.T.);
#8085=ORIENTED_EDGE('',*,*,#5916,.F.);
#8086=ORIENTED_EDGE('',*,*,#5892,.F.);
#8087=ORIENTED_EDGE('',*,*,#5917,.T.);
#8088=ORIENTED_EDGE('',*,*,#5918,.T.);
#8089=ORIENTED_EDGE('',*,*,#5919,.T.);
#8090=ORIENTED_EDGE('',*,*,#5920,.T.);
#8091=ORIENTED_EDGE('',*,*,#5893,.T.);
#8092=ORIENTED_EDGE('',*,*,#5916,.T.);
#8093=ORIENTED_EDGE('',*,*,#5921,.T.);
#8094=ORIENTED_EDGE('',*,*,#5922,.T.);
#8095=ORIENTED_EDGE('',*,*,#5895,.T.);
#8096=ORIENTED_EDGE('',*,*,#5923,.T.);
#8097=ORIENTED_EDGE('',*,*,#5924,.T.);
#8098=ORIENTED_EDGE('',*,*,#5925,.T.);
#8099=ORIENTED_EDGE('',*,*,#5925,.F.);
#8100=ORIENTED_EDGE('',*,*,#5926,.T.);
#8101=ORIENTED_EDGE('',*,*,#5927,.F.);
#8102=ORIENTED_EDGE('',*,*,#5896,.F.);
#8103=ORIENTED_EDGE('',*,*,#5897,.T.);
#8104=ORIENTED_EDGE('',*,*,#5927,.T.);
#8105=ORIENTED_EDGE('',*,*,#5928,.T.);
#8106=ORIENTED_EDGE('',*,*,#5929,.T.);
#8107=ORIENTED_EDGE('',*,*,#5930,.F.);
#8108=ORIENTED_EDGE('',*,*,#5931,.T.);
#8109=ORIENTED_EDGE('',*,*,#5932,.T.);
#8110=ORIENTED_EDGE('',*,*,#5931,.F.);
#8111=ORIENTED_EDGE('',*,*,#5932,.F.);
#8112=ORIENTED_EDGE('',*,*,#5933,.F.);
#8113=ORIENTED_EDGE('',*,*,#5934,.T.);
#8114=ORIENTED_EDGE('',*,*,#5935,.T.);
#8115=ORIENTED_EDGE('',*,*,#5934,.F.);
#8116=ORIENTED_EDGE('',*,*,#5935,.F.);
#8117=ORIENTED_EDGE('',*,*,#5936,.F.);
#8118=ORIENTED_EDGE('',*,*,#5937,.T.);
#8119=ORIENTED_EDGE('',*,*,#5938,.T.);
#8120=ORIENTED_EDGE('',*,*,#5937,.F.);
#8121=ORIENTED_EDGE('',*,*,#5938,.F.);
#8122=ORIENTED_EDGE('',*,*,#5939,.F.);
#8123=ORIENTED_EDGE('',*,*,#5940,.T.);
#8124=ORIENTED_EDGE('',*,*,#5941,.T.);
#8125=ORIENTED_EDGE('',*,*,#5940,.F.);
#8126=ORIENTED_EDGE('',*,*,#5941,.F.);
#8127=ORIENTED_EDGE('',*,*,#5899,.F.);
#8128=ORIENTED_EDGE('',*,*,#5942,.T.);
#8129=ORIENTED_EDGE('',*,*,#5943,.T.);
#8130=ORIENTED_EDGE('',*,*,#5942,.F.);
#8131=ORIENTED_EDGE('',*,*,#5943,.F.);
#8132=ORIENTED_EDGE('',*,*,#5900,.F.);
#8133=ORIENTED_EDGE('',*,*,#5944,.T.);
#8134=ORIENTED_EDGE('',*,*,#5945,.T.);
#8135=ORIENTED_EDGE('',*,*,#5944,.F.);
#8136=ORIENTED_EDGE('',*,*,#5945,.F.);
#8137=ORIENTED_EDGE('',*,*,#5901,.F.);
#8138=ORIENTED_EDGE('',*,*,#5946,.T.);
#8139=ORIENTED_EDGE('',*,*,#5947,.T.);
#8140=ORIENTED_EDGE('',*,*,#5946,.F.);
#8141=ORIENTED_EDGE('',*,*,#5947,.F.);
#8142=ORIENTED_EDGE('',*,*,#5902,.F.);
#8143=ORIENTED_EDGE('',*,*,#5948,.T.);
#8144=ORIENTED_EDGE('',*,*,#5949,.T.);
#8145=ORIENTED_EDGE('',*,*,#5948,.F.);
#8146=ORIENTED_EDGE('',*,*,#5949,.F.);
#8147=ORIENTED_EDGE('',*,*,#5950,.F.);
#8148=ORIENTED_EDGE('',*,*,#5951,.T.);
#8149=ORIENTED_EDGE('',*,*,#5904,.T.);
#8150=ORIENTED_EDGE('',*,*,#5952,.F.);
#8151=ORIENTED_EDGE('',*,*,#5953,.F.);
#8152=ORIENTED_EDGE('',*,*,#5954,.F.);
#8153=ORIENTED_EDGE('',*,*,#5905,.T.);
#8154=ORIENTED_EDGE('',*,*,#5951,.F.);
#8155=ORIENTED_EDGE('',*,*,#5954,.T.);
#8156=ORIENTED_EDGE('',*,*,#5955,.F.);
#8157=ORIENTED_EDGE('',*,*,#5956,.T.);
#8158=ORIENTED_EDGE('',*,*,#5906,.F.);
#8159=ORIENTED_EDGE('',*,*,#5957,.F.);
#8160=ORIENTED_EDGE('',*,*,#5958,.F.);
#8161=ORIENTED_EDGE('',*,*,#5908,.T.);
#8162=ORIENTED_EDGE('',*,*,#5959,.F.);
#8163=ORIENTED_EDGE('',*,*,#5960,.F.);
#8164=ORIENTED_EDGE('',*,*,#5959,.T.);
#8165=ORIENTED_EDGE('',*,*,#5907,.T.);
#8166=ORIENTED_EDGE('',*,*,#5956,.F.);
#8167=ORIENTED_EDGE('',*,*,#5950,.T.);
#8168=ORIENTED_EDGE('',*,*,#5961,.T.);
#8169=ORIENTED_EDGE('',*,*,#5962,.T.);
#8170=ORIENTED_EDGE('',*,*,#5963,.T.);
#8171=ORIENTED_EDGE('',*,*,#5964,.T.);
#8172=ORIENTED_EDGE('',*,*,#5965,.T.);
#8173=ORIENTED_EDGE('',*,*,#5966,.T.);
#8174=ORIENTED_EDGE('',*,*,#5967,.T.);
#8175=ORIENTED_EDGE('',*,*,#5968,.T.);
#8176=ORIENTED_EDGE('',*,*,#5969,.T.);
#8177=ORIENTED_EDGE('',*,*,#5970,.T.);
#8178=ORIENTED_EDGE('',*,*,#5971,.T.);
#8179=ORIENTED_EDGE('',*,*,#5972,.T.);
#8180=ORIENTED_EDGE('',*,*,#5973,.T.);
#8181=ORIENTED_EDGE('',*,*,#5957,.T.);
#8182=ORIENTED_EDGE('',*,*,#5960,.T.);
#8183=ORIENTED_EDGE('',*,*,#5955,.T.);
#8184=ORIENTED_EDGE('',*,*,#5953,.T.);
#8185=ORIENTED_EDGE('',*,*,#5974,.T.);
#8186=ORIENTED_EDGE('',*,*,#5975,.T.);
#8187=ORIENTED_EDGE('',*,*,#5976,.T.);
#8188=ORIENTED_EDGE('',*,*,#5977,.T.);
#8189=ORIENTED_EDGE('',*,*,#5978,.T.);
#8190=ORIENTED_EDGE('',*,*,#5979,.T.);
#8191=ORIENTED_EDGE('',*,*,#5980,.T.);
#8192=ORIENTED_EDGE('',*,*,#5981,.T.);
#8193=ORIENTED_EDGE('',*,*,#5982,.T.);
#8194=ORIENTED_EDGE('',*,*,#5983,.T.);
#8195=ORIENTED_EDGE('',*,*,#5984,.T.);
#8196=ORIENTED_EDGE('',*,*,#5985,.T.);
#8197=ORIENTED_EDGE('',*,*,#5986,.T.);
#8198=ORIENTED_EDGE('',*,*,#5987,.T.);
#8199=ORIENTED_EDGE('',*,*,#5968,.F.);
#8200=ORIENTED_EDGE('',*,*,#5988,.F.);
#8201=ORIENTED_EDGE('',*,*,#5914,.T.);
#8202=ORIENTED_EDGE('',*,*,#5989,.F.);
#8203=ORIENTED_EDGE('',*,*,#5969,.F.);
#8204=ORIENTED_EDGE('',*,*,#5989,.T.);
#8205=ORIENTED_EDGE('',*,*,#5913,.T.);
#8206=ORIENTED_EDGE('',*,*,#5990,.F.);
#8207=ORIENTED_EDGE('',*,*,#5990,.T.);
#8208=ORIENTED_EDGE('',*,*,#5912,.F.);
#8209=ORIENTED_EDGE('',*,*,#5991,.T.);
#8210=ORIENTED_EDGE('',*,*,#5970,.F.);
#8211=ORIENTED_EDGE('',*,*,#5992,.T.);
#8212=ORIENTED_EDGE('',*,*,#5993,.T.);
#8213=ORIENTED_EDGE('',*,*,#5994,.T.);
#8214=ORIENTED_EDGE('',*,*,#5995,.T.);
#8215=ORIENTED_EDGE('',*,*,#5971,.F.);
#8216=ORIENTED_EDGE('',*,*,#5991,.F.);
#8217=ORIENTED_EDGE('',*,*,#5911,.T.);
#8218=ORIENTED_EDGE('',*,*,#5996,.F.);
#8219=ORIENTED_EDGE('',*,*,#5972,.F.);
#8220=ORIENTED_EDGE('',*,*,#5996,.T.);
#8221=ORIENTED_EDGE('',*,*,#5910,.T.);
#8222=ORIENTED_EDGE('',*,*,#5997,.F.);
#8223=ORIENTED_EDGE('',*,*,#5998,.F.);
#8224=ORIENTED_EDGE('',*,*,#5999,.T.);
#8225=ORIENTED_EDGE('',*,*,#6000,.F.);
#8226=ORIENTED_EDGE('',*,*,#5999,.F.);
#8227=ORIENTED_EDGE('',*,*,#6001,.F.);
#8228=ORIENTED_EDGE('',*,*,#6002,.T.);
#8229=ORIENTED_EDGE('',*,*,#6003,.F.);
#8230=ORIENTED_EDGE('',*,*,#6002,.F.);
#8231=ORIENTED_EDGE('',*,*,#5994,.F.);
#8232=ORIENTED_EDGE('',*,*,#6004,.F.);
#8233=ORIENTED_EDGE('',*,*,#5919,.F.);
#8234=ORIENTED_EDGE('',*,*,#6005,.T.);
#8235=ORIENTED_EDGE('',*,*,#5995,.F.);
#8236=ORIENTED_EDGE('',*,*,#6005,.F.);
#8237=ORIENTED_EDGE('',*,*,#5918,.F.);
#8238=ORIENTED_EDGE('',*,*,#6006,.T.);
#8239=ORIENTED_EDGE('',*,*,#5992,.F.);
#8240=ORIENTED_EDGE('',*,*,#6006,.F.);
#8241=ORIENTED_EDGE('',*,*,#5917,.F.);
#8242=ORIENTED_EDGE('',*,*,#6007,.T.);
#8243=ORIENTED_EDGE('',*,*,#5993,.F.);
#8244=ORIENTED_EDGE('',*,*,#6007,.F.);
#8245=ORIENTED_EDGE('',*,*,#5920,.F.);
#8246=ORIENTED_EDGE('',*,*,#6004,.T.);
#8247=ORIENTED_EDGE('',*,*,#6008,.F.);
#8248=ORIENTED_EDGE('',*,*,#6009,.T.);
#8249=ORIENTED_EDGE('',*,*,#6010,.T.);
#8250=ORIENTED_EDGE('',*,*,#6011,.F.);
#8251=ORIENTED_EDGE('',*,*,#6012,.F.);
#8252=ORIENTED_EDGE('',*,*,#6013,.T.);
#8253=ORIENTED_EDGE('',*,*,#6014,.T.);
#8254=ORIENTED_EDGE('',*,*,#6009,.F.);
#8255=ORIENTED_EDGE('',*,*,#6015,.F.);
#8256=ORIENTED_EDGE('',*,*,#6016,.T.);
#8257=ORIENTED_EDGE('',*,*,#6017,.T.);
#8258=ORIENTED_EDGE('',*,*,#6013,.F.);
#8259=ORIENTED_EDGE('',*,*,#6018,.F.);
#8260=ORIENTED_EDGE('',*,*,#6011,.T.);
#8261=ORIENTED_EDGE('',*,*,#6019,.T.);
#8262=ORIENTED_EDGE('',*,*,#6016,.F.);
#8263=ORIENTED_EDGE('',*,*,#6019,.F.);
#8264=ORIENTED_EDGE('',*,*,#6010,.F.);
#8265=ORIENTED_EDGE('',*,*,#6014,.F.);
#8266=ORIENTED_EDGE('',*,*,#6017,.F.);
#8267=ORIENTED_EDGE('',*,*,#6020,.F.);
#8268=ORIENTED_EDGE('',*,*,#6021,.F.);
#8269=ORIENTED_EDGE('',*,*,#6022,.F.);
#8270=ORIENTED_EDGE('',*,*,#6023,.F.);
#8271=ORIENTED_EDGE('',*,*,#6021,.T.);
#8272=ORIENTED_EDGE('',*,*,#6024,.T.);
#8273=ORIENTED_EDGE('',*,*,#6025,.F.);
#8274=ORIENTED_EDGE('',*,*,#6026,.F.);
#8275=ORIENTED_EDGE('',*,*,#6020,.T.);
#8276=ORIENTED_EDGE('',*,*,#6027,.T.);
#8277=ORIENTED_EDGE('',*,*,#6028,.F.);
#8278=ORIENTED_EDGE('',*,*,#6024,.F.);
#8279=ORIENTED_EDGE('',*,*,#6023,.T.);
#8280=ORIENTED_EDGE('',*,*,#6029,.T.);
#8281=ORIENTED_EDGE('',*,*,#6030,.F.);
#8282=ORIENTED_EDGE('',*,*,#6027,.F.);
#8283=ORIENTED_EDGE('',*,*,#6022,.T.);
#8284=ORIENTED_EDGE('',*,*,#6026,.T.);
#8285=ORIENTED_EDGE('',*,*,#6031,.F.);
#8286=ORIENTED_EDGE('',*,*,#6029,.F.);
#8287=ORIENTED_EDGE('',*,*,#5978,.F.);
#8288=ORIENTED_EDGE('',*,*,#6032,.T.);
#8289=ORIENTED_EDGE('',*,*,#6033,.F.);
#8290=ORIENTED_EDGE('',*,*,#6034,.F.);
#8291=ORIENTED_EDGE('',*,*,#5977,.F.);
#8292=ORIENTED_EDGE('',*,*,#6035,.T.);
#8293=ORIENTED_EDGE('',*,*,#6036,.F.);
#8294=ORIENTED_EDGE('',*,*,#6032,.F.);
#8295=ORIENTED_EDGE('',*,*,#5979,.F.);
#8296=ORIENTED_EDGE('',*,*,#6034,.T.);
#8297=ORIENTED_EDGE('',*,*,#6037,.F.);
#8298=ORIENTED_EDGE('',*,*,#6038,.F.);
#8299=ORIENTED_EDGE('',*,*,#5980,.F.);
#8300=ORIENTED_EDGE('',*,*,#6038,.T.);
#8301=ORIENTED_EDGE('',*,*,#6039,.F.);
#8302=ORIENTED_EDGE('',*,*,#6035,.F.);
#8303=ORIENTED_EDGE('',*,*,#6036,.T.);
#8304=ORIENTED_EDGE('',*,*,#6039,.T.);
#8305=ORIENTED_EDGE('',*,*,#6037,.T.);
#8306=ORIENTED_EDGE('',*,*,#6033,.T.);
#8307=ORIENTED_EDGE('',*,*,#5984,.F.);
#8308=ORIENTED_EDGE('',*,*,#6040,.T.);
#8309=ORIENTED_EDGE('',*,*,#6041,.F.);
#8310=ORIENTED_EDGE('',*,*,#6042,.F.);
#8311=ORIENTED_EDGE('',*,*,#5983,.F.);
#8312=ORIENTED_EDGE('',*,*,#6043,.T.);
#8313=ORIENTED_EDGE('',*,*,#6044,.F.);
#8314=ORIENTED_EDGE('',*,*,#6040,.F.);
#8315=ORIENTED_EDGE('',*,*,#5985,.F.);
#8316=ORIENTED_EDGE('',*,*,#6042,.T.);
#8317=ORIENTED_EDGE('',*,*,#6045,.F.);
#8318=ORIENTED_EDGE('',*,*,#6046,.F.);
#8319=ORIENTED_EDGE('',*,*,#5986,.F.);
#8320=ORIENTED_EDGE('',*,*,#6046,.T.);
#8321=ORIENTED_EDGE('',*,*,#6047,.F.);
#8322=ORIENTED_EDGE('',*,*,#6043,.F.);
#8323=ORIENTED_EDGE('',*,*,#6044,.T.);
#8324=ORIENTED_EDGE('',*,*,#6047,.T.);
#8325=ORIENTED_EDGE('',*,*,#6045,.T.);
#8326=ORIENTED_EDGE('',*,*,#6041,.T.);
#8327=ORIENTED_EDGE('',*,*,#6048,.F.);
#8328=ORIENTED_EDGE('',*,*,#6049,.T.);
#8329=ORIENTED_EDGE('',*,*,#5975,.F.);
#8330=ORIENTED_EDGE('',*,*,#6049,.F.);
#8331=ORIENTED_EDGE('',*,*,#6048,.T.);
#8332=ORIENTED_EDGE('',*,*,#5930,.T.);
#8333=ORIENTED_EDGE('',*,*,#6050,.F.);
#8334=ORIENTED_EDGE('',*,*,#6051,.T.);
#8335=ORIENTED_EDGE('',*,*,#5976,.F.);
#8336=ORIENTED_EDGE('',*,*,#6051,.F.);
#8337=ORIENTED_EDGE('',*,*,#6050,.T.);
#8338=ORIENTED_EDGE('',*,*,#5933,.T.);
#8339=ORIENTED_EDGE('',*,*,#6052,.F.);
#8340=ORIENTED_EDGE('',*,*,#6053,.T.);
#8341=ORIENTED_EDGE('',*,*,#5982,.F.);
#8342=ORIENTED_EDGE('',*,*,#6053,.F.);
#8343=ORIENTED_EDGE('',*,*,#6052,.T.);
#8344=ORIENTED_EDGE('',*,*,#5936,.T.);
#8345=ORIENTED_EDGE('',*,*,#6054,.F.);
#8346=ORIENTED_EDGE('',*,*,#6055,.T.);
#8347=ORIENTED_EDGE('',*,*,#5981,.F.);
#8348=ORIENTED_EDGE('',*,*,#6055,.F.);
#8349=ORIENTED_EDGE('',*,*,#6054,.T.);
#8350=ORIENTED_EDGE('',*,*,#5939,.T.);
#8351=ORIENTED_EDGE('',*,*,#5952,.T.);
#8352=ORIENTED_EDGE('',*,*,#5903,.F.);
#8353=ORIENTED_EDGE('',*,*,#5988,.T.);
#8354=ORIENTED_EDGE('',*,*,#5967,.F.);
#8355=ORIENTED_EDGE('',*,*,#5964,.F.);
#8356=ORIENTED_EDGE('',*,*,#5961,.F.);
#8357=ORIENTED_EDGE('',*,*,#6000,.T.);
#8358=ORIENTED_EDGE('',*,*,#6003,.T.);
#8359=ORIENTED_EDGE('',*,*,#6030,.T.);
#8360=ORIENTED_EDGE('',*,*,#6031,.T.);
#8361=ORIENTED_EDGE('',*,*,#6025,.T.);
#8362=ORIENTED_EDGE('',*,*,#6028,.T.);
#8363=ORIENTED_EDGE('',*,*,#5958,.T.);
#8364=ORIENTED_EDGE('',*,*,#5973,.F.);
#8365=ORIENTED_EDGE('',*,*,#5997,.T.);
#8366=ORIENTED_EDGE('',*,*,#5909,.F.);
#8367=ORIENTED_EDGE('',*,*,#5922,.F.);
#8368=ORIENTED_EDGE('',*,*,#6056,.T.);
#8369=ORIENTED_EDGE('',*,*,#5923,.F.);
#8370=ORIENTED_EDGE('',*,*,#5894,.F.);
#8371=ORIENTED_EDGE('',*,*,#5889,.F.);
#8372=ORIENTED_EDGE('',*,*,#5898,.F.);
#8373=ORIENTED_EDGE('',*,*,#5929,.F.);
#8374=ORIENTED_EDGE('',*,*,#6057,.T.);
#8375=ORIENTED_EDGE('',*,*,#5998,.T.);
#8376=ORIENTED_EDGE('',*,*,#6001,.T.);
#8377=ORIENTED_EDGE('',*,*,#6008,.T.);
#8378=ORIENTED_EDGE('',*,*,#6018,.T.);
#8379=ORIENTED_EDGE('',*,*,#6015,.T.);
#8380=ORIENTED_EDGE('',*,*,#6012,.T.);
#8381=ORIENTED_EDGE('',*,*,#5974,.F.);
#8382=ORIENTED_EDGE('',*,*,#6058,.T.);
#8383=ORIENTED_EDGE('',*,*,#6059,.T.);
#8384=ORIENTED_EDGE('',*,*,#6058,.F.);
#8385=ORIENTED_EDGE('',*,*,#5987,.F.);
#8386=ORIENTED_EDGE('',*,*,#6060,.T.);
#8387=ORIENTED_EDGE('',*,*,#6061,.T.);
#8388=ORIENTED_EDGE('',*,*,#6060,.F.);
#8389=ORIENTED_EDGE('',*,*,#5965,.F.);
#8390=ORIENTED_EDGE('',*,*,#5966,.F.);
#8391=ORIENTED_EDGE('',*,*,#6062,.T.);
#8392=ORIENTED_EDGE('',*,*,#6063,.F.);
#8393=ORIENTED_EDGE('',*,*,#6062,.F.);
#8394=ORIENTED_EDGE('',*,*,#5962,.F.);
#8395=ORIENTED_EDGE('',*,*,#5963,.F.);
#8396=ORIENTED_EDGE('',*,*,#6064,.T.);
#8397=ORIENTED_EDGE('',*,*,#6065,.F.);
#8398=ORIENTED_EDGE('',*,*,#6064,.F.);
#8399=ORIENTED_EDGE('',*,*,#5890,.F.);
#8400=ORIENTED_EDGE('',*,*,#6057,.F.);
#8401=ORIENTED_EDGE('',*,*,#5928,.F.);
#8402=ORIENTED_EDGE('',*,*,#5926,.F.);
#8403=ORIENTED_EDGE('',*,*,#5924,.F.);
#8404=ORIENTED_EDGE('',*,*,#6056,.F.);
#8405=ORIENTED_EDGE('',*,*,#5921,.F.);
#8406=ORIENTED_EDGE('',*,*,#5915,.F.);
#8407=ORIENTED_EDGE('',*,*,#6063,.T.);
#8408=ORIENTED_EDGE('',*,*,#6065,.T.);
#8409=ORIENTED_EDGE('',*,*,#6061,.F.);
#8410=ORIENTED_EDGE('',*,*,#6059,.F.);
#8411=ORIENTED_EDGE('',*,*,#6066,.F.);
#8412=ORIENTED_EDGE('',*,*,#6067,.T.);
#8413=ORIENTED_EDGE('',*,*,#6068,.T.);
#8414=ORIENTED_EDGE('',*,*,#6067,.F.);
#8415=ORIENTED_EDGE('',*,*,#6068,.F.);
#8416=ORIENTED_EDGE('',*,*,#6069,.F.);
#8417=ORIENTED_EDGE('',*,*,#6070,.T.);
#8418=ORIENTED_EDGE('',*,*,#6071,.T.);
#8419=ORIENTED_EDGE('',*,*,#6070,.F.);
#8420=ORIENTED_EDGE('',*,*,#6069,.T.);
#8421=ORIENTED_EDGE('',*,*,#6066,.T.);
#8422=ORIENTED_EDGE('',*,*,#6071,.F.);
#8423=ORIENTED_EDGE('',*,*,#6072,.F.);
#8424=ORIENTED_EDGE('',*,*,#6073,.T.);
#8425=ORIENTED_EDGE('',*,*,#6074,.T.);
#8426=ORIENTED_EDGE('',*,*,#6073,.F.);
#8427=ORIENTED_EDGE('',*,*,#6074,.F.);
#8428=ORIENTED_EDGE('',*,*,#6075,.F.);
#8429=ORIENTED_EDGE('',*,*,#6076,.T.);
#8430=ORIENTED_EDGE('',*,*,#6077,.T.);
#8431=ORIENTED_EDGE('',*,*,#6076,.F.);
#8432=ORIENTED_EDGE('',*,*,#6075,.T.);
#8433=ORIENTED_EDGE('',*,*,#6072,.T.);
#8434=ORIENTED_EDGE('',*,*,#6077,.F.);
#8435=ORIENTED_EDGE('',*,*,#6078,.F.);
#8436=ORIENTED_EDGE('',*,*,#6079,.T.);
#8437=ORIENTED_EDGE('',*,*,#6080,.T.);
#8438=ORIENTED_EDGE('',*,*,#6079,.F.);
#8439=ORIENTED_EDGE('',*,*,#6080,.F.);
#8440=ORIENTED_EDGE('',*,*,#6081,.F.);
#8441=ORIENTED_EDGE('',*,*,#6082,.T.);
#8442=ORIENTED_EDGE('',*,*,#6083,.T.);
#8443=ORIENTED_EDGE('',*,*,#6082,.F.);
#8444=ORIENTED_EDGE('',*,*,#6081,.T.);
#8445=ORIENTED_EDGE('',*,*,#6078,.T.);
#8446=ORIENTED_EDGE('',*,*,#6083,.F.);
#8447=ORIENTED_EDGE('',*,*,#6084,.F.);
#8448=ORIENTED_EDGE('',*,*,#6085,.T.);
#8449=ORIENTED_EDGE('',*,*,#6086,.T.);
#8450=ORIENTED_EDGE('',*,*,#6085,.F.);
#8451=ORIENTED_EDGE('',*,*,#6086,.F.);
#8452=ORIENTED_EDGE('',*,*,#6087,.F.);
#8453=ORIENTED_EDGE('',*,*,#6088,.T.);
#8454=ORIENTED_EDGE('',*,*,#6089,.T.);
#8455=ORIENTED_EDGE('',*,*,#6088,.F.);
#8456=ORIENTED_EDGE('',*,*,#6087,.T.);
#8457=ORIENTED_EDGE('',*,*,#6084,.T.);
#8458=ORIENTED_EDGE('',*,*,#6089,.F.);
#8459=ORIENTED_EDGE('',*,*,#6090,.F.);
#8460=ORIENTED_EDGE('',*,*,#6091,.T.);
#8461=ORIENTED_EDGE('',*,*,#6092,.F.);
#8462=ORIENTED_EDGE('',*,*,#6093,.F.);
#8463=ORIENTED_EDGE('',*,*,#6094,.F.);
#8464=ORIENTED_EDGE('',*,*,#6093,.T.);
#8465=ORIENTED_EDGE('',*,*,#6095,.F.);
#8466=ORIENTED_EDGE('',*,*,#6096,.F.);
#8467=ORIENTED_EDGE('',*,*,#6097,.F.);
#8468=ORIENTED_EDGE('',*,*,#6098,.F.);
#8469=ORIENTED_EDGE('',*,*,#6099,.F.);
#8470=ORIENTED_EDGE('',*,*,#6100,.F.);
#8471=ORIENTED_EDGE('',*,*,#6101,.F.);
#8472=ORIENTED_EDGE('',*,*,#6102,.F.);
#8473=ORIENTED_EDGE('',*,*,#6103,.T.);
#8474=ORIENTED_EDGE('',*,*,#6104,.F.);
#8475=ORIENTED_EDGE('',*,*,#6105,.F.);
#8476=ORIENTED_EDGE('',*,*,#6106,.F.);
#8477=ORIENTED_EDGE('',*,*,#6105,.T.);
#8478=ORIENTED_EDGE('',*,*,#6107,.F.);
#8479=ORIENTED_EDGE('',*,*,#6108,.F.);
#8480=ORIENTED_EDGE('',*,*,#6109,.T.);
#8481=ORIENTED_EDGE('',*,*,#6110,.T.);
#8482=ORIENTED_EDGE('',*,*,#6111,.F.);
#8483=ORIENTED_EDGE('',*,*,#6108,.T.);
#8484=ORIENTED_EDGE('',*,*,#6112,.F.);
#8485=ORIENTED_EDGE('',*,*,#6110,.F.);
#8486=ORIENTED_EDGE('',*,*,#6113,.F.);
#8487=ORIENTED_EDGE('',*,*,#6114,.F.);
#8488=ORIENTED_EDGE('',*,*,#6115,.F.);
#8489=ORIENTED_EDGE('',*,*,#6116,.F.);
#8490=ORIENTED_EDGE('',*,*,#6117,.F.);
#8491=ORIENTED_EDGE('',*,*,#6118,.T.);
#8492=ORIENTED_EDGE('',*,*,#6119,.F.);
#8493=ORIENTED_EDGE('',*,*,#6120,.F.);
#8494=ORIENTED_EDGE('',*,*,#6121,.F.);
#8495=ORIENTED_EDGE('',*,*,#6120,.T.);
#8496=ORIENTED_EDGE('',*,*,#6122,.F.);
#8497=ORIENTED_EDGE('',*,*,#6123,.F.);
#8498=ORIENTED_EDGE('',*,*,#6124,.T.);
#8499=ORIENTED_EDGE('',*,*,#6125,.T.);
#8500=ORIENTED_EDGE('',*,*,#6126,.F.);
#8501=ORIENTED_EDGE('',*,*,#6123,.T.);
#8502=ORIENTED_EDGE('',*,*,#6127,.F.);
#8503=ORIENTED_EDGE('',*,*,#6125,.F.);
#8504=ORIENTED_EDGE('',*,*,#6128,.F.);
#8505=ORIENTED_EDGE('',*,*,#6129,.F.);
#8506=ORIENTED_EDGE('',*,*,#6130,.F.);
#8507=ORIENTED_EDGE('',*,*,#6131,.F.);
#8508=ORIENTED_EDGE('',*,*,#6132,.F.);
#8509=ORIENTED_EDGE('',*,*,#6133,.T.);
#8510=ORIENTED_EDGE('',*,*,#6134,.F.);
#8511=ORIENTED_EDGE('',*,*,#6135,.F.);
#8512=ORIENTED_EDGE('',*,*,#6136,.F.);
#8513=ORIENTED_EDGE('',*,*,#6135,.T.);
#8514=ORIENTED_EDGE('',*,*,#6137,.F.);
#8515=ORIENTED_EDGE('',*,*,#6138,.F.);
#8516=ORIENTED_EDGE('',*,*,#6139,.F.);
#8517=ORIENTED_EDGE('',*,*,#6140,.F.);
#8518=ORIENTED_EDGE('',*,*,#6141,.F.);
#8519=ORIENTED_EDGE('',*,*,#6142,.F.);
#8520=ORIENTED_EDGE('',*,*,#6143,.F.);
#8521=ORIENTED_EDGE('',*,*,#6144,.T.);
#8522=ORIENTED_EDGE('',*,*,#6145,.T.);
#8523=ORIENTED_EDGE('',*,*,#6146,.T.);
#8524=ORIENTED_EDGE('',*,*,#6147,.T.);
#8525=ORIENTED_EDGE('',*,*,#6148,.T.);
#8526=ORIENTED_EDGE('',*,*,#6149,.T.);
#8527=ORIENTED_EDGE('',*,*,#6146,.F.);
#8528=ORIENTED_EDGE('',*,*,#6150,.T.);
#8529=ORIENTED_EDGE('',*,*,#6151,.T.);
#8530=ORIENTED_EDGE('',*,*,#6152,.T.);
#8531=ORIENTED_EDGE('',*,*,#6148,.F.);
#8532=ORIENTED_EDGE('',*,*,#6153,.T.);
#8533=ORIENTED_EDGE('',*,*,#6154,.T.);
#8534=ORIENTED_EDGE('',*,*,#6155,.T.);
#8535=ORIENTED_EDGE('',*,*,#6151,.F.);
#8536=ORIENTED_EDGE('',*,*,#6156,.T.);
#8537=ORIENTED_EDGE('',*,*,#6157,.T.);
#8538=ORIENTED_EDGE('',*,*,#6158,.T.);
#8539=ORIENTED_EDGE('',*,*,#6154,.F.);
#8540=ORIENTED_EDGE('',*,*,#6159,.T.);
#8541=ORIENTED_EDGE('',*,*,#6160,.T.);
#8542=ORIENTED_EDGE('',*,*,#6161,.T.);
#8543=ORIENTED_EDGE('',*,*,#6157,.F.);
#8544=ORIENTED_EDGE('',*,*,#6162,.T.);
#8545=ORIENTED_EDGE('',*,*,#6163,.T.);
#8546=ORIENTED_EDGE('',*,*,#6164,.T.);
#8547=ORIENTED_EDGE('',*,*,#6160,.F.);
#8548=ORIENTED_EDGE('',*,*,#6165,.T.);
#8549=ORIENTED_EDGE('',*,*,#6144,.F.);
#8550=ORIENTED_EDGE('',*,*,#6166,.T.);
#8551=ORIENTED_EDGE('',*,*,#6163,.F.);
#8552=ORIENTED_EDGE('',*,*,#6167,.T.);
#8553=ORIENTED_EDGE('',*,*,#6156,.F.);
#8554=ORIENTED_EDGE('',*,*,#6168,.T.);
#8555=ORIENTED_EDGE('',*,*,#6169,.T.);
#8556=ORIENTED_EDGE('',*,*,#6170,.F.);
#8557=ORIENTED_EDGE('',*,*,#6153,.F.);
#8558=ORIENTED_EDGE('',*,*,#6171,.T.);
#8559=ORIENTED_EDGE('',*,*,#6172,.T.);
#8560=ORIENTED_EDGE('',*,*,#6168,.F.);
#8561=ORIENTED_EDGE('',*,*,#6150,.F.);
#8562=ORIENTED_EDGE('',*,*,#6173,.F.);
#8563=ORIENTED_EDGE('',*,*,#6174,.T.);
#8564=ORIENTED_EDGE('',*,*,#6171,.F.);
#8565=ORIENTED_EDGE('',*,*,#6145,.F.);
#8566=ORIENTED_EDGE('',*,*,#6175,.T.);
#8567=ORIENTED_EDGE('',*,*,#6176,.T.);
#8568=ORIENTED_EDGE('',*,*,#6173,.T.);
#8569=ORIENTED_EDGE('',*,*,#6147,.F.);
#8570=ORIENTED_EDGE('',*,*,#6149,.F.);
#8571=ORIENTED_EDGE('',*,*,#6152,.F.);
#8572=ORIENTED_EDGE('',*,*,#6155,.F.);
#8573=ORIENTED_EDGE('',*,*,#6158,.F.);
#8574=ORIENTED_EDGE('',*,*,#6161,.F.);
#8575=ORIENTED_EDGE('',*,*,#6164,.F.);
#8576=ORIENTED_EDGE('',*,*,#6166,.F.);
#8577=ORIENTED_EDGE('',*,*,#6107,.T.);
#8578=ORIENTED_EDGE('',*,*,#6104,.T.);
#8579=ORIENTED_EDGE('',*,*,#6177,.T.);
#8580=ORIENTED_EDGE('',*,*,#6112,.T.);
#8581=ORIENTED_EDGE('',*,*,#6095,.T.);
#8582=ORIENTED_EDGE('',*,*,#6092,.T.);
#8583=ORIENTED_EDGE('',*,*,#6178,.T.);
#8584=ORIENTED_EDGE('',*,*,#6179,.T.);
#8585=ORIENTED_EDGE('',*,*,#6137,.T.);
#8586=ORIENTED_EDGE('',*,*,#6134,.T.);
#8587=ORIENTED_EDGE('',*,*,#6180,.T.);
#8588=ORIENTED_EDGE('',*,*,#6181,.T.);
#8589=ORIENTED_EDGE('',*,*,#6122,.T.);
#8590=ORIENTED_EDGE('',*,*,#6119,.T.);
#8591=ORIENTED_EDGE('',*,*,#6182,.T.);
#8592=ORIENTED_EDGE('',*,*,#6127,.T.);
#8593=ORIENTED_EDGE('',*,*,#6183,.T.);
#8594=ORIENTED_EDGE('',*,*,#6184,.T.);
#8595=ORIENTED_EDGE('',*,*,#6185,.F.);
#8596=ORIENTED_EDGE('',*,*,#6186,.F.);
#8597=ORIENTED_EDGE('',*,*,#6187,.F.);
#8598=ORIENTED_EDGE('',*,*,#6188,.F.);
#8599=ORIENTED_EDGE('',*,*,#6189,.F.);
#8600=ORIENTED_EDGE('',*,*,#6190,.F.);
#8601=ORIENTED_EDGE('',*,*,#6191,.F.);
#8602=ORIENTED_EDGE('',*,*,#6192,.F.);
#8603=ORIENTED_EDGE('',*,*,#6193,.F.);
#8604=ORIENTED_EDGE('',*,*,#6194,.F.);
#8605=ORIENTED_EDGE('',*,*,#6195,.F.);
#8606=ORIENTED_EDGE('',*,*,#6196,.T.);
#8607=ORIENTED_EDGE('',*,*,#6197,.F.);
#8608=ORIENTED_EDGE('',*,*,#6196,.F.);
#8609=ORIENTED_EDGE('',*,*,#6198,.F.);
#8610=ORIENTED_EDGE('',*,*,#6199,.T.);
#8611=ORIENTED_EDGE('',*,*,#6200,.F.);
#8612=ORIENTED_EDGE('',*,*,#6199,.F.);
#8613=ORIENTED_EDGE('',*,*,#6201,.F.);
#8614=ORIENTED_EDGE('',*,*,#6202,.T.);
#8615=ORIENTED_EDGE('',*,*,#6203,.F.);
#8616=ORIENTED_EDGE('',*,*,#6202,.F.);
#8617=ORIENTED_EDGE('',*,*,#6204,.F.);
#8618=ORIENTED_EDGE('',*,*,#6194,.T.);
#8619=ORIENTED_EDGE('',*,*,#6205,.F.);
#8620=ORIENTED_EDGE('',*,*,#6206,.T.);
#8621=ORIENTED_EDGE('',*,*,#6191,.T.);
#8622=ORIENTED_EDGE('',*,*,#6206,.F.);
#8623=ORIENTED_EDGE('',*,*,#6207,.F.);
#8624=ORIENTED_EDGE('',*,*,#6208,.T.);
#8625=ORIENTED_EDGE('',*,*,#6209,.F.);
#8626=ORIENTED_EDGE('',*,*,#6210,.F.);
#8627=ORIENTED_EDGE('',*,*,#6209,.T.);
#8628=ORIENTED_EDGE('',*,*,#6211,.T.);
#8629=ORIENTED_EDGE('',*,*,#6205,.T.);
#8630=ORIENTED_EDGE('',*,*,#6212,.F.);
#8631=ORIENTED_EDGE('',*,*,#6213,.T.);
#8632=ORIENTED_EDGE('',*,*,#6185,.T.);
#8633=ORIENTED_EDGE('',*,*,#6213,.F.);
#8634=ORIENTED_EDGE('',*,*,#6214,.F.);
#8635=ORIENTED_EDGE('',*,*,#6215,.T.);
#8636=ORIENTED_EDGE('',*,*,#6216,.F.);
#8637=ORIENTED_EDGE('',*,*,#6217,.F.);
#8638=ORIENTED_EDGE('',*,*,#6216,.T.);
#8639=ORIENTED_EDGE('',*,*,#6218,.T.);
#8640=ORIENTED_EDGE('',*,*,#6212,.T.);
#8641=ORIENTED_EDGE('',*,*,#6219,.F.);
#8642=ORIENTED_EDGE('',*,*,#6220,.T.);
#8643=ORIENTED_EDGE('',*,*,#6187,.T.);
#8644=ORIENTED_EDGE('',*,*,#6220,.F.);
#8645=ORIENTED_EDGE('',*,*,#6221,.F.);
#8646=ORIENTED_EDGE('',*,*,#6222,.T.);
#8647=ORIENTED_EDGE('',*,*,#6223,.F.);
#8648=ORIENTED_EDGE('',*,*,#6224,.F.);
#8649=ORIENTED_EDGE('',*,*,#6223,.T.);
#8650=ORIENTED_EDGE('',*,*,#6225,.T.);
#8651=ORIENTED_EDGE('',*,*,#6219,.T.);
#8652=ORIENTED_EDGE('',*,*,#6226,.F.);
#8653=ORIENTED_EDGE('',*,*,#6227,.T.);
#8654=ORIENTED_EDGE('',*,*,#6188,.T.);
#8655=ORIENTED_EDGE('',*,*,#6227,.F.);
#8656=ORIENTED_EDGE('',*,*,#6228,.F.);
#8657=ORIENTED_EDGE('',*,*,#6229,.T.);
#8658=ORIENTED_EDGE('',*,*,#6230,.F.);
#8659=ORIENTED_EDGE('',*,*,#6231,.F.);
#8660=ORIENTED_EDGE('',*,*,#6230,.T.);
#8661=ORIENTED_EDGE('',*,*,#6232,.T.);
#8662=ORIENTED_EDGE('',*,*,#6226,.T.);
#8663=ORIENTED_EDGE('',*,*,#6233,.F.);
#8664=ORIENTED_EDGE('',*,*,#6234,.T.);
#8665=ORIENTED_EDGE('',*,*,#6190,.T.);
#8666=ORIENTED_EDGE('',*,*,#6234,.F.);
#8667=ORIENTED_EDGE('',*,*,#6235,.F.);
#8668=ORIENTED_EDGE('',*,*,#6236,.T.);
#8669=ORIENTED_EDGE('',*,*,#6237,.F.);
#8670=ORIENTED_EDGE('',*,*,#6238,.F.);
#8671=ORIENTED_EDGE('',*,*,#6237,.T.);
#8672=ORIENTED_EDGE('',*,*,#6239,.T.);
#8673=ORIENTED_EDGE('',*,*,#6233,.T.);
#8674=ORIENTED_EDGE('',*,*,#6240,.F.);
#8675=ORIENTED_EDGE('',*,*,#6241,.T.);
#8676=ORIENTED_EDGE('',*,*,#6189,.T.);
#8677=ORIENTED_EDGE('',*,*,#6241,.F.);
#8678=ORIENTED_EDGE('',*,*,#6242,.F.);
#8679=ORIENTED_EDGE('',*,*,#6243,.T.);
#8680=ORIENTED_EDGE('',*,*,#6244,.F.);
#8681=ORIENTED_EDGE('',*,*,#6245,.F.);
#8682=ORIENTED_EDGE('',*,*,#6244,.T.);
#8683=ORIENTED_EDGE('',*,*,#6246,.T.);
#8684=ORIENTED_EDGE('',*,*,#6240,.T.);
#8685=ORIENTED_EDGE('',*,*,#6247,.F.);
#8686=ORIENTED_EDGE('',*,*,#6248,.T.);
#8687=ORIENTED_EDGE('',*,*,#6192,.T.);
#8688=ORIENTED_EDGE('',*,*,#6248,.F.);
#8689=ORIENTED_EDGE('',*,*,#6249,.F.);
#8690=ORIENTED_EDGE('',*,*,#6250,.T.);
#8691=ORIENTED_EDGE('',*,*,#6251,.F.);
#8692=ORIENTED_EDGE('',*,*,#6252,.F.);
#8693=ORIENTED_EDGE('',*,*,#6251,.T.);
#8694=ORIENTED_EDGE('',*,*,#6253,.T.);
#8695=ORIENTED_EDGE('',*,*,#6247,.T.);
#8696=ORIENTED_EDGE('',*,*,#6254,.F.);
#8697=ORIENTED_EDGE('',*,*,#6255,.T.);
#8698=ORIENTED_EDGE('',*,*,#6186,.T.);
#8699=ORIENTED_EDGE('',*,*,#6255,.F.);
#8700=ORIENTED_EDGE('',*,*,#6256,.F.);
#8701=ORIENTED_EDGE('',*,*,#6257,.T.);
#8702=ORIENTED_EDGE('',*,*,#6258,.F.);
#8703=ORIENTED_EDGE('',*,*,#6259,.F.);
#8704=ORIENTED_EDGE('',*,*,#6258,.T.);
#8705=ORIENTED_EDGE('',*,*,#6260,.T.);
#8706=ORIENTED_EDGE('',*,*,#6254,.T.);
#8707=ORIENTED_EDGE('',*,*,#6176,.F.);
#8708=ORIENTED_EDGE('',*,*,#6261,.F.);
#8709=ORIENTED_EDGE('',*,*,#6262,.F.);
#8710=ORIENTED_EDGE('',*,*,#6263,.F.);
#8711=ORIENTED_EDGE('',*,*,#6264,.F.);
#8712=ORIENTED_EDGE('',*,*,#6169,.F.);
#8713=ORIENTED_EDGE('',*,*,#6172,.F.);
#8714=ORIENTED_EDGE('',*,*,#6174,.F.);
#8715=ORIENTED_EDGE('',*,*,#6265,.F.);
#8716=ORIENTED_EDGE('',*,*,#6266,.F.);
#8717=ORIENTED_EDGE('',*,*,#6267,.F.);
#8718=ORIENTED_EDGE('',*,*,#6268,.F.);
#8719=ORIENTED_EDGE('',*,*,#6269,.F.);
#8720=ORIENTED_EDGE('',*,*,#6270,.F.);
#8721=ORIENTED_EDGE('',*,*,#6271,.F.);
#8722=ORIENTED_EDGE('',*,*,#6272,.F.);
#8723=ORIENTED_EDGE('',*,*,#6273,.F.);
#8724=ORIENTED_EDGE('',*,*,#6274,.F.);
#8725=ORIENTED_EDGE('',*,*,#6275,.F.);
#8726=ORIENTED_EDGE('',*,*,#6276,.F.);
#8727=ORIENTED_EDGE('',*,*,#6277,.F.);
#8728=ORIENTED_EDGE('',*,*,#6278,.F.);
#8729=ORIENTED_EDGE('',*,*,#6279,.F.);
#8730=ORIENTED_EDGE('',*,*,#6280,.F.);
#8731=ORIENTED_EDGE('',*,*,#6273,.T.);
#8732=ORIENTED_EDGE('',*,*,#6281,.F.);
#8733=ORIENTED_EDGE('',*,*,#6140,.T.);
#8734=ORIENTED_EDGE('',*,*,#6282,.F.);
#8735=ORIENTED_EDGE('',*,*,#6180,.F.);
#8736=ORIENTED_EDGE('',*,*,#6133,.F.);
#8737=ORIENTED_EDGE('',*,*,#6283,.F.);
#8738=ORIENTED_EDGE('',*,*,#6126,.T.);
#8739=ORIENTED_EDGE('',*,*,#6284,.T.);
#8740=ORIENTED_EDGE('',*,*,#6141,.T.);
#8741=ORIENTED_EDGE('',*,*,#6281,.T.);
#8742=ORIENTED_EDGE('',*,*,#6272,.T.);
#8743=ORIENTED_EDGE('',*,*,#6285,.F.);
#8744=ORIENTED_EDGE('',*,*,#6142,.T.);
#8745=ORIENTED_EDGE('',*,*,#6285,.T.);
#8746=ORIENTED_EDGE('',*,*,#6271,.T.);
#8747=ORIENTED_EDGE('',*,*,#6286,.F.);
#8748=ORIENTED_EDGE('',*,*,#6270,.T.);
#8749=ORIENTED_EDGE('',*,*,#6287,.F.);
#8750=ORIENTED_EDGE('',*,*,#6113,.T.);
#8751=ORIENTED_EDGE('',*,*,#6109,.F.);
#8752=ORIENTED_EDGE('',*,*,#6177,.F.);
#8753=ORIENTED_EDGE('',*,*,#6103,.F.);
#8754=ORIENTED_EDGE('',*,*,#6288,.F.);
#8755=ORIENTED_EDGE('',*,*,#6138,.T.);
#8756=ORIENTED_EDGE('',*,*,#6181,.F.);
#8757=ORIENTED_EDGE('',*,*,#6282,.T.);
#8758=ORIENTED_EDGE('',*,*,#6139,.T.);
#8759=ORIENTED_EDGE('',*,*,#6286,.T.);
#8760=ORIENTED_EDGE('',*,*,#6114,.T.);
#8761=ORIENTED_EDGE('',*,*,#6287,.T.);
#8762=ORIENTED_EDGE('',*,*,#6269,.T.);
#8763=ORIENTED_EDGE('',*,*,#6289,.F.);
#8764=ORIENTED_EDGE('',*,*,#6115,.T.);
#8765=ORIENTED_EDGE('',*,*,#6289,.T.);
#8766=ORIENTED_EDGE('',*,*,#6268,.T.);
#8767=ORIENTED_EDGE('',*,*,#6290,.F.);
#8768=ORIENTED_EDGE('',*,*,#6162,.F.);
#8769=ORIENTED_EDGE('',*,*,#6291,.T.);
#8770=ORIENTED_EDGE('',*,*,#6263,.T.);
#8771=ORIENTED_EDGE('',*,*,#6292,.F.);
#8772=ORIENTED_EDGE('',*,*,#6165,.F.);
#8773=ORIENTED_EDGE('',*,*,#6292,.T.);
#8774=ORIENTED_EDGE('',*,*,#6262,.T.);
#8775=ORIENTED_EDGE('',*,*,#6293,.F.);
#8776=ORIENTED_EDGE('',*,*,#6201,.T.);
#8777=ORIENTED_EDGE('',*,*,#6198,.T.);
#8778=ORIENTED_EDGE('',*,*,#6195,.T.);
#8779=ORIENTED_EDGE('',*,*,#6204,.T.);
#8780=ORIENTED_EDGE('',*,*,#6167,.F.);
#8781=ORIENTED_EDGE('',*,*,#6293,.T.);
#8782=ORIENTED_EDGE('',*,*,#6261,.T.);
#8783=ORIENTED_EDGE('',*,*,#6175,.F.);
#8784=ORIENTED_EDGE('',*,*,#6129,.T.);
#8785=ORIENTED_EDGE('',*,*,#6294,.T.);
#8786=ORIENTED_EDGE('',*,*,#6275,.T.);
#8787=ORIENTED_EDGE('',*,*,#6295,.F.);
#8788=ORIENTED_EDGE('',*,*,#6276,.T.);
#8789=ORIENTED_EDGE('',*,*,#6294,.F.);
#8790=ORIENTED_EDGE('',*,*,#6128,.T.);
#8791=ORIENTED_EDGE('',*,*,#6124,.F.);
#8792=ORIENTED_EDGE('',*,*,#6182,.F.);
#8793=ORIENTED_EDGE('',*,*,#6118,.F.);
#8794=ORIENTED_EDGE('',*,*,#6296,.F.);
#8795=ORIENTED_EDGE('',*,*,#6096,.T.);
#8796=ORIENTED_EDGE('',*,*,#6179,.F.);
#8797=ORIENTED_EDGE('',*,*,#6297,.T.);
#8798=ORIENTED_EDGE('',*,*,#6097,.T.);
#8799=ORIENTED_EDGE('',*,*,#6298,.T.);
#8800=ORIENTED_EDGE('',*,*,#6100,.T.);
#8801=ORIENTED_EDGE('',*,*,#6299,.T.);
#8802=ORIENTED_EDGE('',*,*,#6277,.T.);
#8803=ORIENTED_EDGE('',*,*,#6298,.F.);
#8804=ORIENTED_EDGE('',*,*,#6099,.T.);
#8805=ORIENTED_EDGE('',*,*,#6300,.T.);
#8806=ORIENTED_EDGE('',*,*,#6278,.T.);
#8807=ORIENTED_EDGE('',*,*,#6299,.F.);
#8808=ORIENTED_EDGE('',*,*,#6279,.T.);
#8809=ORIENTED_EDGE('',*,*,#6300,.F.);
#8810=ORIENTED_EDGE('',*,*,#6098,.T.);
#8811=ORIENTED_EDGE('',*,*,#6297,.F.);
#8812=ORIENTED_EDGE('',*,*,#6178,.F.);
#8813=ORIENTED_EDGE('',*,*,#6091,.F.);
#8814=ORIENTED_EDGE('',*,*,#6301,.F.);
#8815=ORIENTED_EDGE('',*,*,#6111,.T.);
#8816=ORIENTED_EDGE('',*,*,#6290,.T.);
#8817=ORIENTED_EDGE('',*,*,#6200,.T.);
#8818=ORIENTED_EDGE('',*,*,#6203,.T.);
#8819=ORIENTED_EDGE('',*,*,#6193,.T.);
#8820=ORIENTED_EDGE('',*,*,#6197,.T.);
#8821=ORIENTED_EDGE('',*,*,#6280,.T.);
#8822=ORIENTED_EDGE('',*,*,#6302,.T.);
#8823=ORIENTED_EDGE('',*,*,#6116,.T.);
#8824=ORIENTED_EDGE('',*,*,#6302,.F.);
#8825=ORIENTED_EDGE('',*,*,#6130,.T.);
#8826=ORIENTED_EDGE('',*,*,#6295,.T.);
#8827=ORIENTED_EDGE('',*,*,#6274,.T.);
#8828=ORIENTED_EDGE('',*,*,#6284,.F.);
#8829=ORIENTED_EDGE('',*,*,#6267,.T.);
#8830=ORIENTED_EDGE('',*,*,#6303,.T.);
#8831=ORIENTED_EDGE('',*,*,#6131,.T.);
#8832=ORIENTED_EDGE('',*,*,#6303,.F.);
#8833=ORIENTED_EDGE('',*,*,#6266,.T.);
#8834=ORIENTED_EDGE('',*,*,#6304,.T.);
#8835=ORIENTED_EDGE('',*,*,#6101,.T.);
#8836=ORIENTED_EDGE('',*,*,#6304,.F.);
#8837=ORIENTED_EDGE('',*,*,#6265,.T.);
#8838=ORIENTED_EDGE('',*,*,#6305,.T.);
#8839=ORIENTED_EDGE('',*,*,#6143,.T.);
#8840=ORIENTED_EDGE('',*,*,#6305,.F.);
#8841=ORIENTED_EDGE('',*,*,#6159,.F.);
#8842=ORIENTED_EDGE('',*,*,#6170,.T.);
#8843=ORIENTED_EDGE('',*,*,#6264,.T.);
#8844=ORIENTED_EDGE('',*,*,#6291,.F.);
#8845=ORIENTED_EDGE('',*,*,#6306,.F.);
#8846=ORIENTED_EDGE('',*,*,#6245,.T.);
#8847=ORIENTED_EDGE('',*,*,#6246,.F.);
#8848=ORIENTED_EDGE('',*,*,#6243,.F.);
#8849=ORIENTED_EDGE('',*,*,#6307,.F.);
#8850=ORIENTED_EDGE('',*,*,#6252,.T.);
#8851=ORIENTED_EDGE('',*,*,#6253,.F.);
#8852=ORIENTED_EDGE('',*,*,#6250,.F.);
#8853=ORIENTED_EDGE('',*,*,#6308,.F.);
#8854=ORIENTED_EDGE('',*,*,#6231,.T.);
#8855=ORIENTED_EDGE('',*,*,#6232,.F.);
#8856=ORIENTED_EDGE('',*,*,#6229,.F.);
#8857=ORIENTED_EDGE('',*,*,#6309,.F.);
#8858=ORIENTED_EDGE('',*,*,#6310,.T.);
#8859=ORIENTED_EDGE('',*,*,#6184,.F.);
#8860=ORIENTED_EDGE('',*,*,#6310,.F.);
#8861=ORIENTED_EDGE('',*,*,#6311,.F.);
#8862=ORIENTED_EDGE('',*,*,#6217,.T.);
#8863=ORIENTED_EDGE('',*,*,#6218,.F.);
#8864=ORIENTED_EDGE('',*,*,#6215,.F.);
#8865=ORIENTED_EDGE('',*,*,#6312,.F.);
#8866=ORIENTED_EDGE('',*,*,#6238,.T.);
#8867=ORIENTED_EDGE('',*,*,#6239,.F.);
#8868=ORIENTED_EDGE('',*,*,#6236,.F.);
#8869=ORIENTED_EDGE('',*,*,#6313,.F.);
#8870=ORIENTED_EDGE('',*,*,#6314,.T.);
#8871=ORIENTED_EDGE('',*,*,#6183,.F.);
#8872=ORIENTED_EDGE('',*,*,#6314,.F.);
#8873=ORIENTED_EDGE('',*,*,#6315,.F.);
#8874=ORIENTED_EDGE('',*,*,#6259,.T.);
#8875=ORIENTED_EDGE('',*,*,#6260,.F.);
#8876=ORIENTED_EDGE('',*,*,#6257,.F.);
#8877=ORIENTED_EDGE('',*,*,#6316,.F.);
#8878=ORIENTED_EDGE('',*,*,#6224,.T.);
#8879=ORIENTED_EDGE('',*,*,#6225,.F.);
#8880=ORIENTED_EDGE('',*,*,#6222,.F.);
#8881=ORIENTED_EDGE('',*,*,#6317,.F.);
#8882=ORIENTED_EDGE('',*,*,#6210,.T.);
#8883=ORIENTED_EDGE('',*,*,#6211,.F.);
#8884=ORIENTED_EDGE('',*,*,#6208,.F.);
#8885=ORIENTED_EDGE('',*,*,#6106,.T.);
#8886=ORIENTED_EDGE('',*,*,#6301,.T.);
#8887=ORIENTED_EDGE('',*,*,#6090,.T.);
#8888=ORIENTED_EDGE('',*,*,#6094,.T.);
#8889=ORIENTED_EDGE('',*,*,#6296,.T.);
#8890=ORIENTED_EDGE('',*,*,#6117,.T.);
#8891=ORIENTED_EDGE('',*,*,#6121,.T.);
#8892=ORIENTED_EDGE('',*,*,#6283,.T.);
#8893=ORIENTED_EDGE('',*,*,#6132,.T.);
#8894=ORIENTED_EDGE('',*,*,#6136,.T.);
#8895=ORIENTED_EDGE('',*,*,#6288,.T.);
#8896=ORIENTED_EDGE('',*,*,#6102,.T.);
#8897=ORIENTED_EDGE('',*,*,#6207,.T.);
#8898=ORIENTED_EDGE('',*,*,#6317,.T.);
#8899=ORIENTED_EDGE('',*,*,#6221,.T.);
#8900=ORIENTED_EDGE('',*,*,#6316,.T.);
#8901=ORIENTED_EDGE('',*,*,#6256,.T.);
#8902=ORIENTED_EDGE('',*,*,#6315,.T.);
#8903=ORIENTED_EDGE('',*,*,#6313,.T.);
#8904=ORIENTED_EDGE('',*,*,#6235,.T.);
#8905=ORIENTED_EDGE('',*,*,#6312,.T.);
#8906=ORIENTED_EDGE('',*,*,#6228,.T.);
#8907=ORIENTED_EDGE('',*,*,#6308,.T.);
#8908=ORIENTED_EDGE('',*,*,#6249,.T.);
#8909=ORIENTED_EDGE('',*,*,#6307,.T.);
#8910=ORIENTED_EDGE('',*,*,#6242,.T.);
#8911=ORIENTED_EDGE('',*,*,#6306,.T.);
#8912=ORIENTED_EDGE('',*,*,#6214,.T.);
#8913=ORIENTED_EDGE('',*,*,#6311,.T.);
#8914=ORIENTED_EDGE('',*,*,#6309,.T.);
#8915=ORIENTED_EDGE('',*,*,#6318,.F.);
#8916=ORIENTED_EDGE('',*,*,#6319,.T.);
#8917=ORIENTED_EDGE('',*,*,#6320,.T.);
#8918=ORIENTED_EDGE('',*,*,#6319,.F.);
#8919=ORIENTED_EDGE('',*,*,#6320,.F.);
#8920=ORIENTED_EDGE('',*,*,#6321,.F.);
#8921=ORIENTED_EDGE('',*,*,#6322,.F.);
#8922=ORIENTED_EDGE('',*,*,#6323,.F.);
#8923=ORIENTED_EDGE('',*,*,#6324,.F.);
#8924=ORIENTED_EDGE('',*,*,#6325,.F.);
#8925=ORIENTED_EDGE('',*,*,#6326,.F.);
#8926=ORIENTED_EDGE('',*,*,#6327,.T.);
#8927=ORIENTED_EDGE('',*,*,#6325,.T.);
#8928=ORIENTED_EDGE('',*,*,#6327,.F.);
#8929=ORIENTED_EDGE('',*,*,#6328,.F.);
#8930=ORIENTED_EDGE('',*,*,#6329,.T.);
#8931=ORIENTED_EDGE('',*,*,#6324,.T.);
#8932=ORIENTED_EDGE('',*,*,#6329,.F.);
#8933=ORIENTED_EDGE('',*,*,#6330,.F.);
#8934=ORIENTED_EDGE('',*,*,#6331,.T.);
#8935=ORIENTED_EDGE('',*,*,#6322,.T.);
#8936=ORIENTED_EDGE('',*,*,#6331,.F.);
#8937=ORIENTED_EDGE('',*,*,#6332,.F.);
#8938=ORIENTED_EDGE('',*,*,#6333,.T.);
#8939=ORIENTED_EDGE('',*,*,#6323,.T.);
#8940=ORIENTED_EDGE('',*,*,#6333,.F.);
#8941=ORIENTED_EDGE('',*,*,#6334,.F.);
#8942=ORIENTED_EDGE('',*,*,#6335,.T.);
#8943=ORIENTED_EDGE('',*,*,#6321,.T.);
#8944=ORIENTED_EDGE('',*,*,#6335,.F.);
#8945=ORIENTED_EDGE('',*,*,#6336,.F.);
#8946=ORIENTED_EDGE('',*,*,#6337,.F.);
#8947=ORIENTED_EDGE('',*,*,#6338,.F.);
#8948=ORIENTED_EDGE('',*,*,#6339,.F.);
#8949=ORIENTED_EDGE('',*,*,#6326,.T.);
#8950=ORIENTED_EDGE('',*,*,#6328,.T.);
#8951=ORIENTED_EDGE('',*,*,#6330,.T.);
#8952=ORIENTED_EDGE('',*,*,#6332,.T.);
#8953=ORIENTED_EDGE('',*,*,#6334,.T.);
#8954=ORIENTED_EDGE('',*,*,#6340,.F.);
#8955=ORIENTED_EDGE('',*,*,#6341,.F.);
#8956=ORIENTED_EDGE('',*,*,#6342,.F.);
#8957=ORIENTED_EDGE('',*,*,#6343,.F.);
#8958=ORIENTED_EDGE('',*,*,#6337,.T.);
#8959=ORIENTED_EDGE('',*,*,#6344,.F.);
#8960=ORIENTED_EDGE('',*,*,#6345,.T.);
#8961=ORIENTED_EDGE('',*,*,#6346,.T.);
#8962=ORIENTED_EDGE('',*,*,#6336,.T.);
#8963=ORIENTED_EDGE('',*,*,#6347,.F.);
#8964=ORIENTED_EDGE('',*,*,#6348,.T.);
#8965=ORIENTED_EDGE('',*,*,#6344,.T.);
#8966=ORIENTED_EDGE('',*,*,#6349,.F.);
#8967=ORIENTED_EDGE('',*,*,#6350,.T.);
#8968=ORIENTED_EDGE('',*,*,#6351,.F.);
#8969=ORIENTED_EDGE('',*,*,#6352,.T.);
#8970=ORIENTED_EDGE('',*,*,#6353,.F.);
#8971=ORIENTED_EDGE('',*,*,#6354,.T.);
#8972=ORIENTED_EDGE('',*,*,#6355,.T.);
#8973=ORIENTED_EDGE('',*,*,#6356,.T.);
#8974=ORIENTED_EDGE('',*,*,#6357,.T.);
#8975=ORIENTED_EDGE('',*,*,#6358,.T.);
#8976=ORIENTED_EDGE('',*,*,#6351,.T.);
#8977=ORIENTED_EDGE('',*,*,#6359,.T.);
#8978=ORIENTED_EDGE('',*,*,#6360,.F.);
#8979=ORIENTED_EDGE('',*,*,#6361,.F.);
#8980=ORIENTED_EDGE('',*,*,#6362,.F.);
#8981=ORIENTED_EDGE('',*,*,#6363,.T.);
#8982=ORIENTED_EDGE('',*,*,#6364,.F.);
#8983=ORIENTED_EDGE('',*,*,#6365,.T.);
#8984=ORIENTED_EDGE('',*,*,#6366,.F.);
#8985=ORIENTED_EDGE('',*,*,#6364,.T.);
#8986=ORIENTED_EDGE('',*,*,#6367,.T.);
#8987=ORIENTED_EDGE('',*,*,#6368,.F.);
#8988=ORIENTED_EDGE('',*,*,#6369,.F.);
#8989=ORIENTED_EDGE('',*,*,#6370,.F.);
#8990=ORIENTED_EDGE('',*,*,#6371,.F.);
#8991=ORIENTED_EDGE('',*,*,#6366,.T.);
#8992=ORIENTED_EDGE('',*,*,#6372,.T.);
#8993=ORIENTED_EDGE('',*,*,#6373,.F.);
#8994=ORIENTED_EDGE('',*,*,#6374,.F.);
#8995=ORIENTED_EDGE('',*,*,#6375,.F.);
#8996=ORIENTED_EDGE('',*,*,#6376,.F.);
#8997=ORIENTED_EDGE('',*,*,#6377,.T.);
#8998=ORIENTED_EDGE('',*,*,#6341,.T.);
#8999=ORIENTED_EDGE('',*,*,#6378,.F.);
#9000=ORIENTED_EDGE('',*,*,#6379,.F.);
#9001=ORIENTED_EDGE('',*,*,#6359,.F.);
#9002=ORIENTED_EDGE('',*,*,#6350,.F.);
#9003=ORIENTED_EDGE('',*,*,#6380,.T.);
#9004=ORIENTED_EDGE('',*,*,#6381,.F.);
#9005=ORIENTED_EDGE('',*,*,#6375,.T.);
#9006=ORIENTED_EDGE('',*,*,#6340,.T.);
#9007=ORIENTED_EDGE('',*,*,#6382,.F.);
#9008=ORIENTED_EDGE('',*,*,#6383,.T.);
#9009=ORIENTED_EDGE('',*,*,#6370,.T.);
#9010=ORIENTED_EDGE('',*,*,#6383,.F.);
#9011=ORIENTED_EDGE('',*,*,#6384,.F.);
#9012=ORIENTED_EDGE('',*,*,#6385,.T.);
#9013=ORIENTED_EDGE('',*,*,#6349,.T.);
#9014=ORIENTED_EDGE('',*,*,#6385,.F.);
#9015=ORIENTED_EDGE('',*,*,#6353,.T.);
#9016=ORIENTED_EDGE('',*,*,#6386,.T.);
#9017=ORIENTED_EDGE('',*,*,#6387,.F.);
#9018=ORIENTED_EDGE('',*,*,#6380,.F.);
#9019=ORIENTED_EDGE('',*,*,#6357,.F.);
#9020=ORIENTED_EDGE('',*,*,#6388,.T.);
#9021=ORIENTED_EDGE('',*,*,#6389,.F.);
#9022=ORIENTED_EDGE('',*,*,#6390,.F.);
#9023=ORIENTED_EDGE('',*,*,#6354,.F.);
#9024=ORIENTED_EDGE('',*,*,#6390,.T.);
#9025=ORIENTED_EDGE('',*,*,#6391,.F.);
#9026=ORIENTED_EDGE('',*,*,#6386,.F.);
#9027=ORIENTED_EDGE('',*,*,#6352,.F.);
#9028=ORIENTED_EDGE('',*,*,#6361,.T.);
#9029=ORIENTED_EDGE('',*,*,#6392,.F.);
#9030=ORIENTED_EDGE('',*,*,#6393,.F.);
#9031=ORIENTED_EDGE('',*,*,#6391,.T.);
#9032=ORIENTED_EDGE('',*,*,#6389,.T.);
#9033=ORIENTED_EDGE('',*,*,#6394,.T.);
#9034=ORIENTED_EDGE('',*,*,#6373,.T.);
#9035=ORIENTED_EDGE('',*,*,#6395,.T.);
#9036=ORIENTED_EDGE('',*,*,#6376,.T.);
#9037=ORIENTED_EDGE('',*,*,#6381,.T.);
#9038=ORIENTED_EDGE('',*,*,#6387,.T.);
#9039=ORIENTED_EDGE('',*,*,#6384,.T.);
#9040=ORIENTED_EDGE('',*,*,#6382,.T.);
#9041=ORIENTED_EDGE('',*,*,#6355,.F.);
#9042=ORIENTED_EDGE('',*,*,#6393,.T.);
#9043=ORIENTED_EDGE('',*,*,#6396,.F.);
#9044=ORIENTED_EDGE('',*,*,#6397,.F.);
#9045=ORIENTED_EDGE('',*,*,#6398,.F.);
#9046=ORIENTED_EDGE('',*,*,#6399,.F.);
#9047=ORIENTED_EDGE('',*,*,#6378,.T.);
#9048=ORIENTED_EDGE('',*,*,#6343,.T.);
#9049=ORIENTED_EDGE('',*,*,#6400,.F.);
#9050=ORIENTED_EDGE('',*,*,#6401,.T.);
#9051=ORIENTED_EDGE('',*,*,#6371,.T.);
#9052=ORIENTED_EDGE('',*,*,#6401,.F.);
#9053=ORIENTED_EDGE('',*,*,#6402,.F.);
#9054=ORIENTED_EDGE('',*,*,#6403,.T.);
#9055=ORIENTED_EDGE('',*,*,#6362,.T.);
#9056=ORIENTED_EDGE('',*,*,#6403,.F.);
#9057=ORIENTED_EDGE('',*,*,#6356,.F.);
#9058=ORIENTED_EDGE('',*,*,#6397,.T.);
#9059=ORIENTED_EDGE('',*,*,#6404,.F.);
#9060=ORIENTED_EDGE('',*,*,#6367,.F.);
#9061=ORIENTED_EDGE('',*,*,#6363,.F.);
#9062=ORIENTED_EDGE('',*,*,#6374,.T.);
#9063=ORIENTED_EDGE('',*,*,#6394,.F.);
#9064=ORIENTED_EDGE('',*,*,#6388,.F.);
#9065=ORIENTED_EDGE('',*,*,#6377,.F.);
#9066=ORIENTED_EDGE('',*,*,#6395,.F.);
#9067=ORIENTED_EDGE('',*,*,#6372,.F.);
#9068=ORIENTED_EDGE('',*,*,#6365,.F.);
#9069=ORIENTED_EDGE('',*,*,#6369,.T.);
#9070=ORIENTED_EDGE('',*,*,#6405,.F.);
#9071=ORIENTED_EDGE('',*,*,#6398,.T.);
#9072=ORIENTED_EDGE('',*,*,#6342,.T.);
#9073=ORIENTED_EDGE('',*,*,#6405,.T.);
#9074=ORIENTED_EDGE('',*,*,#6368,.T.);
#9075=ORIENTED_EDGE('',*,*,#6404,.T.);
#9076=ORIENTED_EDGE('',*,*,#6396,.T.);
#9077=ORIENTED_EDGE('',*,*,#6392,.T.);
#9078=ORIENTED_EDGE('',*,*,#6360,.T.);
#9079=ORIENTED_EDGE('',*,*,#6379,.T.);
#9080=ORIENTED_EDGE('',*,*,#6399,.T.);
#9081=ORIENTED_EDGE('',*,*,#6402,.T.);
#9082=ORIENTED_EDGE('',*,*,#6400,.T.);
#9083=ORIENTED_EDGE('',*,*,#6358,.F.);
#9084=ORIENTED_EDGE('',*,*,#6406,.T.);
#9085=ORIENTED_EDGE('',*,*,#6407,.T.);
#9086=ORIENTED_EDGE('',*,*,#6406,.F.);
#9087=ORIENTED_EDGE('',*,*,#6339,.T.);
#9088=ORIENTED_EDGE('',*,*,#6408,.F.);
#9089=ORIENTED_EDGE('',*,*,#6409,.T.);
#9090=ORIENTED_EDGE('',*,*,#6347,.T.);
#9091=ORIENTED_EDGE('',*,*,#6338,.T.);
#9092=ORIENTED_EDGE('',*,*,#6346,.F.);
#9093=ORIENTED_EDGE('',*,*,#6410,.T.);
#9094=ORIENTED_EDGE('',*,*,#6408,.T.);
#9095=ORIENTED_EDGE('',*,*,#6348,.F.);
#9096=ORIENTED_EDGE('',*,*,#6409,.F.);
#9097=ORIENTED_EDGE('',*,*,#6410,.F.);
#9098=ORIENTED_EDGE('',*,*,#6345,.F.);
#9099=ORIENTED_EDGE('',*,*,#6318,.T.);
#9100=ORIENTED_EDGE('',*,*,#6407,.F.);
#9101=ORIENTED_EDGE('',*,*,#6411,.F.);
#9102=ORIENTED_EDGE('',*,*,#6412,.T.);
#9103=ORIENTED_EDGE('',*,*,#6413,.T.);
#9104=ORIENTED_EDGE('',*,*,#6412,.F.);
#9105=ORIENTED_EDGE('',*,*,#6414,.F.);
#9106=ORIENTED_EDGE('',*,*,#6415,.T.);
#9107=ORIENTED_EDGE('',*,*,#6416,.T.);
#9108=ORIENTED_EDGE('',*,*,#6415,.F.);
#9109=ORIENTED_EDGE('',*,*,#6414,.T.);
#9110=ORIENTED_EDGE('',*,*,#6411,.T.);
#9111=ORIENTED_EDGE('',*,*,#6416,.F.);
#9112=ORIENTED_EDGE('',*,*,#6413,.F.);
#9113=ORIENTED_EDGE('',*,*,#6417,.F.);
#9114=ORIENTED_EDGE('',*,*,#6418,.T.);
#9115=ORIENTED_EDGE('',*,*,#6419,.T.);
#9116=ORIENTED_EDGE('',*,*,#6418,.F.);
#9117=ORIENTED_EDGE('',*,*,#6420,.F.);
#9118=ORIENTED_EDGE('',*,*,#6421,.T.);
#9119=ORIENTED_EDGE('',*,*,#6422,.T.);
#9120=ORIENTED_EDGE('',*,*,#6421,.F.);
#9121=ORIENTED_EDGE('',*,*,#6420,.T.);
#9122=ORIENTED_EDGE('',*,*,#6417,.T.);
#9123=ORIENTED_EDGE('',*,*,#6422,.F.);
#9124=ORIENTED_EDGE('',*,*,#6419,.F.);
#9125=ORIENTED_EDGE('',*,*,#6423,.F.);
#9126=ORIENTED_EDGE('',*,*,#6424,.T.);
#9127=ORIENTED_EDGE('',*,*,#6425,.T.);
#9128=ORIENTED_EDGE('',*,*,#6424,.F.);
#9129=ORIENTED_EDGE('',*,*,#6426,.F.);
#9130=ORIENTED_EDGE('',*,*,#6427,.T.);
#9131=ORIENTED_EDGE('',*,*,#6428,.T.);
#9132=ORIENTED_EDGE('',*,*,#6427,.F.);
#9133=ORIENTED_EDGE('',*,*,#6426,.T.);
#9134=ORIENTED_EDGE('',*,*,#6423,.T.);
#9135=ORIENTED_EDGE('',*,*,#6428,.F.);
#9136=ORIENTED_EDGE('',*,*,#6425,.F.);
#9137=ORIENTED_EDGE('',*,*,#6429,.F.);
#9138=ORIENTED_EDGE('',*,*,#6430,.T.);
#9139=ORIENTED_EDGE('',*,*,#6431,.T.);
#9140=ORIENTED_EDGE('',*,*,#6430,.F.);
#9141=ORIENTED_EDGE('',*,*,#6432,.F.);
#9142=ORIENTED_EDGE('',*,*,#6433,.T.);
#9143=ORIENTED_EDGE('',*,*,#6434,.T.);
#9144=ORIENTED_EDGE('',*,*,#6433,.F.);
#9145=ORIENTED_EDGE('',*,*,#6432,.T.);
#9146=ORIENTED_EDGE('',*,*,#6429,.T.);
#9147=ORIENTED_EDGE('',*,*,#6434,.F.);
#9148=ORIENTED_EDGE('',*,*,#6431,.F.);
#9149=ORIENTED_EDGE('',*,*,#6435,.F.);
#9150=ORIENTED_EDGE('',*,*,#6436,.T.);
#9151=ORIENTED_EDGE('',*,*,#6437,.T.);
#9152=ORIENTED_EDGE('',*,*,#6436,.F.);
#9153=ORIENTED_EDGE('',*,*,#6438,.F.);
#9154=ORIENTED_EDGE('',*,*,#6439,.T.);
#9155=ORIENTED_EDGE('',*,*,#6440,.T.);
#9156=ORIENTED_EDGE('',*,*,#6439,.F.);
#9157=ORIENTED_EDGE('',*,*,#6438,.T.);
#9158=ORIENTED_EDGE('',*,*,#6435,.T.);
#9159=ORIENTED_EDGE('',*,*,#6440,.F.);
#9160=ORIENTED_EDGE('',*,*,#6437,.F.);
#9161=ORIENTED_EDGE('',*,*,#6441,.F.);
#9162=ORIENTED_EDGE('',*,*,#6442,.T.);
#9163=ORIENTED_EDGE('',*,*,#6443,.T.);
#9164=ORIENTED_EDGE('',*,*,#6442,.F.);
#9165=ORIENTED_EDGE('',*,*,#6444,.F.);
#9166=ORIENTED_EDGE('',*,*,#6445,.T.);
#9167=ORIENTED_EDGE('',*,*,#6446,.T.);
#9168=ORIENTED_EDGE('',*,*,#6445,.F.);
#9169=ORIENTED_EDGE('',*,*,#6444,.T.);
#9170=ORIENTED_EDGE('',*,*,#6441,.T.);
#9171=ORIENTED_EDGE('',*,*,#6446,.F.);
#9172=ORIENTED_EDGE('',*,*,#6443,.F.);
#9173=ORIENTED_EDGE('',*,*,#6447,.F.);
#9174=ORIENTED_EDGE('',*,*,#6448,.T.);
#9175=ORIENTED_EDGE('',*,*,#6449,.T.);
#9176=ORIENTED_EDGE('',*,*,#6448,.F.);
#9177=ORIENTED_EDGE('',*,*,#6450,.F.);
#9178=ORIENTED_EDGE('',*,*,#6451,.T.);
#9179=ORIENTED_EDGE('',*,*,#6452,.T.);
#9180=ORIENTED_EDGE('',*,*,#6451,.F.);
#9181=ORIENTED_EDGE('',*,*,#6450,.T.);
#9182=ORIENTED_EDGE('',*,*,#6447,.T.);
#9183=ORIENTED_EDGE('',*,*,#6452,.F.);
#9184=ORIENTED_EDGE('',*,*,#6449,.F.);
#9185=ORIENTED_EDGE('',*,*,#6453,.F.);
#9186=ORIENTED_EDGE('',*,*,#6454,.T.);
#9187=ORIENTED_EDGE('',*,*,#6455,.T.);
#9188=ORIENTED_EDGE('',*,*,#6454,.F.);
#9189=ORIENTED_EDGE('',*,*,#6456,.F.);
#9190=ORIENTED_EDGE('',*,*,#6457,.T.);
#9191=ORIENTED_EDGE('',*,*,#6458,.T.);
#9192=ORIENTED_EDGE('',*,*,#6457,.F.);
#9193=ORIENTED_EDGE('',*,*,#6456,.T.);
#9194=ORIENTED_EDGE('',*,*,#6453,.T.);
#9195=ORIENTED_EDGE('',*,*,#6458,.F.);
#9196=ORIENTED_EDGE('',*,*,#6455,.F.);
#9197=PLANE('',#10339);
#9198=PLANE('',#10340);
#9199=PLANE('',#10341);
#9200=PLANE('',#10342);
#9201=PLANE('',#10343);
#9202=PLANE('',#10344);
#9203=PLANE('',#10345);
#9204=PLANE('',#10346);
#9205=PLANE('',#10349);
#9206=PLANE('',#10352);
#9207=PLANE('',#10361);
#9208=PLANE('',#10362);
#9209=PLANE('',#10363);
#9210=PLANE('',#10364);
#9211=PLANE('',#10365);
#9212=PLANE('',#10368);
#9213=PLANE('',#10369);
#9214=PLANE('',#10370);
#9215=PLANE('',#10376);
#9216=PLANE('',#10389);
#9217=PLANE('',#10396);
#9218=PLANE('',#10397);
#9219=PLANE('',#10399);
#9220=PLANE('',#10400);
#9221=PLANE('',#10401);
#9222=PLANE('',#10403);
#9223=PLANE('',#10418);
#9224=PLANE('',#10419);
#9225=PLANE('',#10420);
#9226=PLANE('',#10428);
#9227=PLANE('',#10434);
#9228=PLANE('',#10438);
#9229=PLANE('',#10442);
#9230=PLANE('',#10446);
#9231=PLANE('',#10447);
#9232=PLANE('',#10448);
#9233=PLANE('',#10449);
#9234=PLANE('',#10450);
#9235=PLANE('',#10451);
#9236=PLANE('',#10452);
#9237=PLANE('',#10453);
#9238=PLANE('',#10454);
#9239=PLANE('',#10455);
#9240=PLANE('',#10456);
#9241=PLANE('',#10457);
#9242=PLANE('',#10459);
#9243=PLANE('',#10460);
#9244=PLANE('',#10461);
#9245=PLANE('',#10462);
#9246=PLANE('',#10463);
#9247=PLANE('',#10464);
#9248=PLANE('',#10465);
#9249=PLANE('',#10466);
#9250=PLANE('',#10467);
#9251=PLANE('',#10468);
#9252=PLANE('',#10469);
#9253=PLANE('',#10470);
#9254=PLANE('',#10471);
#9255=PLANE('',#10472);
#9256=PLANE('',#10473);
#9257=PLANE('',#10474);
#9258=PLANE('',#10477);
#9259=PLANE('',#10478);
#9260=PLANE('',#10479);
#9261=PLANE('',#10480);
#9262=PLANE('',#10482);
#9263=PLANE('',#10484);
#9264=PLANE('',#10486);
#9265=PLANE('',#10490);
#9266=PLANE('',#10491);
#9267=PLANE('',#10492);
#9268=PLANE('',#10494);
#9269=PLANE('',#10495);
#9270=PLANE('',#10496);
#9271=PLANE('',#10504);
#9272=PLANE('',#10505);
#9273=PLANE('',#10506);
#9274=PLANE('',#10507);
#9275=PLANE('',#10513);
#9276=PLANE('',#10514);
#9277=PLANE('',#10515);
#9278=PLANE('',#10516);
#9279=PLANE('',#10517);
#9280=PLANE('',#10518);
#9281=PLANE('',#10519);
#9282=PLANE('',#10520);
#9283=PLANE('',#10521);
#9284=PLANE('',#10522);
#9285=PLANE('',#10523);
#9286=PLANE('',#10524);
#9287=PLANE('',#10528);
#9288=PLANE('',#10529);
#9289=PLANE('',#10533);
#9290=PLANE('',#10546);
#9291=PLANE('',#10547);
#9292=PLANE('',#10549);
#9293=PLANE('',#10566);
#9294=PLANE('',#10567);
#9295=PLANE('',#10568);
#9296=PLANE('',#10569);
#9297=PLANE('',#10570);
#9298=PLANE('',#10573);
#9299=PLANE('',#10581);
#9300=PLANE('',#10588);
#9301=PLANE('',#10589);
#9302=PLANE('',#10590);
#9303=PLANE('',#10591);
#9304=PLANE('',#10592);
#9305=PLANE('',#10594);
#9306=PLANE('',#10595);
#9307=PLANE('',#10598);
#9308=PLANE('',#10599);
#9309=PLANE('',#10600);
#9310=PLANE('',#10601);
#9311=PLANE('',#10602);
#9312=PLANE('',#10603);
#9313=PLANE('',#10604);
#9314=PLANE('',#10605);
#9315=PLANE('',#10608);
#9316=PLANE('',#10609);
#9317=PLANE('',#10610);
#9318=PLANE('',#10614);
#9319=PLANE('',#10615);
#9320=PLANE('',#10620);
#9321=PLANE('',#10624);
#9322=PLANE('',#10625);
#9323=PLANE('',#10626);
#9324=PLANE('',#10627);
#9325=PLANE('',#10628);
#9326=PLANE('',#10631);
#9327=PLANE('',#10632);
#9328=PLANE('',#10633);
#9329=PLANE('',#10634);
#9330=PLANE('',#10636);
#9331=PLANE('',#10641);
#9332=PLANE('',#10642);
#9333=PLANE('',#10643);
#9334=PLANE('',#10644);
#9335=PLANE('',#10646);
#9336=PLANE('',#10648);
#9337=PLANE('',#10649);
#9338=PLANE('',#10650);
#9339=PLANE('',#10651);
#9340=PLANE('',#10656);
#9341=PLANE('',#10657);
#9342=PLANE('',#10658);
#9343=PLANE('',#10659);
#9344=PLANE('',#10660);
#9345=PLANE('',#10667);
#9346=PLANE('',#10670);
#9347=PLANE('',#10672);
#9348=PLANE('',#10673);
#9349=PLANE('',#10674);
#9350=PLANE('',#10676);
#9351=PLANE('',#10677);
#9352=PLANE('',#10679);
#9353=PLANE('',#10686);
#9354=PLANE('',#10690);
#9355=PLANE('',#10694);
#9356=PLANE('',#10698);
#9357=PLANE('',#10702);
#9358=PLANE('',#10706);
#9359=PLANE('',#10710);
#9360=PLANE('',#10714);
#9361=PLANE('',#10718);
#9362=PLANE('',#10722);
#9363=PLANE('',#10726);
#9364=PLANE('',#10730);
#9365=PLANE('',#10734);
#9366=PLANE('',#10738);
#9367=PLANE('',#10742);
#9368=PLANE('',#10746);
#9369=PLANE('',#10747);
#9370=PLANE('',#10754);
#9371=PLANE('',#10755);
#9372=PLANE('',#10762);
#9373=PLANE('',#10763);
#9374=PLANE('',#10764);
#9375=PLANE('',#10765);
#9376=PLANE('',#10766);
#9377=PLANE('',#10767);
#9378=PLANE('',#10768);
#9379=PLANE('',#10769);
#9380=PLANE('',#10770);
#9381=PLANE('',#10771);
#9382=PLANE('',#10775);
#9383=PLANE('',#10776);
#9384=PLANE('',#10777);
#9385=PLANE('',#10778);
#9386=PLANE('',#10779);
#9387=PLANE('',#10780);
#9388=PLANE('',#10784);
#9389=PLANE('',#10787);
#9390=PLANE('',#10788);
#9391=PLANE('',#10789);
#9392=PLANE('',#10790);
#9393=PLANE('',#10793);
#9394=PLANE('',#10794);
#9395=PLANE('',#10795);
#9396=PLANE('',#10796);
#9397=PLANE('',#10799);
#9398=PLANE('',#10800);
#9399=PLANE('',#10801);
#9400=PLANE('',#10802);
#9401=PLANE('',#10803);
#9402=PLANE('',#10804);
#9403=PLANE('',#10805);
#9404=PLANE('',#10807);
#9405=PLANE('',#10821);
#9406=PLANE('',#10822);
#9407=PLANE('',#10839);
#9408=PLANE('',#10841);
#9409=PLANE('',#10843);
#9410=PLANE('',#10845);
#9411=PLANE('',#10852);
#9412=PLANE('',#10866);
#9413=PLANE('',#10872);
#9414=PLANE('',#10878);
#9415=PLANE('',#10885);
#9416=PLANE('',#10888);
#9417=PLANE('',#10890);
#9418=PLANE('',#10908);
#9419=PLANE('',#10911);
#9420=PLANE('',#10918);
#9421=PLANE('',#10921);
#9422=PLANE('',#10928);
#9423=PLANE('',#10931);
#9424=PLANE('',#10938);
#9425=PLANE('',#10939);
#9426=PLANE('',#10945);
#9427=PLANE('',#10953);
#9428=PLANE('',#10960);
#9429=PLANE('',#10966);
#9430=PLANE('',#10970);
#9431=PLANE('',#10974);
#9432=PLANE('',#10978);
#9433=PLANE('',#10981);
#9434=PLANE('',#10984);
#9435=PLANE('',#10987);
#9436=PLANE('',#10990);
#9437=PLANE('',#10991);
#9438=PLANE('',#10992);
#9439=PLANE('',#10993);
#9440=PLANE('',#10994);
#9441=PLANE('',#10995);
#9442=PLANE('',#10996);
#9443=PLANE('',#11007);
#9444=PLANE('',#11008);
#9445=PLANE('',#11009);
#9446=PLANE('',#11012);
#9447=PLANE('',#11013);
#9448=PLANE('',#11020);
#9449=PLANE('',#11022);
#9450=PLANE('',#11024);
#9451=PLANE('',#11028);
#9452=PLANE('',#11032);
#9453=PLANE('',#11035);
#9454=PLANE('',#11038);
#9455=PLANE('',#11041);
#9456=PLANE('',#11042);
#9457=PLANE('',#11043);
#9458=PLANE('',#11044);
#9459=PLANE('',#11045);
#9460=PLANE('',#11046);
#9461=PLANE('',#11047);
#9462=PLANE('',#11048);
#9463=PLANE('',#11049);
#9464=PLANE('',#11050);
#9465=PLANE('',#11053);
#9466=PLANE('',#11056);
#9467=PLANE('',#11059);
#9468=PLANE('',#11062);
#9469=PLANE('',#11063);
#9470=PLANE('',#11064);
#9471=PLANE('',#11065);
#9472=PLANE('',#11066);
#9473=PLANE('',#11075);
#9474=PLANE('',#11079);
#9475=PLANE('',#11083);
#9476=PLANE('',#11084);
#9477=PLANE('',#11088);
#9478=PLANE('',#11092);
#9479=PLANE('',#11093);
#9480=PLANE('',#11097);
#9481=PLANE('',#11101);
#9482=PLANE('',#11102);
#9483=PLANE('',#11106);
#9484=PLANE('',#11110);
#9485=PLANE('',#11111);
#9486=PLANE('',#11114);
#9487=PLANE('',#11115);
#9488=PLANE('',#11116);
#9489=PLANE('',#11118);
#9490=PLANE('',#11119);
#9491=PLANE('',#11120);
#9492=PLANE('',#11121);
#9493=PLANE('',#11123);
#9494=PLANE('',#11124);
#9495=PLANE('',#11125);
#9496=PLANE('',#11126);
#9497=PLANE('',#11128);
#9498=PLANE('',#11129);
#9499=PLANE('',#11130);
#9500=PLANE('',#11158);
#9501=PLANE('',#11161);
#9502=PLANE('',#11162);
#9503=PLANE('',#11165);
#9504=PLANE('',#11167);
#9505=PLANE('',#11169);
#9506=PLANE('',#11171);
#9507=PLANE('',#11173);
#9508=PLANE('',#11175);
#9509=PLANE('',#11177);
#9510=PLANE('',#11179);
#9511=PLANE('',#11181);
#9512=PLANE('',#11185);
#9513=PLANE('',#11194);
#9514=PLANE('',#11201);
#9515=PLANE('',#11208);
#9516=PLANE('',#11215);
#9517=PLANE('',#11222);
#9518=PLANE('',#11229);
#9519=PLANE('',#11236);
#9520=PLANE('',#11243);
#9521=PLANE('',#11245);
#9522=PLANE('',#11252);
#9523=PLANE('',#11253);
#9524=PLANE('',#11254);
#9525=PLANE('',#11255);
#9526=PLANE('',#11256);
#9527=PLANE('',#11257);
#9528=PLANE('',#11259);
#9529=PLANE('',#11261);
#9530=PLANE('',#11262);
#9531=PLANE('',#11263);
#9532=PLANE('',#11264);
#9533=PLANE('',#11265);
#9534=PLANE('',#11267);
#9535=PLANE('',#11271);
#9536=PLANE('',#11284);
#9537=PLANE('',#11289);
#9538=PLANE('',#11305);
#9539=PLANE('',#11308);
#9540=PLANE('',#11311);
#9541=PLANE('',#11313);
#9542=PLANE('',#11314);
#9543=PLANE('',#11316);
#9544=PLANE('',#11317);
#9545=PLANE('',#11319);
#9546=PLANE('',#11320);
#9547=PLANE('',#11321);
#9548=PLANE('',#11323);
#9549=PLANE('',#11325);
#9550=PLANE('',#11326);
#9551=PLANE('',#11327);
#9552=PLANE('',#11332);
#9553=PLANE('',#11333);
#9554=PLANE('',#11334);
#9555=PLANE('',#11335);
#9556=PLANE('',#11336);
#9557=PLANE('',#11337);
#9558=PLANE('',#11342);
#9559=PLANE('',#11343);
#9560=PLANE('',#11344);
#9561=PLANE('',#11347);
#9562=PLANE('',#11350);
#9563=PLANE('',#11358);
#9564=PLANE('',#11359);
#9565=PLANE('',#11366);
#9566=PLANE('',#11367);
#9567=PLANE('',#11374);
#9568=PLANE('',#11375);
#9569=PLANE('',#11382);
#9570=PLANE('',#11383);
#9571=PLANE('',#11390);
#9572=PLANE('',#11391);
#9573=PLANE('',#11398);
#9574=PLANE('',#11399);
#9575=PLANE('',#11406);
#9576=PLANE('',#11407);
#9577=PLANE('',#11414);
#9578=PLANE('',#11415);
#9579=ADVANCED_FACE('',(#1025),#9197,.F.);
#9580=ADVANCED_FACE('',(#1026),#9198,.F.);
#9581=ADVANCED_FACE('',(#1027),#9199,.F.);
#9582=ADVANCED_FACE('',(#1028),#9200,.F.);
#9583=ADVANCED_FACE('',(#1029),#9201,.F.);
#9584=ADVANCED_FACE('',(#1030),#9202,.F.);
#9585=ADVANCED_FACE('',(#1031),#9203,.T.);
#9586=ADVANCED_FACE('',(#1032),#9204,.F.);
#9587=ADVANCED_FACE('',(#1033),#9205,.T.);
#9588=ADVANCED_FACE('',(#1034),#356,.T.);
#9589=ADVANCED_FACE('',(#1035),#9206,.F.);
#9590=ADVANCED_FACE('',(#1036),#357,.T.);
#9591=ADVANCED_FACE('',(#1037),#358,.T.);
#9592=ADVANCED_FACE('',(#1038),#359,.T.);
#9593=ADVANCED_FACE('',(#1039),#9207,.T.);
#9594=ADVANCED_FACE('',(#1040),#9208,.T.);
#9595=ADVANCED_FACE('',(#1041),#9209,.T.);
#9596=ADVANCED_FACE('',(#1042),#9210,.T.);
#9597=ADVANCED_FACE('',(#1043),#9211,.T.);
#9598=ADVANCED_FACE('',(#1044),#355,.T.);
#9599=ADVANCED_FACE('',(#1045),#360,.F.);
#9600=ADVANCED_FACE('',(#1046,#156),#9212,.T.);
#9601=ADVANCED_FACE('',(#1047),#9213,.T.);
#9602=ADVANCED_FACE('',(#1048,#157),#9214,.T.);
#9603=ADVANCED_FACE('',(#1049),#361,.F.);
#9604=ADVANCED_FACE('',(#1050),#9215,.T.);
#9605=ADVANCED_FACE('',(#1051),#362,.F.);
#9606=ADVANCED_FACE('',(#1052),#363,.F.);
#9607=ADVANCED_FACE('',(#1053),#364,.F.);
#9608=ADVANCED_FACE('',(#1054),#365,.F.);
#9609=ADVANCED_FACE('',(#1055,#158,#159,#160,#161,#162),#9216,.T.);
#9610=ADVANCED_FACE('',(#1056),#366,.F.);
#9611=ADVANCED_FACE('',(#1057),#367,.T.);
#9612=ADVANCED_FACE('',(#1058,#163),#9217,.T.);
#9613=ADVANCED_FACE('',(#1059,#164,#165,#166,#167),#9218,.F.);
#9614=ADVANCED_FACE('',(#1060),#9219,.F.);
#9615=ADVANCED_FACE('',(#1061),#9220,.T.);
#9616=ADVANCED_FACE('',(#1062),#9221,.T.);
#9617=ADVANCED_FACE('',(#1063,#168),#9222,.T.);
#9618=ADVANCED_FACE('',(#1064,#169,#170),#368,.F.);
#9619=ADVANCED_FACE('',(#1065),#9223,.T.);
#9620=ADVANCED_FACE('',(#1066),#9224,.F.);
#9621=ADVANCED_FACE('',(#1067),#9225,.T.);
#9622=ADVANCED_FACE('',(#1068),#369,.T.);
#9623=ADVANCED_FACE('',(#1069),#370,.T.);
#9624=ADVANCED_FACE('',(#1070,#171),#9226,.F.);
#9625=ADVANCED_FACE('',(#1071),#371,.F.);
#9626=ADVANCED_FACE('',(#1072),#372,.F.);
#9627=ADVANCED_FACE('',(#1073),#9227,.T.);
#9628=ADVANCED_FACE('',(#1074),#373,.F.);
#9629=ADVANCED_FACE('',(#1075),#9228,.T.);
#9630=ADVANCED_FACE('',(#1076),#374,.F.);
#9631=ADVANCED_FACE('',(#1077),#9229,.T.);
#9632=ADVANCED_FACE('',(#1078),#375,.F.);
#9633=ADVANCED_FACE('',(#1079),#9230,.T.);
#9634=ADVANCED_FACE('',(#1080),#9231,.T.);
#9635=ADVANCED_FACE('',(#1081),#9232,.T.);
#9636=ADVANCED_FACE('',(#1082),#9233,.T.);
#9637=ADVANCED_FACE('',(#1083),#9234,.F.);
#9638=ADVANCED_FACE('',(#1084),#9235,.F.);
#9639=ADVANCED_FACE('',(#1085),#9236,.T.);
#9640=ADVANCED_FACE('',(#1086),#9237,.F.);
#9641=ADVANCED_FACE('',(#1087),#9238,.T.);
#9642=ADVANCED_FACE('',(#1088),#9239,.T.);
#9643=ADVANCED_FACE('',(#1089),#9240,.T.);
#9644=ADVANCED_FACE('',(#1090,#172),#9241,.T.);
#9645=ADVANCED_FACE('',(#1091),#9242,.F.);
#9646=ADVANCED_FACE('',(#1092),#9243,.F.);
#9647=ADVANCED_FACE('',(#1093),#9244,.F.);
#9648=ADVANCED_FACE('',(#1094,#173,#174),#9245,.T.);
#9649=ADVANCED_FACE('',(#1095,#175,#176),#9246,.T.);
#9650=ADVANCED_FACE('',(#1096),#9247,.F.);
#9651=ADVANCED_FACE('',(#1097),#9248,.F.);
#9652=ADVANCED_FACE('',(#1098),#9249,.F.);
#9653=ADVANCED_FACE('',(#1099),#9250,.F.);
#9654=ADVANCED_FACE('',(#1100),#9251,.F.);
#9655=ADVANCED_FACE('',(#1101),#9252,.F.);
#9656=ADVANCED_FACE('',(#1102),#9253,.T.);
#9657=ADVANCED_FACE('',(#1103),#9254,.T.);
#9658=ADVANCED_FACE('',(#1104),#9255,.T.);
#9659=ADVANCED_FACE('',(#1105),#9256,.T.);
#9660=ADVANCED_FACE('',(#1106),#9257,.T.);
#9661=ADVANCED_FACE('',(#1107),#376,.F.);
#9662=ADVANCED_FACE('',(#1108),#9258,.T.);
#9663=ADVANCED_FACE('',(#1109),#9259,.T.);
#9664=ADVANCED_FACE('',(#1110,#177,#178),#9260,.F.);
#9665=ADVANCED_FACE('',(#1111,#179),#9261,.F.);
#9666=ADVANCED_FACE('',(#1112),#9262,.T.);
#9667=ADVANCED_FACE('',(#1113),#9263,.T.);
#9668=ADVANCED_FACE('',(#1114,#180),#9264,.T.);
#9669=ADVANCED_FACE('',(#1115),#377,.F.);
#9670=ADVANCED_FACE('',(#1116),#9265,.F.);
#9671=ADVANCED_FACE('',(#1117),#9266,.T.);
#9672=ADVANCED_FACE('',(#1118,#181),#9267,.T.);
#9673=ADVANCED_FACE('',(#1119),#9268,.T.);
#9674=ADVANCED_FACE('',(#1120),#9269,.T.);
#9675=ADVANCED_FACE('',(#1121),#9270,.T.);
#9676=ADVANCED_FACE('',(#1122),#378,.F.);
#9677=ADVANCED_FACE('',(#1123),#379,.F.);
#9678=ADVANCED_FACE('',(#1124),#380,.F.);
#9679=ADVANCED_FACE('',(#1125),#9271,.T.);
#9680=ADVANCED_FACE('',(#1126),#9272,.T.);
#9681=ADVANCED_FACE('',(#1127),#9273,.T.);
#9682=ADVANCED_FACE('',(#1128,#182,#183),#9274,.T.);
#9683=ADVANCED_FACE('',(#1129),#381,.F.);
#9684=ADVANCED_FACE('',(#1130),#382,.F.);
#9685=ADVANCED_FACE('',(#1131),#9275,.T.);
#9686=ADVANCED_FACE('',(#1132),#9276,.T.);
#9687=ADVANCED_FACE('',(#1133),#9277,.T.);
#9688=ADVANCED_FACE('',(#1134),#9278,.T.);
#9689=ADVANCED_FACE('',(#1135),#9279,.T.);
#9690=ADVANCED_FACE('',(#1136),#9280,.T.);
#9691=ADVANCED_FACE('',(#1137),#9281,.T.);
#9692=ADVANCED_FACE('',(#1138,#184,#185),#9282,.T.);
#9693=ADVANCED_FACE('',(#1139),#9283,.T.);
#9694=ADVANCED_FACE('',(#1140),#9284,.T.);
#9695=ADVANCED_FACE('',(#1141),#9285,.T.);
#9696=ADVANCED_FACE('',(#1142,#186),#9286,.T.);
#9697=ADVANCED_FACE('',(#1143),#383,.F.);
#9698=ADVANCED_FACE('',(#1144),#9287,.T.);
#9699=ADVANCED_FACE('',(#1145),#9288,.T.);
#9700=ADVANCED_FACE('',(#1146),#384,.T.);
#9701=ADVANCED_FACE('',(#1147,#187),#9289,.F.);
#9702=ADVANCED_FACE('',(#1148),#385,.F.);
#9703=ADVANCED_FACE('',(#1149),#386,.F.);
#9704=ADVANCED_FACE('',(#1150),#387,.F.);
#9705=ADVANCED_FACE('',(#1151),#388,.F.);
#9706=ADVANCED_FACE('',(#1152,#188,#189,#190,#191),#9290,.T.);
#9707=ADVANCED_FACE('',(#1153,#192,#193,#194,#195,#196),#9291,.F.);
#9708=ADVANCED_FACE('',(#1154,#197,#198,#199,#200,#201),#9292,.F.);
#9709=ADVANCED_FACE('',(#1155),#389,.F.);
#9710=ADVANCED_FACE('',(#1156),#390,.F.);
#9711=ADVANCED_FACE('',(#1157),#391,.F.);
#9712=ADVANCED_FACE('',(#1158),#392,.F.);
#9713=ADVANCED_FACE('',(#1159),#393,.F.);
#9714=ADVANCED_FACE('',(#1160),#9293,.F.);
#9715=ADVANCED_FACE('',(#1161),#9294,.F.);
#9716=ADVANCED_FACE('',(#1162),#9295,.F.);
#9717=ADVANCED_FACE('',(#1163),#9296,.F.);
#9718=ADVANCED_FACE('',(#1164),#9297,.F.);
#9719=ADVANCED_FACE('',(#1165),#394,.F.);
#9720=ADVANCED_FACE('',(#1166),#9298,.T.);
#9721=ADVANCED_FACE('',(#1167),#395,.T.);
#9722=ADVANCED_FACE('',(#1168),#396,.F.);
#9723=ADVANCED_FACE('',(#1169),#9299,.T.);
#9724=ADVANCED_FACE('',(#1170),#397,.F.);
#9725=ADVANCED_FACE('',(#1171),#9300,.T.);
#9726=ADVANCED_FACE('',(#1172),#9301,.T.);
#9727=ADVANCED_FACE('',(#1173),#9302,.T.);
#9728=ADVANCED_FACE('',(#1174),#9303,.T.);
#9729=ADVANCED_FACE('',(#1175),#9304,.T.);
#9730=ADVANCED_FACE('',(#1176,#202),#9305,.T.);
#9731=ADVANCED_FACE('',(#1177,#203,#204,#205),#9306,.T.);
#9732=ADVANCED_FACE('',(#1178),#9307,.T.);
#9733=ADVANCED_FACE('',(#1179),#9308,.T.);
#9734=ADVANCED_FACE('',(#1180),#9309,.T.);
#9735=ADVANCED_FACE('',(#1181),#9310,.T.);
#9736=ADVANCED_FACE('',(#1182),#9311,.T.);
#9737=ADVANCED_FACE('',(#1183),#9312,.T.);
#9738=ADVANCED_FACE('',(#1184),#9313,.T.);
#9739=ADVANCED_FACE('',(#1185),#9314,.T.);
#9740=ADVANCED_FACE('',(#1186),#398,.F.);
#9741=ADVANCED_FACE('',(#1187),#399,.F.);
#9742=ADVANCED_FACE('',(#1188),#9315,.T.);
#9743=ADVANCED_FACE('',(#1189,#206),#9316,.F.);
#9744=ADVANCED_FACE('',(#1190),#9317,.T.);
#9745=ADVANCED_FACE('',(#1191),#400,.T.);
#9746=ADVANCED_FACE('',(#1192,#207),#9318,.T.);
#9747=ADVANCED_FACE('',(#1193),#9319,.T.);
#9748=ADVANCED_FACE('',(#1194),#401,.F.);
#9749=ADVANCED_FACE('',(#1195),#9320,.T.);
#9750=ADVANCED_FACE('',(#1196),#402,.F.);
#9751=ADVANCED_FACE('',(#1197),#9321,.T.);
#9752=ADVANCED_FACE('',(#1198),#9322,.F.);
#9753=ADVANCED_FACE('',(#1199),#9323,.F.);
#9754=ADVANCED_FACE('',(#1200),#9324,.F.);
#9755=ADVANCED_FACE('',(#1201,#208),#9325,.T.);
#9756=ADVANCED_FACE('',(#1202),#9326,.F.);
#9757=ADVANCED_FACE('',(#1203),#9327,.F.);
#9758=ADVANCED_FACE('',(#1204),#9328,.F.);
#9759=ADVANCED_FACE('',(#1205,#209),#9329,.T.);
#9760=ADVANCED_FACE('',(#1206,#210),#9330,.T.);
#9761=ADVANCED_FACE('',(#1207),#403,.F.);
#9762=ADVANCED_FACE('',(#1208,#211),#9331,.T.);
#9763=ADVANCED_FACE('',(#1209),#9332,.T.);
#9764=ADVANCED_FACE('',(#1210),#9333,.T.);
#9765=ADVANCED_FACE('',(#1211),#9334,.F.);
#9766=ADVANCED_FACE('',(#1212),#9335,.F.);
#9767=ADVANCED_FACE('',(#1213),#9336,.T.);
#9768=ADVANCED_FACE('',(#1214),#9337,.T.);
#9769=ADVANCED_FACE('',(#1215),#9338,.T.);
#9770=ADVANCED_FACE('',(#1216),#9339,.T.);
#9771=ADVANCED_FACE('',(#1217),#404,.F.);
#9772=ADVANCED_FACE('',(#1218),#405,.F.);
#9773=ADVANCED_FACE('',(#1219),#9340,.T.);
#9774=ADVANCED_FACE('',(#1220),#9341,.T.);
#9775=ADVANCED_FACE('',(#1221),#9342,.T.);
#9776=ADVANCED_FACE('',(#1222),#9343,.T.);
#9777=ADVANCED_FACE('',(#1223,#212,#213,#214),#9344,.F.);
#9778=ADVANCED_FACE('',(#1224),#406,.F.);
#9779=ADVANCED_FACE('',(#1225,#215),#9345,.T.);
#9780=ADVANCED_FACE('',(#1226,#216),#9346,.F.);
#9781=ADVANCED_FACE('',(#1227),#9347,.F.);
#9782=ADVANCED_FACE('',(#1228),#9348,.F.);
#9783=ADVANCED_FACE('',(#1229),#9349,.F.);
#9784=ADVANCED_FACE('',(#1230),#9350,.T.);
#9785=ADVANCED_FACE('',(#1231),#9351,.T.);
#9786=ADVANCED_FACE('',(#1232),#407,.F.);
#9787=ADVANCED_FACE('',(#1233),#9352,.T.);
#9788=ADVANCED_FACE('',(#1234),#408,.T.);
#9789=ADVANCED_FACE('',(#1235),#409,.F.);
#9790=ADVANCED_FACE('',(#1236),#9353,.T.);
#9791=ADVANCED_FACE('',(#1237),#410,.T.);
#9792=ADVANCED_FACE('',(#1238,#217),#9354,.T.);
#9793=ADVANCED_FACE('',(#1239),#411,.F.);
#9794=ADVANCED_FACE('',(#1240),#9355,.T.);
#9795=ADVANCED_FACE('',(#1241),#412,.T.);
#9796=ADVANCED_FACE('',(#1242,#218),#9356,.T.);
#9797=ADVANCED_FACE('',(#1243),#413,.F.);
#9798=ADVANCED_FACE('',(#1244),#9357,.T.);
#9799=ADVANCED_FACE('',(#1245),#414,.T.);
#9800=ADVANCED_FACE('',(#1246,#219),#9358,.T.);
#9801=ADVANCED_FACE('',(#1247),#415,.F.);
#9802=ADVANCED_FACE('',(#1248),#9359,.T.);
#9803=ADVANCED_FACE('',(#1249),#416,.T.);
#9804=ADVANCED_FACE('',(#1250,#220),#9360,.T.);
#9805=ADVANCED_FACE('',(#1251),#417,.F.);
#9806=ADVANCED_FACE('',(#1252),#9361,.T.);
#9807=ADVANCED_FACE('',(#1253),#418,.T.);
#9808=ADVANCED_FACE('',(#1254,#221),#9362,.T.);
#9809=ADVANCED_FACE('',(#1255),#419,.F.);
#9810=ADVANCED_FACE('',(#1256),#9363,.T.);
#9811=ADVANCED_FACE('',(#1257),#420,.T.);
#9812=ADVANCED_FACE('',(#1258,#222),#9364,.T.);
#9813=ADVANCED_FACE('',(#1259),#421,.F.);
#9814=ADVANCED_FACE('',(#1260),#9365,.T.);
#9815=ADVANCED_FACE('',(#1261),#422,.T.);
#9816=ADVANCED_FACE('',(#1262,#223),#9366,.T.);
#9817=ADVANCED_FACE('',(#1263),#423,.F.);
#9818=ADVANCED_FACE('',(#1264),#9367,.T.);
#9819=ADVANCED_FACE('',(#1265),#424,.T.);
#9820=ADVANCED_FACE('',(#1266,#224),#9368,.T.);
#9821=ADVANCED_FACE('',(#1267),#9369,.T.);
#9822=ADVANCED_FACE('',(#1268),#425,.F.);
#9823=ADVANCED_FACE('',(#1269),#426,.F.);
#9824=ADVANCED_FACE('',(#1270),#9370,.F.);
#9825=ADVANCED_FACE('',(#1271),#9371,.T.);
#9826=ADVANCED_FACE('',(#1272),#427,.F.);
#9827=ADVANCED_FACE('',(#1273),#428,.F.);
#9828=ADVANCED_FACE('',(#1274),#9372,.F.);
#9829=ADVANCED_FACE('',(#1275),#9373,.F.);
#9830=ADVANCED_FACE('',(#1276),#9374,.T.);
#9831=ADVANCED_FACE('',(#1277),#9375,.F.);
#9832=ADVANCED_FACE('',(#1278),#9376,.F.);
#9833=ADVANCED_FACE('',(#1279),#9377,.F.);
#9834=ADVANCED_FACE('',(#1280),#9378,.F.);
#9835=ADVANCED_FACE('',(#1281,#225),#9379,.T.);
#9836=ADVANCED_FACE('',(#1282),#9380,.T.);
#9837=ADVANCED_FACE('',(#1283),#9381,.F.);
#9838=ADVANCED_FACE('',(#1284),#429,.F.);
#9839=ADVANCED_FACE('',(#1285),#9382,.T.);
#9840=ADVANCED_FACE('',(#1286),#9383,.T.);
#9841=ADVANCED_FACE('',(#1287),#9384,.T.);
#9842=ADVANCED_FACE('',(#1288),#9385,.T.);
#9843=ADVANCED_FACE('',(#1289),#9386,.F.);
#9844=ADVANCED_FACE('',(#1290,#226,#227,#228,#229,#230),#9387,.T.);
#9845=ADVANCED_FACE('',(#1291,#231,#232,#233,#234,#235,#236,#237,#238),
#9388,.T.);
#9846=ADVANCED_FACE('',(#1292),#430,.F.);
#9847=ADVANCED_FACE('',(#1293),#9389,.T.);
#9848=ADVANCED_FACE('',(#1294),#9390,.T.);
#9849=ADVANCED_FACE('',(#1295),#9391,.T.);
#9850=ADVANCED_FACE('',(#1296,#239,#240,#241),#9392,.F.);
#9851=ADVANCED_FACE('',(#1297),#431,.F.);
#9852=ADVANCED_FACE('',(#1298),#9393,.T.);
#9853=ADVANCED_FACE('',(#1299),#9394,.T.);
#9854=ADVANCED_FACE('',(#1300),#9395,.T.);
#9855=ADVANCED_FACE('',(#1301),#9396,.F.);
#9856=ADVANCED_FACE('',(#1302),#432,.F.);
#9857=ADVANCED_FACE('',(#1303),#9397,.T.);
#9858=ADVANCED_FACE('',(#1304),#9398,.T.);
#9859=ADVANCED_FACE('',(#1305),#9399,.T.);
#9860=ADVANCED_FACE('',(#1306,#242,#243,#244),#9400,.T.);
#9861=ADVANCED_FACE('',(#1307),#9401,.T.);
#9862=ADVANCED_FACE('',(#1308),#9402,.T.);
#9863=ADVANCED_FACE('',(#1309),#9403,.F.);
#9864=ADVANCED_FACE('',(#1310,#245,#246,#247,#248,#249,#250),#9404,.F.);
#9865=ADVANCED_FACE('',(#1311),#9405,.T.);
#9866=ADVANCED_FACE('',(#1312),#9406,.T.);
#9867=ADVANCED_FACE('',(#1313),#433,.T.);
#9868=ADVANCED_FACE('',(#1314),#434,.F.);
#9869=ADVANCED_FACE('',(#1315),#435,.T.);
#9870=ADVANCED_FACE('',(#1316),#436,.F.);
#9871=ADVANCED_FACE('',(#1317),#437,.T.);
#9872=ADVANCED_FACE('',(#1318),#438,.T.);
#9873=ADVANCED_FACE('',(#1319),#9407,.F.);
#9874=ADVANCED_FACE('',(#1320),#9408,.F.);
#9875=ADVANCED_FACE('',(#1321),#9409,.F.);
#9876=ADVANCED_FACE('',(#1322),#9410,.F.);
#9877=ADVANCED_FACE('',(#1323),#439,.F.);
#9878=ADVANCED_FACE('',(#1324),#440,.T.);
#9879=ADVANCED_FACE('',(#1325),#9411,.T.);
#9880=ADVANCED_FACE('',(#1326),#441,.F.);
#9881=ADVANCED_FACE('',(#1327),#442,.F.);
#9882=ADVANCED_FACE('',(#1328),#443,.T.);
#9883=ADVANCED_FACE('',(#1329),#444,.F.);
#9884=ADVANCED_FACE('',(#1330),#9412,.T.);
#9885=ADVANCED_FACE('',(#1331),#445,.F.);
#9886=ADVANCED_FACE('',(#1332),#446,.T.);
#9887=ADVANCED_FACE('',(#1333),#9413,.T.);
#9888=ADVANCED_FACE('',(#1334),#447,.F.);
#9889=ADVANCED_FACE('',(#1335),#448,.T.);
#9890=ADVANCED_FACE('',(#1336),#9414,.T.);
#9891=ADVANCED_FACE('',(#1337),#449,.F.);
#9892=ADVANCED_FACE('',(#1338),#450,.T.);
#9893=ADVANCED_FACE('',(#1339),#9415,.T.);
#9894=ADVANCED_FACE('',(#1340),#9416,.F.);
#9895=ADVANCED_FACE('',(#1341,#251,#252,#253,#254,#255,#256),#9417,.F.);
#9896=ADVANCED_FACE('',(#1342),#451,.F.);
#9897=ADVANCED_FACE('',(#1343),#452,.T.);
#9898=ADVANCED_FACE('',(#1344),#9418,.T.);
#9899=ADVANCED_FACE('',(#1345),#9419,.F.);
#9900=ADVANCED_FACE('',(#1346),#453,.F.);
#9901=ADVANCED_FACE('',(#1347),#454,.T.);
#9902=ADVANCED_FACE('',(#1348),#9420,.T.);
#9903=ADVANCED_FACE('',(#1349),#9421,.F.);
#9904=ADVANCED_FACE('',(#1350),#455,.F.);
#9905=ADVANCED_FACE('',(#1351),#456,.T.);
#9906=ADVANCED_FACE('',(#1352),#9422,.T.);
#9907=ADVANCED_FACE('',(#1353),#9423,.F.);
#9908=ADVANCED_FACE('',(#1354),#457,.F.);
#9909=ADVANCED_FACE('',(#1355),#458,.F.);
#9910=ADVANCED_FACE('',(#1356),#459,.F.);
#9911=ADVANCED_FACE('',(#1357),#460,.F.);
#9912=ADVANCED_FACE('',(#1358),#461,.F.);
#9913=ADVANCED_FACE('',(#1359),#9424,.T.);
#9914=ADVANCED_FACE('',(#1360),#9425,.T.);
#9915=ADVANCED_FACE('',(#1361),#462,.T.);
#9916=ADVANCED_FACE('',(#1362,#257,#258,#259,#260,#261),#9426,.T.);
#9917=ADVANCED_FACE('',(#1363,#262),#9427,.T.);
#9918=ADVANCED_FACE('',(#1364),#463,.T.);
#9919=ADVANCED_FACE('',(#1365),#464,.T.);
#9920=ADVANCED_FACE('',(#1366),#9428,.T.);
#9921=ADVANCED_FACE('',(#1367),#465,.T.);
#9922=ADVANCED_FACE('',(#1368),#466,.F.);
#9923=ADVANCED_FACE('',(#1369),#9429,.T.);
#9924=ADVANCED_FACE('',(#1370),#467,.F.);
#9925=ADVANCED_FACE('',(#1371),#9430,.T.);
#9926=ADVANCED_FACE('',(#1372),#468,.F.);
#9927=ADVANCED_FACE('',(#1373),#9431,.T.);
#9928=ADVANCED_FACE('',(#1374),#469,.F.);
#9929=ADVANCED_FACE('',(#1375),#9432,.T.);
#9930=ADVANCED_FACE('',(#1376),#470,.F.);
#9931=ADVANCED_FACE('',(#1377),#9433,.T.);
#9932=ADVANCED_FACE('',(#1378),#471,.F.);
#9933=ADVANCED_FACE('',(#1379),#9434,.T.);
#9934=ADVANCED_FACE('',(#1380),#472,.F.);
#9935=ADVANCED_FACE('',(#1381),#9435,.T.);
#9936=ADVANCED_FACE('',(#1382),#473,.F.);
#9937=ADVANCED_FACE('',(#1383),#9436,.T.);
#9938=ADVANCED_FACE('',(#1384),#9437,.T.);
#9939=ADVANCED_FACE('',(#1385),#9438,.T.);
#9940=ADVANCED_FACE('',(#1386),#9439,.T.);
#9941=ADVANCED_FACE('',(#1387),#9440,.T.);
#9942=ADVANCED_FACE('',(#1388),#9441,.T.);
#9943=ADVANCED_FACE('',(#1389,#263,#264,#265,#266,#267,#268,#269,#270),
#9442,.T.);
#9944=ADVANCED_FACE('',(#1390),#9443,.T.);
#9945=ADVANCED_FACE('',(#1391),#9444,.T.);
#9946=ADVANCED_FACE('',(#1392,#271),#9445,.T.);
#9947=ADVANCED_FACE('',(#1393),#9446,.T.);
#9948=ADVANCED_FACE('',(#1394),#9447,.T.);
#9949=ADVANCED_FACE('',(#1395),#474,.F.);
#9950=ADVANCED_FACE('',(#1396),#475,.F.);
#9951=ADVANCED_FACE('',(#1397),#9448,.F.);
#9952=ADVANCED_FACE('',(#1398),#476,.F.);
#9953=ADVANCED_FACE('',(#1399),#9449,.F.);
#9954=ADVANCED_FACE('',(#1400),#477,.F.);
#9955=ADVANCED_FACE('',(#1401),#9450,.F.);
#9956=ADVANCED_FACE('',(#1402),#478,.F.);
#9957=ADVANCED_FACE('',(#1403),#9451,.F.);
#9958=ADVANCED_FACE('',(#1404),#479,.F.);
#9959=ADVANCED_FACE('',(#1405,#272),#9452,.T.);
#9960=ADVANCED_FACE('',(#1406),#9453,.F.);
#9961=ADVANCED_FACE('',(#1407),#480,.F.);
#9962=ADVANCED_FACE('',(#1408),#9454,.F.);
#9963=ADVANCED_FACE('',(#1409),#481,.F.);
#9964=ADVANCED_FACE('',(#1410),#9455,.T.);
#9965=ADVANCED_FACE('',(#1411),#9456,.T.);
#9966=ADVANCED_FACE('',(#1412),#9457,.T.);
#9967=ADVANCED_FACE('',(#1413),#9458,.T.);
#9968=ADVANCED_FACE('',(#1414),#9459,.T.);
#9969=ADVANCED_FACE('',(#1415),#9460,.T.);
#9970=ADVANCED_FACE('',(#1416),#9461,.T.);
#9971=ADVANCED_FACE('',(#1417),#9462,.T.);
#9972=ADVANCED_FACE('',(#1418),#9463,.T.);
#9973=ADVANCED_FACE('',(#1419),#9464,.T.);
#9974=ADVANCED_FACE('',(#1420),#482,.T.);
#9975=ADVANCED_FACE('',(#1421,#273),#9465,.T.);
#9976=ADVANCED_FACE('',(#1422),#483,.T.);
#9977=ADVANCED_FACE('',(#1423,#274),#9466,.T.);
#9978=ADVANCED_FACE('',(#1424),#484,.T.);
#9979=ADVANCED_FACE('',(#1425,#275),#9467,.T.);
#9980=ADVANCED_FACE('',(#1426),#485,.T.);
#9981=ADVANCED_FACE('',(#1427,#276),#9468,.T.);
#9982=ADVANCED_FACE('',(#1428,#277,#278,#279),#9469,.T.);
#9983=ADVANCED_FACE('',(#1429),#9470,.T.);
#9984=ADVANCED_FACE('',(#1430),#9471,.T.);
#9985=ADVANCED_FACE('',(#1431,#280,#281,#282),#9472,.T.);
#9986=ADVANCED_FACE('',(#1432),#486,.F.);
#9987=ADVANCED_FACE('',(#1433),#487,.F.);
#9988=ADVANCED_FACE('',(#1434),#488,.F.);
#9989=ADVANCED_FACE('',(#1435),#489,.F.);
#9990=ADVANCED_FACE('',(#1436,#283,#284,#285,#286),#9473,.F.);
#9991=ADVANCED_FACE('',(#1437),#490,.F.);
#9992=ADVANCED_FACE('',(#1438),#9474,.T.);
#9993=ADVANCED_FACE('',(#1439),#491,.T.);
#9994=ADVANCED_FACE('',(#1440,#287),#9475,.T.);
#9995=ADVANCED_FACE('',(#1441),#9476,.F.);
#9996=ADVANCED_FACE('',(#1442),#492,.F.);
#9997=ADVANCED_FACE('',(#1443),#9477,.T.);
#9998=ADVANCED_FACE('',(#1444),#493,.T.);
#9999=ADVANCED_FACE('',(#1445,#288),#9478,.T.);
#10000=ADVANCED_FACE('',(#1446),#9479,.F.);
#10001=ADVANCED_FACE('',(#1447),#494,.F.);
#10002=ADVANCED_FACE('',(#1448),#9480,.T.);
#10003=ADVANCED_FACE('',(#1449),#495,.T.);
#10004=ADVANCED_FACE('',(#1450,#289),#9481,.T.);
#10005=ADVANCED_FACE('',(#1451),#9482,.F.);
#10006=ADVANCED_FACE('',(#1452),#496,.F.);
#10007=ADVANCED_FACE('',(#1453),#9483,.T.);
#10008=ADVANCED_FACE('',(#1454),#497,.T.);
#10009=ADVANCED_FACE('',(#1455,#290),#9484,.T.);
#10010=ADVANCED_FACE('',(#1456),#9485,.F.);
#10011=ADVANCED_FACE('',(#1457),#9486,.F.);
#10012=ADVANCED_FACE('',(#1458),#9487,.F.);
#10013=ADVANCED_FACE('',(#1459,#291),#9488,.F.);
#10014=ADVANCED_FACE('',(#1460),#9489,.F.);
#10015=ADVANCED_FACE('',(#1461),#9490,.F.);
#10016=ADVANCED_FACE('',(#1462),#9491,.F.);
#10017=ADVANCED_FACE('',(#1463,#292),#9492,.F.);
#10018=ADVANCED_FACE('',(#1464),#9493,.F.);
#10019=ADVANCED_FACE('',(#1465),#9494,.F.);
#10020=ADVANCED_FACE('',(#1466),#9495,.F.);
#10021=ADVANCED_FACE('',(#1467,#293),#9496,.F.);
#10022=ADVANCED_FACE('',(#1468),#9497,.F.);
#10023=ADVANCED_FACE('',(#1469),#9498,.F.);
#10024=ADVANCED_FACE('',(#1470,#294),#9499,.F.);
#10025=ADVANCED_FACE('',(#1471),#498,.T.);
#10026=ADVANCED_FACE('',(#1472),#11,.T.);
#10027=ADVANCED_FACE('',(#1473),#499,.T.);
#10028=ADVANCED_FACE('',(#1474),#12,.T.);
#10029=ADVANCED_FACE('',(#1475),#500,.T.);
#10030=ADVANCED_FACE('',(#1476),#13,.T.);
#10031=ADVANCED_FACE('',(#1477),#501,.T.);
#10032=ADVANCED_FACE('',(#1478),#14,.T.);
#10033=ADVANCED_FACE('',(#1479),#502,.T.);
#10034=ADVANCED_FACE('',(#1480),#9500,.T.);
#10035=ADVANCED_FACE('',(#1481),#503,.T.);
#10036=ADVANCED_FACE('',(#1482),#9501,.T.);
#10037=ADVANCED_FACE('',(#1483,#295,#296,#297,#298,#299,#300),#9502,.F.);
#10038=ADVANCED_FACE('',(#1484),#9503,.T.);
#10039=ADVANCED_FACE('',(#1485),#9504,.T.);
#10040=ADVANCED_FACE('',(#1486),#9505,.T.);
#10041=ADVANCED_FACE('',(#1487),#9506,.T.);
#10042=ADVANCED_FACE('',(#1488),#9507,.T.);
#10043=ADVANCED_FACE('',(#1489),#9508,.T.);
#10044=ADVANCED_FACE('',(#1490),#9509,.T.);
#10045=ADVANCED_FACE('',(#1491),#9510,.T.);
#10046=ADVANCED_FACE('',(#1492),#9511,.F.);
#10047=ADVANCED_FACE('',(#1493),#504,.F.);
#10048=ADVANCED_FACE('',(#1494),#9512,.F.);
#10049=ADVANCED_FACE('',(#1495),#505,.F.);
#10050=ADVANCED_FACE('',(#1496),#506,.F.);
#10051=ADVANCED_FACE('',(#1497),#507,.T.);
#10052=ADVANCED_FACE('',(#1498,#301),#9513,.T.);
#10053=ADVANCED_FACE('',(#1499),#508,.F.);
#10054=ADVANCED_FACE('',(#1500),#509,.T.);
#10055=ADVANCED_FACE('',(#1501,#302),#9514,.T.);
#10056=ADVANCED_FACE('',(#1502),#510,.F.);
#10057=ADVANCED_FACE('',(#1503),#511,.T.);
#10058=ADVANCED_FACE('',(#1504,#303),#9515,.T.);
#10059=ADVANCED_FACE('',(#1505),#512,.F.);
#10060=ADVANCED_FACE('',(#1506),#513,.T.);
#10061=ADVANCED_FACE('',(#1507,#304),#9516,.T.);
#10062=ADVANCED_FACE('',(#1508),#514,.F.);
#10063=ADVANCED_FACE('',(#1509),#515,.T.);
#10064=ADVANCED_FACE('',(#1510,#305),#9517,.T.);
#10065=ADVANCED_FACE('',(#1511),#516,.F.);
#10066=ADVANCED_FACE('',(#1512),#517,.T.);
#10067=ADVANCED_FACE('',(#1513,#306),#9518,.T.);
#10068=ADVANCED_FACE('',(#1514),#518,.F.);
#10069=ADVANCED_FACE('',(#1515),#519,.T.);
#10070=ADVANCED_FACE('',(#1516,#307),#9519,.T.);
#10071=ADVANCED_FACE('',(#1517),#520,.F.);
#10072=ADVANCED_FACE('',(#1518),#521,.T.);
#10073=ADVANCED_FACE('',(#1519,#308),#9520,.T.);
#10074=ADVANCED_FACE('',(#1520,#309,#310,#311,#312,#313),#9521,.T.);
#10075=ADVANCED_FACE('',(#1521),#9522,.T.);
#10076=ADVANCED_FACE('',(#1522),#9523,.T.);
#10077=ADVANCED_FACE('',(#1523),#9524,.T.);
#10078=ADVANCED_FACE('',(#1524),#9525,.T.);
#10079=ADVANCED_FACE('',(#1525),#9526,.T.);
#10080=ADVANCED_FACE('',(#1526),#9527,.T.);
#10081=ADVANCED_FACE('',(#1527),#522,.T.);
#10082=ADVANCED_FACE('',(#1528,#314),#9528,.T.);
#10083=ADVANCED_FACE('',(#1529),#523,.T.);
#10084=ADVANCED_FACE('',(#1530),#9529,.T.);
#10085=ADVANCED_FACE('',(#1531),#9530,.T.);
#10086=ADVANCED_FACE('',(#1532),#9531,.T.);
#10087=ADVANCED_FACE('',(#1533),#9532,.T.);
#10088=ADVANCED_FACE('',(#1534,#315),#9533,.T.);
#10089=ADVANCED_FACE('',(#1535),#524,.F.);
#10090=ADVANCED_FACE('',(#1536),#9534,.T.);
#10091=ADVANCED_FACE('',(#1537),#525,.F.);
#10092=ADVANCED_FACE('',(#1538),#526,.F.);
#10093=ADVANCED_FACE('',(#1539),#527,.F.);
#10094=ADVANCED_FACE('',(#1540),#9535,.T.);
#10095=ADVANCED_FACE('',(#1541),#528,.F.);
#10096=ADVANCED_FACE('',(#1542),#529,.F.);
#10097=ADVANCED_FACE('',(#1543,#316,#317),#9536,.T.);
#10098=ADVANCED_FACE('',(#1544),#530,.F.);
#10099=ADVANCED_FACE('',(#1545,#318,#319,#320,#321,#322),#9537,.F.);
#10100=ADVANCED_FACE('',(#1546),#531,.F.);
#10101=ADVANCED_FACE('',(#1547),#532,.F.);
#10102=ADVANCED_FACE('',(#1548),#533,.F.);
#10103=ADVANCED_FACE('',(#1549),#534,.F.);
#10104=ADVANCED_FACE('',(#1550),#535,.F.);
#10105=ADVANCED_FACE('',(#1551,#323,#324,#325,#326,#327,#328),#9538,.T.);
#10106=ADVANCED_FACE('',(#1552),#9539,.T.);
#10107=ADVANCED_FACE('',(#1553),#536,.T.);
#10108=ADVANCED_FACE('',(#1554),#9540,.T.);
#10109=ADVANCED_FACE('',(#1555),#9541,.T.);
#10110=ADVANCED_FACE('',(#1556,#329),#9542,.T.);
#10111=ADVANCED_FACE('',(#1557),#9543,.T.);
#10112=ADVANCED_FACE('',(#1558),#9544,.T.);
#10113=ADVANCED_FACE('',(#1559),#9545,.T.);
#10114=ADVANCED_FACE('',(#1560),#9546,.T.);
#10115=ADVANCED_FACE('',(#1561),#9547,.T.);
#10116=ADVANCED_FACE('',(#1562),#9548,.T.);
#10117=ADVANCED_FACE('',(#1563),#9549,.T.);
#10118=ADVANCED_FACE('',(#1564),#9550,.T.);
#10119=ADVANCED_FACE('',(#1565),#9551,.T.);
#10120=ADVANCED_FACE('',(#1566),#537,.F.);
#10121=ADVANCED_FACE('',(#1567),#538,.F.);
#10122=ADVANCED_FACE('',(#1568),#9552,.T.);
#10123=ADVANCED_FACE('',(#1569),#9553,.T.);
#10124=ADVANCED_FACE('',(#1570),#9554,.T.);
#10125=ADVANCED_FACE('',(#1571,#330,#331),#9555,.T.);
#10126=ADVANCED_FACE('',(#1572),#9556,.T.);
#10127=ADVANCED_FACE('',(#1573),#9557,.T.);
#10128=ADVANCED_FACE('',(#1574),#539,.F.);
#10129=ADVANCED_FACE('',(#1575),#540,.F.);
#10130=ADVANCED_FACE('',(#1576),#9558,.T.);
#10131=ADVANCED_FACE('',(#1577),#9559,.T.);
#10132=ADVANCED_FACE('',(#1578,#332,#333),#9560,.T.);
#10133=ADVANCED_FACE('',(#1579),#541,.F.);
#10134=ADVANCED_FACE('',(#1580),#9561,.T.);
#10135=ADVANCED_FACE('',(#1581),#542,.T.);
#10136=ADVANCED_FACE('',(#1582,#334,#335),#9562,.F.);
#10137=ADVANCED_FACE('',(#1583),#543,.F.);
#10138=ADVANCED_FACE('',(#1584),#544,.T.);
#10139=ADVANCED_FACE('',(#1585,#336),#9563,.T.);
#10140=ADVANCED_FACE('',(#1586,#337),#9564,.F.);
#10141=ADVANCED_FACE('',(#1587),#545,.F.);
#10142=ADVANCED_FACE('',(#1588),#546,.T.);
#10143=ADVANCED_FACE('',(#1589,#338),#9565,.T.);
#10144=ADVANCED_FACE('',(#1590,#339),#9566,.F.);
#10145=ADVANCED_FACE('',(#1591),#547,.F.);
#10146=ADVANCED_FACE('',(#1592),#548,.T.);
#10147=ADVANCED_FACE('',(#1593,#340),#9567,.T.);
#10148=ADVANCED_FACE('',(#1594,#341),#9568,.F.);
#10149=ADVANCED_FACE('',(#1595),#549,.F.);
#10150=ADVANCED_FACE('',(#1596),#550,.T.);
#10151=ADVANCED_FACE('',(#1597,#342),#9569,.T.);
#10152=ADVANCED_FACE('',(#1598,#343),#9570,.F.);
#10153=ADVANCED_FACE('',(#1599),#551,.F.);
#10154=ADVANCED_FACE('',(#1600),#552,.T.);
#10155=ADVANCED_FACE('',(#1601,#344),#9571,.T.);
#10156=ADVANCED_FACE('',(#1602,#345),#9572,.F.);
#10157=ADVANCED_FACE('',(#1603),#553,.F.);
#10158=ADVANCED_FACE('',(#1604),#554,.T.);
#10159=ADVANCED_FACE('',(#1605,#346),#9573,.T.);
#10160=ADVANCED_FACE('',(#1606,#347),#9574,.F.);
#10161=ADVANCED_FACE('',(#1607),#555,.F.);
#10162=ADVANCED_FACE('',(#1608),#556,.T.);
#10163=ADVANCED_FACE('',(#1609,#348),#9575,.T.);
#10164=ADVANCED_FACE('',(#1610,#349),#9576,.F.);
#10165=ADVANCED_FACE('',(#1611),#557,.F.);
#10166=ADVANCED_FACE('',(#1612),#558,.T.);
#10167=ADVANCED_FACE('',(#1613,#350),#9577,.T.);
#10168=ADVANCED_FACE('',(#1614,#351),#9578,.F.);
#10169=CLOSED_SHELL('',(#9579,#9580,#9581,#9582,#9583,#9584,#9585,#9586,
#9587,#9588,#9589,#9590,#9591,#9592,#9593,#9594,#9595,#9596,#9597,#9598,
#9599,#9600,#9601,#9602));
#10170=CLOSED_SHELL('',(#9603,#9604,#9605,#9606,#9607,#9608,#9609,#9610,
#9611,#9612,#9613));
#10171=CLOSED_SHELL('',(#9614,#9615,#9616,#9617,#9618,#9619,#9620,#9621,
#9622,#9623,#9624,#9625,#9626,#9627,#9628,#9629,#9630,#9631,#9632,#9633,
#9634,#9635,#9636,#9637,#9638,#9639,#9640,#9641,#9642,#9643,#9644,#9645,
#9646,#9647,#9648,#9649,#9650,#9651,#9652,#9653,#9654,#9655,#9656,#9657,
#9658,#9659,#9660,#9661,#9662,#9663,#9664,#9665));
#10172=CLOSED_SHELL('',(#9666,#9667,#9668,#9669,#9670,#9671,#9672,#9673,
#9674,#9675,#9676,#9677,#9678,#9679,#9680,#9681,#9682,#9683,#9684,#9685,
#9686,#9687,#9688,#9689,#9690,#9691,#9692,#9693,#9694,#9695,#9696,#9697,
#9698,#9699,#9700,#9701,#9702,#9703,#9704,#9705,#9706,#9707));
#10173=CLOSED_SHELL('',(#9708,#9709,#9710,#9711,#9712,#9713,#9714,#9715,
#9716,#9717,#9718,#9719,#9720,#9721,#9722,#9723,#9724,#9725,#9726,#9727,
#9728,#9729,#9730,#9731,#9732,#9733,#9734,#9735,#9736,#9737,#9738,#9739,
#9740,#9741,#9742,#9743,#9744,#9745,#9746,#9747));
#10174=CLOSED_SHELL('',(#9748,#9749,#9750,#9751,#9752,#9753,#9754,#9755,
#9756,#9757,#9758,#9759,#9760,#9761,#9762,#9763,#9764,#9765,#9766,#9767,
#9768,#9769,#9770,#9771,#9772,#9773,#9774,#9775,#9776,#9777,#9778,#9779,
#9780,#9781,#9782,#9783,#9784,#9785,#9786,#9787,#9788));
#10175=CLOSED_SHELL('',(#9789,#9790,#9791,#9792,#9793,#9794,#9795,#9796,
#9797,#9798,#9799,#9800,#9801,#9802,#9803,#9804,#9805,#9806,#9807,#9808,
#9809,#9810,#9811,#9812,#9813,#9814,#9815,#9816,#9817,#9818,#9819,#9820,
#9821,#9822,#9823,#9824,#9825,#9826,#9827,#9828,#9829,#9830,#9831,#9832,
#9833,#9834,#9835,#9836,#9837,#9838,#9839,#9840,#9841,#9842,#9843,#9844,
#9845,#9846,#9847,#9848,#9849,#9850,#9851,#9852,#9853,#9854,#9855,#9856,
#9857,#9858,#9859,#9860,#9861,#9862,#9863));
#10176=CLOSED_SHELL('',(#9864,#9865,#9866,#9867,#9868,#9869,#9870,#9871,
#9872,#9873,#9874,#9875,#9876,#9877,#9878,#9879,#9880,#9881,#9882,#9883,
#9884,#9885,#9886,#9887,#9888,#9889,#9890,#9891,#9892,#9893,#9894,#9895,
#9896,#9897,#9898,#9899,#9900,#9901,#9902,#9903,#9904,#9905,#9906,#9907,
#9908,#9909,#9910,#9911,#9912,#9913,#9914));
#10177=CLOSED_SHELL('',(#9915,#9916,#9917,#9918,#9919,#9920,#9921,#9922,
#9923,#9924,#9925,#9926,#9927,#9928,#9929,#9930,#9931,#9932,#9933,#9934,
#9935,#9936,#9937,#9938,#9939,#9940,#9941,#9942,#9943,#9944,#9945,#9946,
#9947,#9948,#9949,#9950,#9951,#9952,#9953,#9954,#9955,#9956,#9957,#9958,
#9959,#9960,#9961,#9962,#9963,#9964,#9965,#9966,#9967,#9968,#9969,#9970,
#9971,#9972,#9973,#9974,#9975,#9976,#9977,#9978,#9979,#9980,#9981,#9982,
#9983,#9984,#9985,#9986,#9987,#9988,#9989,#9990));
#10178=CLOSED_SHELL('',(#9991,#9992,#9993,#9994,#9995));
#10179=CLOSED_SHELL('',(#9996,#9997,#9998,#9999,#10000));
#10180=CLOSED_SHELL('',(#10001,#10002,#10003,#10004,#10005));
#10181=CLOSED_SHELL('',(#10006,#10007,#10008,#10009,#10010));
#10182=CLOSED_SHELL('',(#10011,#10012,#10013,#10014,#10015,#10016,#10017,
#10018,#10019,#10020,#10021,#10022,#10023,#10024,#10025,#10026,#10027,#10028,
#10029,#10030,#10031,#10032,#10033,#10034,#10035,#10036,#10037,#10038,#10039,
#10040,#10041,#10042,#10043,#10044,#10045,#10046,#10047,#10048,#10049,#10050,
#10051,#10052,#10053,#10054,#10055,#10056,#10057,#10058,#10059,#10060,#10061,
#10062,#10063,#10064,#10065,#10066,#10067,#10068,#10069,#10070,#10071,#10072,
#10073,#10074,#10075,#10076,#10077,#10078,#10079,#10080,#10081,#10082,#10083,
#10084,#10085,#10086,#10087,#10088,#10089,#10090,#10091,#10092,#10093,#10094,
#10095,#10096,#10097));
#10183=CLOSED_SHELL('',(#10098,#10099,#10100,#10101,#10102,#10103,#10104,
#10105,#10106,#10107,#10108,#10109,#10110,#10111,#10112,#10113,#10114,#10115,
#10116,#10117,#10118,#10119,#10120,#10121,#10122,#10123,#10124,#10125,#10126,
#10127,#10128,#10129,#10130,#10131,#10132,#10133,#10134,#10135,#10136));
#10184=CLOSED_SHELL('',(#10137,#10138,#10139,#10140));
#10185=CLOSED_SHELL('',(#10141,#10142,#10143,#10144));
#10186=CLOSED_SHELL('',(#10145,#10146,#10147,#10148));
#10187=CLOSED_SHELL('',(#10149,#10150,#10151,#10152));
#10188=CLOSED_SHELL('',(#10153,#10154,#10155,#10156));
#10189=CLOSED_SHELL('',(#10157,#10158,#10159,#10160));
#10190=CLOSED_SHELL('',(#10161,#10162,#10163,#10164));
#10191=CLOSED_SHELL('',(#10165,#10166,#10167,#10168));
#10192=DERIVED_UNIT_ELEMENT(#10218,1.);
#10193=DERIVED_UNIT_ELEMENT(#17593,-3.);
#10194=DERIVED_UNIT_ELEMENT(#10218,1.);
#10195=DERIVED_UNIT_ELEMENT(#17593,-3.);
#10196=DERIVED_UNIT_ELEMENT(#10218,1.);
#10197=DERIVED_UNIT_ELEMENT(#17593,-3.);
#10198=DERIVED_UNIT_ELEMENT(#10218,1.);
#10199=DERIVED_UNIT_ELEMENT(#17593,-3.);
#10200=DERIVED_UNIT_ELEMENT(#10218,1.);
#10201=DERIVED_UNIT_ELEMENT(#17593,-3.);
#10202=DERIVED_UNIT_ELEMENT(#10218,1.);
#10203=DERIVED_UNIT_ELEMENT(#17593,-3.);
#10204=DERIVED_UNIT_ELEMENT(#10218,1.);
#10205=DERIVED_UNIT_ELEMENT(#17593,-3.);
#10206=DERIVED_UNIT_ELEMENT(#10218,1.);
#10207=DERIVED_UNIT_ELEMENT(#17593,-3.);
#10208=DERIVED_UNIT_ELEMENT(#10218,1.);
#10209=DERIVED_UNIT_ELEMENT(#17593,-3.);
#10210=DERIVED_UNIT_ELEMENT(#10218,1.);
#10211=DERIVED_UNIT_ELEMENT(#17593,-3.);
#10212=DERIVED_UNIT_ELEMENT(#10218,1.);
#10213=DERIVED_UNIT_ELEMENT(#17593,-3.);
#10214=DERIVED_UNIT_ELEMENT(#10218,1.);
#10215=DERIVED_UNIT_ELEMENT(#17593,-3.);
#10216=DERIVED_UNIT_ELEMENT(#10218,1.);
#10217=DERIVED_UNIT_ELEMENT(#17593,-3.);
#10218=(
MASS_UNIT()
NAMED_UNIT(*)
SI_UNIT(.KILO.,.GRAM.)
);
#10219=DERIVED_UNIT((#10192,#10193));
#10220=DERIVED_UNIT((#10194,#10195));
#10221=DERIVED_UNIT((#10196,#10197));
#10222=DERIVED_UNIT((#10198,#10199));
#10223=DERIVED_UNIT((#10200,#10201));
#10224=DERIVED_UNIT((#10202,#10203));
#10225=DERIVED_UNIT((#10204,#10205));
#10226=DERIVED_UNIT((#10206,#10207));
#10227=DERIVED_UNIT((#10208,#10209));
#10228=DERIVED_UNIT((#10210,#10211));
#10229=DERIVED_UNIT((#10212,#10213));
#10230=DERIVED_UNIT((#10214,#10215));
#10231=DERIVED_UNIT((#10216,#10217));
#10232=MEASURE_REPRESENTATION_ITEM('density measure',
POSITIVE_RATIO_MEASURE(7850.),#10219);
#10233=MEASURE_REPRESENTATION_ITEM('density measure',
POSITIVE_RATIO_MEASURE(7850.),#10220);
#10234=MEASURE_REPRESENTATION_ITEM('density measure',
POSITIVE_RATIO_MEASURE(7850.),#10221);
#10235=MEASURE_REPRESENTATION_ITEM('density measure',
POSITIVE_RATIO_MEASURE(7850.),#10222);
#10236=MEASURE_REPRESENTATION_ITEM('density measure',
POSITIVE_RATIO_MEASURE(7850.),#10223);
#10237=MEASURE_REPRESENTATION_ITEM('density measure',
POSITIVE_RATIO_MEASURE(7850.),#10224);
#10238=MEASURE_REPRESENTATION_ITEM('density measure',
POSITIVE_RATIO_MEASURE(7850.),#10225);
#10239=MEASURE_REPRESENTATION_ITEM('density measure',
POSITIVE_RATIO_MEASURE(7850.),#10226);
#10240=MEASURE_REPRESENTATION_ITEM('density measure',
POSITIVE_RATIO_MEASURE(7850.),#10227);
#10241=MEASURE_REPRESENTATION_ITEM('density measure',
POSITIVE_RATIO_MEASURE(7850.),#10228);
#10242=MEASURE_REPRESENTATION_ITEM('density measure',
POSITIVE_RATIO_MEASURE(7850.),#10229);
#10243=MEASURE_REPRESENTATION_ITEM('density measure',
POSITIVE_RATIO_MEASURE(7850.),#10230);
#10244=MEASURE_REPRESENTATION_ITEM('density measure',
POSITIVE_RATIO_MEASURE(7850.),#10231);
#10245=PROPERTY_DEFINITION_REPRESENTATION(#10310,#10271);
#10246=PROPERTY_DEFINITION_REPRESENTATION(#10311,#10272);
#10247=PROPERTY_DEFINITION_REPRESENTATION(#10312,#10273);
#10248=PROPERTY_DEFINITION_REPRESENTATION(#10313,#10274);
#10249=PROPERTY_DEFINITION_REPRESENTATION(#10314,#10275);
#10250=PROPERTY_DEFINITION_REPRESENTATION(#10315,#10276);
#10251=PROPERTY_DEFINITION_REPRESENTATION(#10316,#10277);
#10252=PROPERTY_DEFINITION_REPRESENTATION(#10317,#10278);
#10253=PROPERTY_DEFINITION_REPRESENTATION(#10318,#10279);
#10254=PROPERTY_DEFINITION_REPRESENTATION(#10319,#10280);
#10255=PROPERTY_DEFINITION_REPRESENTATION(#10320,#10281);
#10256=PROPERTY_DEFINITION_REPRESENTATION(#10321,#10282);
#10257=PROPERTY_DEFINITION_REPRESENTATION(#10322,#10283);
#10258=PROPERTY_DEFINITION_REPRESENTATION(#10323,#10284);
#10259=PROPERTY_DEFINITION_REPRESENTATION(#10324,#10285);
#10260=PROPERTY_DEFINITION_REPRESENTATION(#10325,#10286);
#10261=PROPERTY_DEFINITION_REPRESENTATION(#10326,#10287);
#10262=PROPERTY_DEFINITION_REPRESENTATION(#10327,#10288);
#10263=PROPERTY_DEFINITION_REPRESENTATION(#10328,#10289);
#10264=PROPERTY_DEFINITION_REPRESENTATION(#10329,#10290);
#10265=PROPERTY_DEFINITION_REPRESENTATION(#10330,#10291);
#10266=PROPERTY_DEFINITION_REPRESENTATION(#10331,#10292);
#10267=PROPERTY_DEFINITION_REPRESENTATION(#10332,#10293);
#10268=PROPERTY_DEFINITION_REPRESENTATION(#10333,#10294);
#10269=PROPERTY_DEFINITION_REPRESENTATION(#10334,#10295);
#10270=PROPERTY_DEFINITION_REPRESENTATION(#10335,#10296);
#10271=REPRESENTATION('material name',(#10297),#17577);
#10272=REPRESENTATION('density',(#10232),#17577);
#10273=REPRESENTATION('material name',(#10298),#17578);
#10274=REPRESENTATION('density',(#10233),#17578);
#10275=REPRESENTATION('material name',(#10299),#17579);
#10276=REPRESENTATION('density',(#10234),#17579);
#10277=REPRESENTATION('material name',(#10300),#17580);
#10278=REPRESENTATION('density',(#10235),#17580);
#10279=REPRESENTATION('material name',(#10301),#17581);
#10280=REPRESENTATION('density',(#10236),#17581);
#10281=REPRESENTATION('material name',(#10302),#17582);
#10282=REPRESENTATION('density',(#10237),#17582);
#10283=REPRESENTATION('material name',(#10303),#17583);
#10284=REPRESENTATION('density',(#10238),#17583);
#10285=REPRESENTATION('material name',(#10304),#17584);
#10286=REPRESENTATION('density',(#10239),#17584);
#10287=REPRESENTATION('material name',(#10305),#17585);
#10288=REPRESENTATION('density',(#10240),#17585);
#10289=REPRESENTATION('material name',(#10306),#17587);
#10290=REPRESENTATION('density',(#10241),#17587);
#10291=REPRESENTATION('material name',(#10307),#17588);
#10292=REPRESENTATION('density',(#10242),#17588);
#10293=REPRESENTATION('material name',(#10308),#17589);
#10294=REPRESENTATION('density',(#10243),#17589);
#10295=REPRESENTATION('material name',(#10309),#17590);
#10296=REPRESENTATION('density',(#10244),#17590);
#10297=DESCRIPTIVE_REPRESENTATION_ITEM('Steel','Steel');
#10298=DESCRIPTIVE_REPRESENTATION_ITEM('Steel','Steel');
#10299=DESCRIPTIVE_REPRESENTATION_ITEM('Steel','Steel');
#10300=DESCRIPTIVE_REPRESENTATION_ITEM('Steel','Steel');
#10301=DESCRIPTIVE_REPRESENTATION_ITEM('Steel','Steel');
#10302=DESCRIPTIVE_REPRESENTATION_ITEM('Steel','Steel');
#10303=DESCRIPTIVE_REPRESENTATION_ITEM('Steel','Steel');
#10304=DESCRIPTIVE_REPRESENTATION_ITEM('Steel','Steel');
#10305=DESCRIPTIVE_REPRESENTATION_ITEM('Steel','Steel');
#10306=DESCRIPTIVE_REPRESENTATION_ITEM('Steel','Steel');
#10307=DESCRIPTIVE_REPRESENTATION_ITEM('Steel','Steel');
#10308=DESCRIPTIVE_REPRESENTATION_ITEM('Steel','Steel');
#10309=DESCRIPTIVE_REPRESENTATION_ITEM('Steel','Steel');
#10310=PROPERTY_DEFINITION('material property','material name',#17663);
#10311=PROPERTY_DEFINITION('material property','density of part',#17663);
#10312=PROPERTY_DEFINITION('material property','material name',#17664);
#10313=PROPERTY_DEFINITION('material property','density of part',#17664);
#10314=PROPERTY_DEFINITION('material property','material name',#17665);
#10315=PROPERTY_DEFINITION('material property','density of part',#17665);
#10316=PROPERTY_DEFINITION('material property','material name',#17666);
#10317=PROPERTY_DEFINITION('material property','density of part',#17666);
#10318=PROPERTY_DEFINITION('material property','material name',#17667);
#10319=PROPERTY_DEFINITION('material property','density of part',#17667);
#10320=PROPERTY_DEFINITION('material property','material name',#17668);
#10321=PROPERTY_DEFINITION('material property','density of part',#17668);
#10322=PROPERTY_DEFINITION('material property','material name',#17669);
#10323=PROPERTY_DEFINITION('material property','density of part',#17669);
#10324=PROPERTY_DEFINITION('material property','material name',#17670);
#10325=PROPERTY_DEFINITION('material property','density of part',#17670);
#10326=PROPERTY_DEFINITION('material property','material name',#17671);
#10327=PROPERTY_DEFINITION('material property','density of part',#17671);
#10328=PROPERTY_DEFINITION('material property','material name',#17673);
#10329=PROPERTY_DEFINITION('material property','density of part',#17673);
#10330=PROPERTY_DEFINITION('material property','material name',#17674);
#10331=PROPERTY_DEFINITION('material property','density of part',#17674);
#10332=PROPERTY_DEFINITION('material property','material name',#17675);
#10333=PROPERTY_DEFINITION('material property','density of part',#17675);
#10334=PROPERTY_DEFINITION('material property','material name',#17676);
#10335=PROPERTY_DEFINITION('material property','density of part',#17676);
#10336=AXIS2_PLACEMENT_3D('',#14511,#11430,#11431);
#10337=AXIS2_PLACEMENT_3D('',#14512,#11432,#11433);
#10338=AXIS2_PLACEMENT_3D('',#14513,#11434,#11435);
#10339=AXIS2_PLACEMENT_3D('',#14514,#11436,#11437);
#10340=AXIS2_PLACEMENT_3D('',#14523,#11442,#11443);
#10341=AXIS2_PLACEMENT_3D('',#14532,#11448,#11449);
#10342=AXIS2_PLACEMENT_3D('',#14535,#11452,#11453);
#10343=AXIS2_PLACEMENT_3D('',#14544,#11458,#11459);
#10344=AXIS2_PLACEMENT_3D('',#14553,#11464,#11465);
#10345=AXIS2_PLACEMENT_3D('',#14556,#11468,#11469);
#10346=AXIS2_PLACEMENT_3D('',#14566,#11475,#11476);
#10347=AXIS2_PLACEMENT_3D('',#14575,#11481,#11482);
#10348=AXIS2_PLACEMENT_3D('',#14578,#11484,#11485);
#10349=AXIS2_PLACEMENT_3D('',#14579,#11486,#11487);
#10350=AXIS2_PLACEMENT_3D('',#14587,#11492,#11493);
#10351=AXIS2_PLACEMENT_3D('',#14589,#11494,#11495);
#10352=AXIS2_PLACEMENT_3D('',#14591,#11497,#11498);
#10353=AXIS2_PLACEMENT_3D('',#14593,#11499,#11500);
#10354=AXIS2_PLACEMENT_3D('',#14596,#11502,#11503);
#10355=AXIS2_PLACEMENT_3D('',#14602,#11507,#11508);
#10356=AXIS2_PLACEMENT_3D('',#14604,#11509,#11510);
#10357=AXIS2_PLACEMENT_3D('',#14606,#11512,#11513);
#10358=AXIS2_PLACEMENT_3D('',#14608,#11514,#11515);
#10359=AXIS2_PLACEMENT_3D('',#14610,#11517,#11518);
#10360=AXIS2_PLACEMENT_3D('',#14612,#11519,#11520);
#10361=AXIS2_PLACEMENT_3D('',#14614,#11522,#11523);
#10362=AXIS2_PLACEMENT_3D('',#14616,#11525,#11526);
#10363=AXIS2_PLACEMENT_3D('',#14622,#11530,#11531);
#10364=AXIS2_PLACEMENT_3D('',#14626,#11534,#11535);
#10365=AXIS2_PLACEMENT_3D('',#14628,#11537,#11538);
#10366=AXIS2_PLACEMENT_3D('',#14791,#11541,#11542);
#10367=AXIS2_PLACEMENT_3D('',#14794,#11544,#11545);
#10368=AXIS2_PLACEMENT_3D('',#14795,#11546,#11547);
#10369=AXIS2_PLACEMENT_3D('',#14796,#11548,#11549);
#10370=AXIS2_PLACEMENT_3D('',#14798,#11551,#11552);
#10371=AXIS2_PLACEMENT_3D('',#14799,#11553,#11554);
#10372=AXIS2_PLACEMENT_3D('',#14800,#11555,#11556);
#10373=AXIS2_PLACEMENT_3D('',#14801,#11557,#11558);
#10374=AXIS2_PLACEMENT_3D('',#14803,#11559,#11560);
#10375=AXIS2_PLACEMENT_3D('',#14806,#11562,#11563);
#10376=AXIS2_PLACEMENT_3D('',#14807,#11564,#11565);
#10377=AXIS2_PLACEMENT_3D('',#14808,#11566,#11567);
#10378=AXIS2_PLACEMENT_3D('',#14810,#11568,#11569);
#10379=AXIS2_PLACEMENT_3D('',#14813,#11571,#11572);
#10380=AXIS2_PLACEMENT_3D('',#14814,#11573,#11574);
#10381=AXIS2_PLACEMENT_3D('',#14816,#11575,#11576);
#10382=AXIS2_PLACEMENT_3D('',#14819,#11578,#11579);
#10383=AXIS2_PLACEMENT_3D('',#14820,#11580,#11581);
#10384=AXIS2_PLACEMENT_3D('',#14822,#11582,#11583);
#10385=AXIS2_PLACEMENT_3D('',#14825,#11585,#11586);
#10386=AXIS2_PLACEMENT_3D('',#14826,#11587,#11588);
#10387=AXIS2_PLACEMENT_3D('',#14828,#11589,#11590);
#10388=AXIS2_PLACEMENT_3D('',#14831,#11592,#11593);
#10389=AXIS2_PLACEMENT_3D('',#14832,#11594,#11595);
#10390=AXIS2_PLACEMENT_3D('',#14834,#11596,#11597);
#10391=AXIS2_PLACEMENT_3D('',#14835,#11598,#11599);
#10392=AXIS2_PLACEMENT_3D('',#14837,#11600,#11601);
#10393=AXIS2_PLACEMENT_3D('',#14839,#11603,#11604);
#10394=AXIS2_PLACEMENT_3D('',#14841,#11605,#11606);
#10395=AXIS2_PLACEMENT_3D('',#14844,#11608,#11609);
#10396=AXIS2_PLACEMENT_3D('',#14845,#11610,#11611);
#10397=AXIS2_PLACEMENT_3D('',#14846,#11612,#11613);
#10398=AXIS2_PLACEMENT_3D('',#14847,#11614,#11615);
#10399=AXIS2_PLACEMENT_3D('',#14848,#11616,#11617);
#10400=AXIS2_PLACEMENT_3D('',#14855,#11621,#11622);
#10401=AXIS2_PLACEMENT_3D('',#14862,#11626,#11627);
#10402=AXIS2_PLACEMENT_3D('',#14863,#11628,#11629);
#10403=AXIS2_PLACEMENT_3D('',#14865,#11631,#11632);
#10404=AXIS2_PLACEMENT_3D('',#14867,#11633,#11634);
#10405=AXIS2_PLACEMENT_3D('',#14869,#11635,#11636);
#10406=AXIS2_PLACEMENT_3D('',#14870,#11637,#11638);
#10407=AXIS2_PLACEMENT_3D('',#14875,#11640,#11641);
#10408=AXIS2_PLACEMENT_3D('',#14879,#11643,#11644);
#10409=AXIS2_PLACEMENT_3D('',#14883,#11646,#11647);
#10410=AXIS2_PLACEMENT_3D('',#14886,#11649,#11650);
#10411=AXIS2_PLACEMENT_3D('',#14888,#11651,#11652);
#10412=AXIS2_PLACEMENT_3D('',#14891,#11654,#11655);
#10413=AXIS2_PLACEMENT_3D('',#14892,#11656,#11657);
#10414=AXIS2_PLACEMENT_3D('',#14895,#11658,#11659);
#10415=AXIS2_PLACEMENT_3D('',#14899,#11661,#11662);
#10416=AXIS2_PLACEMENT_3D('',#14903,#11664,#11665);
#10417=AXIS2_PLACEMENT_3D('',#14907,#11667,#11668);
#10418=AXIS2_PLACEMENT_3D('',#14909,#11670,#11671);
#10419=AXIS2_PLACEMENT_3D('',#14913,#11674,#11675);
#10420=AXIS2_PLACEMENT_3D('',#14917,#11678,#11679);
#10421=AXIS2_PLACEMENT_3D('',#14919,#11681,#11682);
#10422=AXIS2_PLACEMENT_3D('',#14923,#11684,#11685);
#10423=AXIS2_PLACEMENT_3D('',#14927,#11687,#11688);
#10424=AXIS2_PLACEMENT_3D('',#14930,#11690,#11691);
#10425=AXIS2_PLACEMENT_3D('',#14931,#11692,#11693);
#10426=AXIS2_PLACEMENT_3D('',#14933,#11694,#11695);
#10427=AXIS2_PLACEMENT_3D('',#14936,#11697,#11698);
#10428=AXIS2_PLACEMENT_3D('',#14937,#11699,#11700);
#10429=AXIS2_PLACEMENT_3D('',#14939,#11701,#11702);
#10430=AXIS2_PLACEMENT_3D('',#14940,#11703,#11704);
#10431=AXIS2_PLACEMENT_3D('',#14942,#11706,#11707);
#10432=AXIS2_PLACEMENT_3D('',#14944,#11708,#11709);
#10433=AXIS2_PLACEMENT_3D('',#14947,#11711,#11712);
#10434=AXIS2_PLACEMENT_3D('',#14948,#11713,#11714);
#10435=AXIS2_PLACEMENT_3D('',#14949,#11715,#11716);
#10436=AXIS2_PLACEMENT_3D('',#14951,#11717,#11718);
#10437=AXIS2_PLACEMENT_3D('',#14954,#11720,#11721);
#10438=AXIS2_PLACEMENT_3D('',#14955,#11722,#11723);
#10439=AXIS2_PLACEMENT_3D('',#14956,#11724,#11725);
#10440=AXIS2_PLACEMENT_3D('',#14958,#11726,#11727);
#10441=AXIS2_PLACEMENT_3D('',#14961,#11729,#11730);
#10442=AXIS2_PLACEMENT_3D('',#14962,#11731,#11732);
#10443=AXIS2_PLACEMENT_3D('',#14963,#11733,#11734);
#10444=AXIS2_PLACEMENT_3D('',#14965,#11735,#11736);
#10445=AXIS2_PLACEMENT_3D('',#14968,#11738,#11739);
#10446=AXIS2_PLACEMENT_3D('',#14969,#11740,#11741);
#10447=AXIS2_PLACEMENT_3D('',#14970,#11742,#11743);
#10448=AXIS2_PLACEMENT_3D('',#14976,#11747,#11748);
#10449=AXIS2_PLACEMENT_3D('',#14980,#11751,#11752);
#10450=AXIS2_PLACEMENT_3D('',#14984,#11755,#11756);
#10451=AXIS2_PLACEMENT_3D('',#14986,#11758,#11759);
#10452=AXIS2_PLACEMENT_3D('',#14989,#11762,#11763);
#10453=AXIS2_PLACEMENT_3D('',#14995,#11767,#11768);
#10454=AXIS2_PLACEMENT_3D('',#15001,#11772,#11773);
#10455=AXIS2_PLACEMENT_3D('',#15005,#11776,#11777);
#10456=AXIS2_PLACEMENT_3D('',#15009,#11780,#11781);
#10457=AXIS2_PLACEMENT_3D('',#15027,#11791,#11792);
#10458=AXIS2_PLACEMENT_3D('',#15029,#11793,#11794);
#10459=AXIS2_PLACEMENT_3D('',#15030,#11795,#11796);
#10460=AXIS2_PLACEMENT_3D('',#15032,#11798,#11799);
#10461=AXIS2_PLACEMENT_3D('',#15034,#11801,#11802);
#10462=AXIS2_PLACEMENT_3D('',#15035,#11803,#11804);
#10463=AXIS2_PLACEMENT_3D('',#15049,#11812,#11813);
#10464=AXIS2_PLACEMENT_3D('',#15063,#11821,#11822);
#10465=AXIS2_PLACEMENT_3D('',#15067,#11825,#11826);
#10466=AXIS2_PLACEMENT_3D('',#15071,#11829,#11830);
#10467=AXIS2_PLACEMENT_3D('',#15073,#11832,#11833);
#10468=AXIS2_PLACEMENT_3D('',#15079,#11837,#11838);
#10469=AXIS2_PLACEMENT_3D('',#15085,#11842,#11843);
#10470=AXIS2_PLACEMENT_3D('',#15088,#11846,#11847);
#10471=AXIS2_PLACEMENT_3D('',#15094,#11851,#11852);
#10472=AXIS2_PLACEMENT_3D('',#15096,#11854,#11855);
#10473=AXIS2_PLACEMENT_3D('',#15102,#11859,#11860);
#10474=AXIS2_PLACEMENT_3D('',#15106,#11863,#11864);
#10475=AXIS2_PLACEMENT_3D('',#15110,#11867,#11868);
#10476=AXIS2_PLACEMENT_3D('',#15112,#11869,#11870);
#10477=AXIS2_PLACEMENT_3D('',#15114,#11872,#11873);
#10478=AXIS2_PLACEMENT_3D('',#15116,#11875,#11876);
#10479=AXIS2_PLACEMENT_3D('',#15118,#11878,#11879);
#10480=AXIS2_PLACEMENT_3D('',#15119,#11880,#11881);
#10481=AXIS2_PLACEMENT_3D('',#15120,#11882,#11883);
#10482=AXIS2_PLACEMENT_3D('',#15121,#11884,#11885);
#10483=AXIS2_PLACEMENT_3D('',#15123,#11886,#11887);
#10484=AXIS2_PLACEMENT_3D('',#15124,#11888,#11889);
#10485=AXIS2_PLACEMENT_3D('',#15126,#11890,#11891);
#10486=AXIS2_PLACEMENT_3D('',#15127,#11892,#11893);
#10487=AXIS2_PLACEMENT_3D('',#15144,#11902,#11903);
#10488=AXIS2_PLACEMENT_3D('',#15146,#11904,#11905);
#10489=AXIS2_PLACEMENT_3D('',#15149,#11907,#11908);
#10490=AXIS2_PLACEMENT_3D('',#15150,#11909,#11910);
#10491=AXIS2_PLACEMENT_3D('',#15151,#11911,#11912);
#10492=AXIS2_PLACEMENT_3D('',#15160,#11917,#11918);
#10493=AXIS2_PLACEMENT_3D('',#15170,#11923,#11924);
#10494=AXIS2_PLACEMENT_3D('',#15171,#11925,#11926);
#10495=AXIS2_PLACEMENT_3D('',#15177,#11930,#11931);
#10496=AXIS2_PLACEMENT_3D('',#15186,#11936,#11937);
#10497=AXIS2_PLACEMENT_3D('',#15192,#11941,#11942);
#10498=AXIS2_PLACEMENT_3D('',#15195,#11944,#11945);
#10499=AXIS2_PLACEMENT_3D('',#15196,#11946,#11947);
#10500=AXIS2_PLACEMENT_3D('',#15198,#11948,#11949);
#10501=AXIS2_PLACEMENT_3D('',#15201,#11951,#11952);
#10502=AXIS2_PLACEMENT_3D('',#15202,#11953,#11954);
#10503=AXIS2_PLACEMENT_3D('',#15204,#11955,#11956);
#10504=AXIS2_PLACEMENT_3D('',#15206,#11958,#11959);
#10505=AXIS2_PLACEMENT_3D('',#15212,#11963,#11964);
#10506=AXIS2_PLACEMENT_3D('',#15218,#11968,#11969);
#10507=AXIS2_PLACEMENT_3D('',#15224,#11973,#11974);
#10508=AXIS2_PLACEMENT_3D('',#15229,#11979,#11980);
#10509=AXIS2_PLACEMENT_3D('',#15231,#11981,#11982);
#10510=AXIS2_PLACEMENT_3D('',#15234,#11984,#11985);
#10511=AXIS2_PLACEMENT_3D('',#15235,#11986,#11987);
#10512=AXIS2_PLACEMENT_3D('',#15237,#11988,#11989);
#10513=AXIS2_PLACEMENT_3D('',#15239,#11991,#11992);
#10514=AXIS2_PLACEMENT_3D('',#15243,#11995,#11996);
#10515=AXIS2_PLACEMENT_3D('',#15247,#11999,#12000);
#10516=AXIS2_PLACEMENT_3D('',#15251,#12003,#12004);
#10517=AXIS2_PLACEMENT_3D('',#15255,#12007,#12008);
#10518=AXIS2_PLACEMENT_3D('',#15259,#12011,#12012);
#10519=AXIS2_PLACEMENT_3D('',#15263,#12015,#12016);
#10520=AXIS2_PLACEMENT_3D('',#15265,#12018,#12019);
#10521=AXIS2_PLACEMENT_3D('',#15266,#12020,#12021);
#10522=AXIS2_PLACEMENT_3D('',#15267,#12022,#12023);
#10523=AXIS2_PLACEMENT_3D('',#15273,#12027,#12028);
#10524=AXIS2_PLACEMENT_3D('',#15274,#12029,#12030);
#10525=AXIS2_PLACEMENT_3D('',#15280,#12034,#12035);
#10526=AXIS2_PLACEMENT_3D('',#15282,#12036,#12037);
#10527=AXIS2_PLACEMENT_3D('',#15285,#12039,#12040);
#10528=AXIS2_PLACEMENT_3D('',#15286,#12041,#12042);
#10529=AXIS2_PLACEMENT_3D('',#15292,#12046,#12047);
#10530=AXIS2_PLACEMENT_3D('',#15298,#12051,#12052);
#10531=AXIS2_PLACEMENT_3D('',#15299,#12053,#12054);
#10532=AXIS2_PLACEMENT_3D('',#15300,#12055,#12056);
#10533=AXIS2_PLACEMENT_3D('',#15301,#12057,#12058);
#10534=AXIS2_PLACEMENT_3D('',#15302,#12059,#12060);
#10535=AXIS2_PLACEMENT_3D('',#15304,#12061,#12062);
#10536=AXIS2_PLACEMENT_3D('',#15307,#12064,#12065);
#10537=AXIS2_PLACEMENT_3D('',#15308,#12066,#12067);
#10538=AXIS2_PLACEMENT_3D('',#15310,#12068,#12069);
#10539=AXIS2_PLACEMENT_3D('',#15313,#12071,#12072);
#10540=AXIS2_PLACEMENT_3D('',#15314,#12073,#12074);
#10541=AXIS2_PLACEMENT_3D('',#15316,#12075,#12076);
#10542=AXIS2_PLACEMENT_3D('',#15319,#12078,#12079);
#10543=AXIS2_PLACEMENT_3D('',#15320,#12080,#12081);
#10544=AXIS2_PLACEMENT_3D('',#15322,#12082,#12083);
#10545=AXIS2_PLACEMENT_3D('',#15325,#12085,#12086);
#10546=AXIS2_PLACEMENT_3D('',#15326,#12087,#12088);
#10547=AXIS2_PLACEMENT_3D('',#15327,#12089,#12090);
#10548=AXIS2_PLACEMENT_3D('',#15328,#12091,#12092);
#10549=AXIS2_PLACEMENT_3D('',#15329,#12093,#12094);
#10550=AXIS2_PLACEMENT_3D('',#15331,#12095,#12096);
#10551=AXIS2_PLACEMENT_3D('',#15333,#12097,#12098);
#10552=AXIS2_PLACEMENT_3D('',#15335,#12099,#12100);
#10553=AXIS2_PLACEMENT_3D('',#15337,#12101,#12102);
#10554=AXIS2_PLACEMENT_3D('',#15339,#12103,#12104);
#10555=AXIS2_PLACEMENT_3D('',#15341,#12105,#12106);
#10556=AXIS2_PLACEMENT_3D('',#15342,#12107,#12108);
#10557=AXIS2_PLACEMENT_3D('',#15345,#12110,#12111);
#10558=AXIS2_PLACEMENT_3D('',#15346,#12112,#12113);
#10559=AXIS2_PLACEMENT_3D('',#15349,#12115,#12116);
#10560=AXIS2_PLACEMENT_3D('',#15350,#12117,#12118);
#10561=AXIS2_PLACEMENT_3D('',#15353,#12120,#12121);
#10562=AXIS2_PLACEMENT_3D('',#15354,#12122,#12123);
#10563=AXIS2_PLACEMENT_3D('',#15357,#12125,#12126);
#10564=AXIS2_PLACEMENT_3D('',#15358,#12127,#12128);
#10565=AXIS2_PLACEMENT_3D('',#15361,#12130,#12131);
#10566=AXIS2_PLACEMENT_3D('',#15362,#12132,#12133);
#10567=AXIS2_PLACEMENT_3D('',#15363,#12134,#12135);
#10568=AXIS2_PLACEMENT_3D('',#15364,#12136,#12137);
#10569=AXIS2_PLACEMENT_3D('',#15365,#12138,#12139);
#10570=AXIS2_PLACEMENT_3D('',#15366,#12140,#12141);
#10571=AXIS2_PLACEMENT_3D('',#15367,#12142,#12143);
#10572=AXIS2_PLACEMENT_3D('',#15369,#12144,#12145);
#10573=AXIS2_PLACEMENT_3D('',#15371,#12147,#12148);
#10574=AXIS2_PLACEMENT_3D('',#15373,#12149,#12150);
#10575=AXIS2_PLACEMENT_3D('',#15374,#12151,#12152);
#10576=AXIS2_PLACEMENT_3D('',#15377,#12153,#12154);
#10577=AXIS2_PLACEMENT_3D('',#15381,#12156,#12157);
#10578=AXIS2_PLACEMENT_3D('',#15383,#12159,#12160);
#10579=AXIS2_PLACEMENT_3D('',#15386,#12161,#12162);
#10580=AXIS2_PLACEMENT_3D('',#15390,#12164,#12165);
#10581=AXIS2_PLACEMENT_3D('',#15392,#12167,#12168);
#10582=AXIS2_PLACEMENT_3D('',#15398,#12172,#12173);
#10583=AXIS2_PLACEMENT_3D('',#15400,#12174,#12175);
#10584=AXIS2_PLACEMENT_3D('',#15404,#12177,#12178);
#10585=AXIS2_PLACEMENT_3D('',#15406,#12179,#12180);
#10586=AXIS2_PLACEMENT_3D('',#15408,#12181,#12182);
#10587=AXIS2_PLACEMENT_3D('',#15409,#12183,#12184);
#10588=AXIS2_PLACEMENT_3D('',#15410,#12185,#12186);
#10589=AXIS2_PLACEMENT_3D('',#15413,#12189,#12190);
#10590=AXIS2_PLACEMENT_3D('',#15417,#12193,#12194);
#10591=AXIS2_PLACEMENT_3D('',#15421,#12197,#12198);
#10592=AXIS2_PLACEMENT_3D('',#15427,#12202,#12203);
#10593=AXIS2_PLACEMENT_3D('',#15429,#12204,#12205);
#10594=AXIS2_PLACEMENT_3D('',#15430,#12206,#12207);
#10595=AXIS2_PLACEMENT_3D('',#15444,#12215,#12216);
#10596=AXIS2_PLACEMENT_3D('',#15462,#12225,#12226);
#10597=AXIS2_PLACEMENT_3D('',#15464,#12227,#12228);
#10598=AXIS2_PLACEMENT_3D('',#15465,#12229,#12230);
#10599=AXIS2_PLACEMENT_3D('',#15468,#12233,#12234);
#10600=AXIS2_PLACEMENT_3D('',#15470,#12236,#12237);
#10601=AXIS2_PLACEMENT_3D('',#15472,#12239,#12240);
#10602=AXIS2_PLACEMENT_3D('',#15473,#12241,#12242);
#10603=AXIS2_PLACEMENT_3D('',#15476,#12245,#12246);
#10604=AXIS2_PLACEMENT_3D('',#15478,#12248,#12249);
#10605=AXIS2_PLACEMENT_3D('',#15480,#12251,#12252);
#10606=AXIS2_PLACEMENT_3D('',#15481,#12253,#12254);
#10607=AXIS2_PLACEMENT_3D('',#15483,#12256,#12257);
#10608=AXIS2_PLACEMENT_3D('',#15485,#12259,#12260);
#10609=AXIS2_PLACEMENT_3D('',#15493,#12265,#12266);
#10610=AXIS2_PLACEMENT_3D('',#15497,#12269,#12270);
#10611=AXIS2_PLACEMENT_3D('',#15503,#12274,#12275);
#10612=AXIS2_PLACEMENT_3D('',#15504,#12276,#12277);
#10613=AXIS2_PLACEMENT_3D('',#15505,#12278,#12279);
#10614=AXIS2_PLACEMENT_3D('',#15506,#12280,#12281);
#10615=AXIS2_PLACEMENT_3D('',#15507,#12282,#12283);
#10616=AXIS2_PLACEMENT_3D('',#15508,#12284,#12285);
#10617=AXIS2_PLACEMENT_3D('',#15509,#12286,#12287);
#10618=AXIS2_PLACEMENT_3D('',#15511,#12288,#12289);
#10619=AXIS2_PLACEMENT_3D('',#15514,#12291,#12292);
#10620=AXIS2_PLACEMENT_3D('',#15515,#12293,#12294);
#10621=AXIS2_PLACEMENT_3D('',#15516,#12295,#12296);
#10622=AXIS2_PLACEMENT_3D('',#15518,#12297,#12298);
#10623=AXIS2_PLACEMENT_3D('',#15521,#12300,#12301);
#10624=AXIS2_PLACEMENT_3D('',#15522,#12302,#12303);
#10625=AXIS2_PLACEMENT_3D('',#15523,#12304,#12305);
#10626=AXIS2_PLACEMENT_3D('',#15532,#12310,#12311);
#10627=AXIS2_PLACEMENT_3D('',#15541,#12316,#12317);
#10628=AXIS2_PLACEMENT_3D('',#15544,#12320,#12321);
#10629=AXIS2_PLACEMENT_3D('',#15546,#12322,#12323);
#10630=AXIS2_PLACEMENT_3D('',#15547,#12324,#12325);
#10631=AXIS2_PLACEMENT_3D('',#15548,#12326,#12327);
#10632=AXIS2_PLACEMENT_3D('',#15557,#12332,#12333);
#10633=AXIS2_PLACEMENT_3D('',#15566,#12338,#12339);
#10634=AXIS2_PLACEMENT_3D('',#15569,#12342,#12343);
#10635=AXIS2_PLACEMENT_3D('',#15570,#12344,#12345);
#10636=AXIS2_PLACEMENT_3D('',#15571,#12346,#12347);
#10637=AXIS2_PLACEMENT_3D('',#15580,#12352,#12353);
#10638=AXIS2_PLACEMENT_3D('',#15581,#12354,#12355);
#10639=AXIS2_PLACEMENT_3D('',#15582,#12356,#12357);
#10640=AXIS2_PLACEMENT_3D('',#15585,#12359,#12360);
#10641=AXIS2_PLACEMENT_3D('',#15586,#12361,#12362);
#10642=AXIS2_PLACEMENT_3D('',#15595,#12367,#12368);
#10643=AXIS2_PLACEMENT_3D('',#15598,#12371,#12372);
#10644=AXIS2_PLACEMENT_3D('',#15604,#12376,#12377);
#10645=AXIS2_PLACEMENT_3D('',#15606,#12378,#12379);
#10646=AXIS2_PLACEMENT_3D('',#15607,#12380,#12381);
#10647=AXIS2_PLACEMENT_3D('',#15609,#12382,#12383);
#10648=AXIS2_PLACEMENT_3D('',#15610,#12384,#12385);
#10649=AXIS2_PLACEMENT_3D('',#15621,#12391,#12392);
#10650=AXIS2_PLACEMENT_3D('',#15629,#12397,#12398);
#10651=AXIS2_PLACEMENT_3D('',#15638,#12403,#12404);
#10652=AXIS2_PLACEMENT_3D('',#15644,#12408,#12409);
#10653=AXIS2_PLACEMENT_3D('',#15646,#12410,#12411);
#10654=AXIS2_PLACEMENT_3D('',#15648,#12413,#12414);
#10655=AXIS2_PLACEMENT_3D('',#15650,#12415,#12416);
#10656=AXIS2_PLACEMENT_3D('',#15652,#12418,#12419);
#10657=AXIS2_PLACEMENT_3D('',#15660,#12424,#12425);
#10658=AXIS2_PLACEMENT_3D('',#15663,#12428,#12429);
#10659=AXIS2_PLACEMENT_3D('',#15669,#12433,#12434);
#10660=AXIS2_PLACEMENT_3D('',#15672,#12437,#12438);
#10661=AXIS2_PLACEMENT_3D('',#15673,#12439,#12440);
#10662=AXIS2_PLACEMENT_3D('',#15676,#12441,#12442);
#10663=AXIS2_PLACEMENT_3D('',#15679,#12444,#12445);
#10664=AXIS2_PLACEMENT_3D('',#15680,#12446,#12447);
#10665=AXIS2_PLACEMENT_3D('',#15681,#12448,#12449);
#10666=AXIS2_PLACEMENT_3D('',#15683,#12450,#12451);
#10667=AXIS2_PLACEMENT_3D('',#15685,#12453,#12454);
#10668=AXIS2_PLACEMENT_3D('',#15687,#12455,#12456);
#10669=AXIS2_PLACEMENT_3D('',#15692,#12459,#12460);
#10670=AXIS2_PLACEMENT_3D('',#15694,#12462,#12463);
#10671=AXIS2_PLACEMENT_3D('',#15697,#12465,#12466);
#10672=AXIS2_PLACEMENT_3D('',#15698,#12467,#12468);
#10673=AXIS2_PLACEMENT_3D('',#15699,#12469,#12470);
#10674=AXIS2_PLACEMENT_3D('',#15700,#12471,#12472);
#10675=AXIS2_PLACEMENT_3D('',#15704,#12474,#12475);
#10676=AXIS2_PLACEMENT_3D('',#15706,#12477,#12478);
#10677=AXIS2_PLACEMENT_3D('',#15708,#12480,#12481);
#10678=AXIS2_PLACEMENT_3D('',#15710,#12483,#12484);
#10679=AXIS2_PLACEMENT_3D('',#15711,#12485,#12486);
#10680=AXIS2_PLACEMENT_3D('',#15713,#12488,#12489);
#10681=AXIS2_PLACEMENT_3D('',#15714,#12490,#12491);
#10682=AXIS2_PLACEMENT_3D('',#15715,#12492,#12493);
#10683=AXIS2_PLACEMENT_3D('',#15716,#12494,#12495);
#10684=AXIS2_PLACEMENT_3D('',#15718,#12496,#12497);
#10685=AXIS2_PLACEMENT_3D('',#15721,#12499,#12500);
#10686=AXIS2_PLACEMENT_3D('',#15722,#12501,#12502);
#10687=AXIS2_PLACEMENT_3D('',#15723,#12503,#12504);
#10688=AXIS2_PLACEMENT_3D('',#15725,#12505,#12506);
#10689=AXIS2_PLACEMENT_3D('',#15728,#12508,#12509);
#10690=AXIS2_PLACEMENT_3D('',#15729,#12510,#12511);
#10691=AXIS2_PLACEMENT_3D('',#15730,#12512,#12513);
#10692=AXIS2_PLACEMENT_3D('',#15732,#12514,#12515);
#10693=AXIS2_PLACEMENT_3D('',#15735,#12517,#12518);
#10694=AXIS2_PLACEMENT_3D('',#15736,#12519,#12520);
#10695=AXIS2_PLACEMENT_3D('',#15737,#12521,#12522);
#10696=AXIS2_PLACEMENT_3D('',#15739,#12523,#12524);
#10697=AXIS2_PLACEMENT_3D('',#15742,#12526,#12527);
#10698=AXIS2_PLACEMENT_3D('',#15743,#12528,#12529);
#10699=AXIS2_PLACEMENT_3D('',#15744,#12530,#12531);
#10700=AXIS2_PLACEMENT_3D('',#15746,#12532,#12533);
#10701=AXIS2_PLACEMENT_3D('',#15749,#12535,#12536);
#10702=AXIS2_PLACEMENT_3D('',#15750,#12537,#12538);
#10703=AXIS2_PLACEMENT_3D('',#15751,#12539,#12540);
#10704=AXIS2_PLACEMENT_3D('',#15753,#12541,#12542);
#10705=AXIS2_PLACEMENT_3D('',#15756,#12544,#12545);
#10706=AXIS2_PLACEMENT_3D('',#15757,#12546,#12547);
#10707=AXIS2_PLACEMENT_3D('',#15758,#12548,#12549);
#10708=AXIS2_PLACEMENT_3D('',#15760,#12550,#12551);
#10709=AXIS2_PLACEMENT_3D('',#15763,#12553,#12554);
#10710=AXIS2_PLACEMENT_3D('',#15764,#12555,#12556);
#10711=AXIS2_PLACEMENT_3D('',#15765,#12557,#12558);
#10712=AXIS2_PLACEMENT_3D('',#15767,#12559,#12560);
#10713=AXIS2_PLACEMENT_3D('',#15770,#12562,#12563);
#10714=AXIS2_PLACEMENT_3D('',#15771,#12564,#12565);
#10715=AXIS2_PLACEMENT_3D('',#15772,#12566,#12567);
#10716=AXIS2_PLACEMENT_3D('',#15774,#12568,#12569);
#10717=AXIS2_PLACEMENT_3D('',#15777,#12571,#12572);
#10718=AXIS2_PLACEMENT_3D('',#15778,#12573,#12574);
#10719=AXIS2_PLACEMENT_3D('',#15779,#12575,#12576);
#10720=AXIS2_PLACEMENT_3D('',#15781,#12577,#12578);
#10721=AXIS2_PLACEMENT_3D('',#15784,#12580,#12581);
#10722=AXIS2_PLACEMENT_3D('',#15785,#12582,#12583);
#10723=AXIS2_PLACEMENT_3D('',#15786,#12584,#12585);
#10724=AXIS2_PLACEMENT_3D('',#15788,#12586,#12587);
#10725=AXIS2_PLACEMENT_3D('',#15791,#12589,#12590);
#10726=AXIS2_PLACEMENT_3D('',#15792,#12591,#12592);
#10727=AXIS2_PLACEMENT_3D('',#15793,#12593,#12594);
#10728=AXIS2_PLACEMENT_3D('',#15795,#12595,#12596);
#10729=AXIS2_PLACEMENT_3D('',#15798,#12598,#12599);
#10730=AXIS2_PLACEMENT_3D('',#15799,#12600,#12601);
#10731=AXIS2_PLACEMENT_3D('',#15800,#12602,#12603);
#10732=AXIS2_PLACEMENT_3D('',#15802,#12604,#12605);
#10733=AXIS2_PLACEMENT_3D('',#15805,#12607,#12608);
#10734=AXIS2_PLACEMENT_3D('',#15806,#12609,#12610);
#10735=AXIS2_PLACEMENT_3D('',#15807,#12611,#12612);
#10736=AXIS2_PLACEMENT_3D('',#15809,#12613,#12614);
#10737=AXIS2_PLACEMENT_3D('',#15812,#12616,#12617);
#10738=AXIS2_PLACEMENT_3D('',#15813,#12618,#12619);
#10739=AXIS2_PLACEMENT_3D('',#15814,#12620,#12621);
#10740=AXIS2_PLACEMENT_3D('',#15816,#12622,#12623);
#10741=AXIS2_PLACEMENT_3D('',#15819,#12625,#12626);
#10742=AXIS2_PLACEMENT_3D('',#15820,#12627,#12628);
#10743=AXIS2_PLACEMENT_3D('',#15821,#12629,#12630);
#10744=AXIS2_PLACEMENT_3D('',#15823,#12631,#12632);
#10745=AXIS2_PLACEMENT_3D('',#15826,#12634,#12635);
#10746=AXIS2_PLACEMENT_3D('',#15827,#12636,#12637);
#10747=AXIS2_PLACEMENT_3D('',#15828,#12638,#12639);
#10748=AXIS2_PLACEMENT_3D('',#15833,#12641,#12642);
#10749=AXIS2_PLACEMENT_3D('',#15836,#12644,#12645);
#10750=AXIS2_PLACEMENT_3D('',#15837,#12646,#12647);
#10751=AXIS2_PLACEMENT_3D('',#15842,#12650,#12651);
#10752=AXIS2_PLACEMENT_3D('',#15843,#12652,#12653);
#10753=AXIS2_PLACEMENT_3D('',#15847,#12655,#12656);
#10754=AXIS2_PLACEMENT_3D('',#15849,#12658,#12659);
#10755=AXIS2_PLACEMENT_3D('',#15852,#12662,#12663);
#10756=AXIS2_PLACEMENT_3D('',#15857,#12665,#12666);
#10757=AXIS2_PLACEMENT_3D('',#15860,#12668,#12669);
#10758=AXIS2_PLACEMENT_3D('',#15861,#12670,#12671);
#10759=AXIS2_PLACEMENT_3D('',#15866,#12674,#12675);
#10760=AXIS2_PLACEMENT_3D('',#15867,#12676,#12677);
#10761=AXIS2_PLACEMENT_3D('',#15871,#12679,#12680);
#10762=AXIS2_PLACEMENT_3D('',#15873,#12682,#12683);
#10763=AXIS2_PLACEMENT_3D('',#15876,#12686,#12687);
#10764=AXIS2_PLACEMENT_3D('',#15885,#12692,#12693);
#10765=AXIS2_PLACEMENT_3D('',#15891,#12697,#12698);
#10766=AXIS2_PLACEMENT_3D('',#15897,#12702,#12703);
#10767=AXIS2_PLACEMENT_3D('',#15900,#12706,#12707);
#10768=AXIS2_PLACEMENT_3D('',#15909,#12712,#12713);
#10769=AXIS2_PLACEMENT_3D('',#15923,#12721,#12722);
#10770=AXIS2_PLACEMENT_3D('',#15937,#12730,#12731);
#10771=AXIS2_PLACEMENT_3D('',#15939,#12733,#12734);
#10772=AXIS2_PLACEMENT_3D('',#15941,#12736,#12737);
#10773=AXIS2_PLACEMENT_3D('',#15943,#12738,#12739);
#10774=AXIS2_PLACEMENT_3D('',#15946,#12741,#12742);
#10775=AXIS2_PLACEMENT_3D('',#15947,#12743,#12744);
#10776=AXIS2_PLACEMENT_3D('',#15948,#12745,#12746);
#10777=AXIS2_PLACEMENT_3D('',#15957,#12751,#12752);
#10778=AXIS2_PLACEMENT_3D('',#15966,#12757,#12758);
#10779=AXIS2_PLACEMENT_3D('',#15969,#12761,#12762);
#10780=AXIS2_PLACEMENT_3D('',#15975,#12766,#12767);
#10781=AXIS2_PLACEMENT_3D('',#15996,#12779,#12780);
#10782=AXIS2_PLACEMENT_3D('',#15998,#12781,#12782);
#10783=AXIS2_PLACEMENT_3D('',#16000,#12783,#12784);
#10784=AXIS2_PLACEMENT_3D('',#16001,#12785,#12786);
#10785=AXIS2_PLACEMENT_3D('',#16016,#12795,#12796);
#10786=AXIS2_PLACEMENT_3D('',#16018,#12797,#12798);
#10787=AXIS2_PLACEMENT_3D('',#16020,#12800,#12801);
#10788=AXIS2_PLACEMENT_3D('',#16021,#12802,#12803);
#10789=AXIS2_PLACEMENT_3D('',#16024,#12806,#12807);
#10790=AXIS2_PLACEMENT_3D('',#16025,#12808,#12809);
#10791=AXIS2_PLACEMENT_3D('',#16026,#12810,#12811);
#10792=AXIS2_PLACEMENT_3D('',#16028,#12812,#12813);
#10793=AXIS2_PLACEMENT_3D('',#16030,#12815,#12816);
#10794=AXIS2_PLACEMENT_3D('',#16031,#12817,#12818);
#10795=AXIS2_PLACEMENT_3D('',#16033,#12820,#12821);
#10796=AXIS2_PLACEMENT_3D('',#16035,#12823,#12824);
#10797=AXIS2_PLACEMENT_3D('',#16037,#12826,#12827);
#10798=AXIS2_PLACEMENT_3D('',#16039,#12828,#12829);
#10799=AXIS2_PLACEMENT_3D('',#16041,#12831,#12832);
#10800=AXIS2_PLACEMENT_3D('',#16042,#12833,#12834);
#10801=AXIS2_PLACEMENT_3D('',#16044,#12836,#12837);
#10802=AXIS2_PLACEMENT_3D('',#16045,#12838,#12839);
#10803=AXIS2_PLACEMENT_3D('',#16049,#12842,#12843);
#10804=AXIS2_PLACEMENT_3D('',#16053,#12846,#12847);
#10805=AXIS2_PLACEMENT_3D('',#16055,#12849,#12850);
#10806=AXIS2_PLACEMENT_3D('',#16056,#12851,#12852);
#10807=AXIS2_PLACEMENT_3D('',#16057,#12853,#12854);
#10808=AXIS2_PLACEMENT_3D('',#16068,#12859,#12860);
#10809=AXIS2_PLACEMENT_3D('',#16070,#12861,#12862);
#10810=AXIS2_PLACEMENT_3D('',#16072,#12863,#12864);
#10811=AXIS2_PLACEMENT_3D('',#16074,#12865,#12866);
#10812=AXIS2_PLACEMENT_3D('',#16076,#12867,#12868);
#10813=AXIS2_PLACEMENT_3D('',#16078,#12869,#12870);
#10814=AXIS2_PLACEMENT_3D('',#16080,#12871,#12872);
#10815=AXIS2_PLACEMENT_3D('',#16081,#12873,#12874);
#10816=AXIS2_PLACEMENT_3D('',#16083,#12875,#12876);
#10817=AXIS2_PLACEMENT_3D('',#16085,#12877,#12878);
#10818=AXIS2_PLACEMENT_3D('',#16087,#12879,#12880);
#10819=AXIS2_PLACEMENT_3D('',#16089,#12881,#12882);
#10820=AXIS2_PLACEMENT_3D('',#16091,#12883,#12884);
#10821=AXIS2_PLACEMENT_3D('',#16092,#12885,#12886);
#10822=AXIS2_PLACEMENT_3D('',#16098,#12890,#12891);
#10823=AXIS2_PLACEMENT_3D('',#16102,#12894,#12895);
#10824=AXIS2_PLACEMENT_3D('',#16106,#12897,#12898);
#10825=AXIS2_PLACEMENT_3D('',#16108,#12900,#12901);
#10826=AXIS2_PLACEMENT_3D('',#16114,#12904,#12905);
#10827=AXIS2_PLACEMENT_3D('',#16118,#12907,#12908);
#10828=AXIS2_PLACEMENT_3D('',#16122,#12910,#12911);
#10829=AXIS2_PLACEMENT_3D('',#16124,#12913,#12914);
#10830=AXIS2_PLACEMENT_3D('',#16127,#12916,#12917);
#10831=AXIS2_PLACEMENT_3D('',#16128,#12918,#12919);
#10832=AXIS2_PLACEMENT_3D('',#16134,#12922,#12923);
#10833=AXIS2_PLACEMENT_3D('',#16138,#12925,#12926);
#10834=AXIS2_PLACEMENT_3D('',#16142,#12928,#12929);
#10835=AXIS2_PLACEMENT_3D('',#16144,#12931,#12932);
#10836=AXIS2_PLACEMENT_3D('',#16148,#12934,#12935);
#10837=AXIS2_PLACEMENT_3D('',#16150,#12937,#12938);
#10838=AXIS2_PLACEMENT_3D('',#16153,#12940,#12941);
#10839=AXIS2_PLACEMENT_3D('',#16154,#12942,#12943);
#10840=AXIS2_PLACEMENT_3D('',#16155,#12944,#12945);
#10841=AXIS2_PLACEMENT_3D('',#16156,#12946,#12947);
#10842=AXIS2_PLACEMENT_3D('',#16157,#12948,#12949);
#10843=AXIS2_PLACEMENT_3D('',#16158,#12950,#12951);
#10844=AXIS2_PLACEMENT_3D('',#16159,#12952,#12953);
#10845=AXIS2_PLACEMENT_3D('',#16160,#12954,#12955);
#10846=AXIS2_PLACEMENT_3D('',#16161,#12956,#12957);
#10847=AXIS2_PLACEMENT_3D('',#16162,#12958,#12959);
#10848=AXIS2_PLACEMENT_3D('',#16164,#12960,#12961);
#10849=AXIS2_PLACEMENT_3D('',#16166,#12963,#12964);
#10850=AXIS2_PLACEMENT_3D('',#16168,#12965,#12966);
#10851=AXIS2_PLACEMENT_3D('',#16171,#12968,#12969);
#10852=AXIS2_PLACEMENT_3D('',#16172,#12970,#12971);
#10853=AXIS2_PLACEMENT_3D('',#16173,#12972,#12973);
#10854=AXIS2_PLACEMENT_3D('',#16174,#12974,#12975);
#10855=AXIS2_PLACEMENT_3D('',#16178,#12977,#12978);
#10856=AXIS2_PLACEMENT_3D('',#16180,#12980,#12981);
#10857=AXIS2_PLACEMENT_3D('',#16182,#12982,#12983);
#10858=AXIS2_PLACEMENT_3D('',#16186,#12985,#12986);
#10859=AXIS2_PLACEMENT_3D('',#16190,#12988,#12989);
#10860=AXIS2_PLACEMENT_3D('',#16192,#12991,#12992);
#10861=AXIS2_PLACEMENT_3D('',#16194,#12993,#12994);
#10862=AXIS2_PLACEMENT_3D('',#16196,#12995,#12996);
#10863=AXIS2_PLACEMENT_3D('',#16198,#12998,#12999);
#10864=AXIS2_PLACEMENT_3D('',#16199,#13000,#13001);
#10865=AXIS2_PLACEMENT_3D('',#16200,#13002,#13003);
#10866=AXIS2_PLACEMENT_3D('',#16201,#13004,#13005);
#10867=AXIS2_PLACEMENT_3D('',#16202,#13006,#13007);
#10868=AXIS2_PLACEMENT_3D('',#16203,#13008,#13009);
#10869=AXIS2_PLACEMENT_3D('',#16204,#13010,#13011);
#10870=AXIS2_PLACEMENT_3D('',#16205,#13012,#13013);
#10871=AXIS2_PLACEMENT_3D('',#16206,#13014,#13015);
#10872=AXIS2_PLACEMENT_3D('',#16207,#13016,#13017);
#10873=AXIS2_PLACEMENT_3D('',#16208,#13018,#13019);
#10874=AXIS2_PLACEMENT_3D('',#16209,#13020,#13021);
#10875=AXIS2_PLACEMENT_3D('',#16210,#13022,#13023);
#10876=AXIS2_PLACEMENT_3D('',#16211,#13024,#13025);
#10877=AXIS2_PLACEMENT_3D('',#16212,#13026,#13027);
#10878=AXIS2_PLACEMENT_3D('',#16213,#13028,#13029);
#10879=AXIS2_PLACEMENT_3D('',#16214,#13030,#13031);
#10880=AXIS2_PLACEMENT_3D('',#16217,#13032,#13033);
#10881=AXIS2_PLACEMENT_3D('',#16221,#13035,#13036);
#10882=AXIS2_PLACEMENT_3D('',#16223,#13038,#13039);
#10883=AXIS2_PLACEMENT_3D('',#16226,#13040,#13041);
#10884=AXIS2_PLACEMENT_3D('',#16230,#13043,#13044);
#10885=AXIS2_PLACEMENT_3D('',#16232,#13046,#13047);
#10886=AXIS2_PLACEMENT_3D('',#16233,#13048,#13049);
#10887=AXIS2_PLACEMENT_3D('',#16234,#13050,#13051);
#10888=AXIS2_PLACEMENT_3D('',#16235,#13052,#13053);
#10889=AXIS2_PLACEMENT_3D('',#16236,#13054,#13055);
#10890=AXIS2_PLACEMENT_3D('',#16237,#13056,#13057);
#10891=AXIS2_PLACEMENT_3D('',#16242,#13060,#13061);
#10892=AXIS2_PLACEMENT_3D('',#16244,#13062,#13063);
#10893=AXIS2_PLACEMENT_3D('',#16246,#13064,#13065);
#10894=AXIS2_PLACEMENT_3D('',#16248,#13066,#13067);
#10895=AXIS2_PLACEMENT_3D('',#16250,#13068,#13069);
#10896=AXIS2_PLACEMENT_3D('',#16252,#13070,#13071);
#10897=AXIS2_PLACEMENT_3D('',#16254,#13072,#13073);
#10898=AXIS2_PLACEMENT_3D('',#16255,#13074,#13075);
#10899=AXIS2_PLACEMENT_3D('',#16257,#13076,#13077);
#10900=AXIS2_PLACEMENT_3D('',#16259,#13078,#13079);
#10901=AXIS2_PLACEMENT_3D('',#16261,#13080,#13081);
#10902=AXIS2_PLACEMENT_3D('',#16263,#13082,#13083);
#10903=AXIS2_PLACEMENT_3D('',#16264,#13084,#13085);
#10904=AXIS2_PLACEMENT_3D('',#16267,#13086,#13087);
#10905=AXIS2_PLACEMENT_3D('',#16271,#13089,#13090);
#10906=AXIS2_PLACEMENT_3D('',#16273,#13092,#13093);
#10907=AXIS2_PLACEMENT_3D('',#16277,#13095,#13096);
#10908=AXIS2_PLACEMENT_3D('',#16279,#13098,#13099);
#10909=AXIS2_PLACEMENT_3D('',#16280,#13100,#13101);
#10910=AXIS2_PLACEMENT_3D('',#16281,#13102,#13103);
#10911=AXIS2_PLACEMENT_3D('',#16282,#13104,#13105);
#10912=AXIS2_PLACEMENT_3D('',#16283,#13106,#13107);
#10913=AXIS2_PLACEMENT_3D('',#16284,#13108,#13109);
#10914=AXIS2_PLACEMENT_3D('',#16287,#13110,#13111);
#10915=AXIS2_PLACEMENT_3D('',#16291,#13113,#13114);
#10916=AXIS2_PLACEMENT_3D('',#16293,#13116,#13117);
#10917=AXIS2_PLACEMENT_3D('',#16297,#13119,#13120);
#10918=AXIS2_PLACEMENT_3D('',#16299,#13122,#13123);
#10919=AXIS2_PLACEMENT_3D('',#16300,#13124,#13125);
#10920=AXIS2_PLACEMENT_3D('',#16301,#13126,#13127);
#10921=AXIS2_PLACEMENT_3D('',#16302,#13128,#13129);
#10922=AXIS2_PLACEMENT_3D('',#16303,#13130,#13131);
#10923=AXIS2_PLACEMENT_3D('',#16304,#13132,#13133);
#10924=AXIS2_PLACEMENT_3D('',#16307,#13134,#13135);
#10925=AXIS2_PLACEMENT_3D('',#16311,#13137,#13138);
#10926=AXIS2_PLACEMENT_3D('',#16313,#13140,#13141);
#10927=AXIS2_PLACEMENT_3D('',#16317,#13143,#13144);
#10928=AXIS2_PLACEMENT_3D('',#16319,#13146,#13147);
#10929=AXIS2_PLACEMENT_3D('',#16320,#13148,#13149);
#10930=AXIS2_PLACEMENT_3D('',#16321,#13150,#13151);
#10931=AXIS2_PLACEMENT_3D('',#16322,#13152,#13153);
#10932=AXIS2_PLACEMENT_3D('',#16323,#13154,#13155);
#10933=AXIS2_PLACEMENT_3D('',#16324,#13156,#13157);
#10934=AXIS2_PLACEMENT_3D('',#16326,#13159,#13160);
#10935=AXIS2_PLACEMENT_3D('',#16328,#13162,#13163);
#10936=AXIS2_PLACEMENT_3D('',#16330,#13165,#13166);
#10937=AXIS2_PLACEMENT_3D('',#16332,#13168,#13169);
#10938=AXIS2_PLACEMENT_3D('',#16334,#13171,#13172);
#10939=AXIS2_PLACEMENT_3D('',#16336,#13174,#13175);
#10940=AXIS2_PLACEMENT_3D('',#16337,#13176,#13177);
#10941=AXIS2_PLACEMENT_3D('',#16338,#13178,#13179);
#10942=AXIS2_PLACEMENT_3D('',#16339,#13180,#13181);
#10943=AXIS2_PLACEMENT_3D('',#16342,#13182,#13183);
#10944=AXIS2_PLACEMENT_3D('',#16346,#13185,#13186);
#10945=AXIS2_PLACEMENT_3D('',#16348,#13188,#13189);
#10946=AXIS2_PLACEMENT_3D('',#16352,#13191,#13192);
#10947=AXIS2_PLACEMENT_3D('',#16356,#13194,#13195);
#10948=AXIS2_PLACEMENT_3D('',#16360,#13197,#13198);
#10949=AXIS2_PLACEMENT_3D('',#16363,#13200,#13201);
#10950=AXIS2_PLACEMENT_3D('',#16365,#13202,#13203);
#10951=AXIS2_PLACEMENT_3D('',#16367,#13204,#13205);
#10952=AXIS2_PLACEMENT_3D('',#16369,#13206,#13207);
#10953=AXIS2_PLACEMENT_3D('',#16394,#13220,#13221);
#10954=AXIS2_PLACEMENT_3D('',#16402,#13225,#13226);
#10955=AXIS2_PLACEMENT_3D('',#16405,#13228,#13229);
#10956=AXIS2_PLACEMENT_3D('',#16406,#13230,#13231);
#10957=AXIS2_PLACEMENT_3D('',#16408,#13232,#13233);
#10958=AXIS2_PLACEMENT_3D('',#16410,#13235,#13236);
#10959=AXIS2_PLACEMENT_3D('',#16414,#13238,#13239);
#10960=AXIS2_PLACEMENT_3D('',#16416,#13241,#13242);
#10961=AXIS2_PLACEMENT_3D('',#16420,#13245,#13246);
#10962=AXIS2_PLACEMENT_3D('',#16422,#13247,#13248);
#10963=AXIS2_PLACEMENT_3D('',#16424,#13250,#13251);
#10964=AXIS2_PLACEMENT_3D('',#16426,#13252,#13253);
#10965=AXIS2_PLACEMENT_3D('',#16429,#13255,#13256);
#10966=AXIS2_PLACEMENT_3D('',#16430,#13257,#13258);
#10967=AXIS2_PLACEMENT_3D('',#16431,#13259,#13260);
#10968=AXIS2_PLACEMENT_3D('',#16433,#13261,#13262);
#10969=AXIS2_PLACEMENT_3D('',#16436,#13264,#13265);
#10970=AXIS2_PLACEMENT_3D('',#16437,#13266,#13267);
#10971=AXIS2_PLACEMENT_3D('',#16438,#13268,#13269);
#10972=AXIS2_PLACEMENT_3D('',#16440,#13270,#13271);
#10973=AXIS2_PLACEMENT_3D('',#16443,#13273,#13274);
#10974=AXIS2_PLACEMENT_3D('',#16444,#13275,#13276);
#10975=AXIS2_PLACEMENT_3D('',#16445,#13277,#13278);
#10976=AXIS2_PLACEMENT_3D('',#16447,#13279,#13280);
#10977=AXIS2_PLACEMENT_3D('',#16450,#13282,#13283);
#10978=AXIS2_PLACEMENT_3D('',#16451,#13284,#13285);
#10979=AXIS2_PLACEMENT_3D('',#16452,#13286,#13287);
#10980=AXIS2_PLACEMENT_3D('',#16455,#13289,#13290);
#10981=AXIS2_PLACEMENT_3D('',#16456,#13291,#13292);
#10982=AXIS2_PLACEMENT_3D('',#16457,#13293,#13294);
#10983=AXIS2_PLACEMENT_3D('',#16460,#13296,#13297);
#10984=AXIS2_PLACEMENT_3D('',#16461,#13298,#13299);
#10985=AXIS2_PLACEMENT_3D('',#16462,#13300,#13301);
#10986=AXIS2_PLACEMENT_3D('',#16465,#13303,#13304);
#10987=AXIS2_PLACEMENT_3D('',#16466,#13305,#13306);
#10988=AXIS2_PLACEMENT_3D('',#16467,#13307,#13308);
#10989=AXIS2_PLACEMENT_3D('',#16470,#13310,#13311);
#10990=AXIS2_PLACEMENT_3D('',#16471,#13312,#13313);
#10991=AXIS2_PLACEMENT_3D('',#16472,#13314,#13315);
#10992=AXIS2_PLACEMENT_3D('',#16478,#13319,#13320);
#10993=AXIS2_PLACEMENT_3D('',#16482,#13323,#13324);
#10994=AXIS2_PLACEMENT_3D('',#16486,#13327,#13328);
#10995=AXIS2_PLACEMENT_3D('',#16492,#13332,#13333);
#10996=AXIS2_PLACEMENT_3D('',#16494,#13335,#13336);
#10997=AXIS2_PLACEMENT_3D('',#16498,#13338,#13339);
#10998=AXIS2_PLACEMENT_3D('',#16499,#13340,#13341);
#10999=AXIS2_PLACEMENT_3D('',#16503,#13343,#13344);
#11000=AXIS2_PLACEMENT_3D('',#16504,#13345,#13346);
#11001=AXIS2_PLACEMENT_3D('',#16519,#13354,#13355);
#11002=AXIS2_PLACEMENT_3D('',#16521,#13356,#13357);
#11003=AXIS2_PLACEMENT_3D('',#16523,#13358,#13359);
#11004=AXIS2_PLACEMENT_3D('',#16533,#13364,#13365);
#11005=AXIS2_PLACEMENT_3D('',#16535,#13366,#13367);
#11006=AXIS2_PLACEMENT_3D('',#16545,#13372,#13373);
#11007=AXIS2_PLACEMENT_3D('',#16546,#13374,#13375);
#11008=AXIS2_PLACEMENT_3D('',#16549,#13378,#13379);
#11009=AXIS2_PLACEMENT_3D('',#16551,#13381,#13382);
#11010=AXIS2_PLACEMENT_3D('',#16557,#13385,#13386);
#11011=AXIS2_PLACEMENT_3D('',#16560,#13388,#13389);
#11012=AXIS2_PLACEMENT_3D('',#16561,#13390,#13391);
#11013=AXIS2_PLACEMENT_3D('',#16563,#13393,#13394);
#11014=AXIS2_PLACEMENT_3D('',#16565,#13396,#13397);
#11015=AXIS2_PLACEMENT_3D('',#16567,#13398,#13399);
#11016=AXIS2_PLACEMENT_3D('',#16570,#13401,#13402);
#11017=AXIS2_PLACEMENT_3D('',#16571,#13403,#13404);
#11018=AXIS2_PLACEMENT_3D('',#16573,#13405,#13406);
#11019=AXIS2_PLACEMENT_3D('',#16576,#13408,#13409);
#11020=AXIS2_PLACEMENT_3D('',#16577,#13410,#13411);
#11021=AXIS2_PLACEMENT_3D('',#16580,#13414,#13415);
#11022=AXIS2_PLACEMENT_3D('',#16582,#13417,#13418);
#11023=AXIS2_PLACEMENT_3D('',#16584,#13420,#13421);
#11024=AXIS2_PLACEMENT_3D('',#16585,#13422,#13423);
#11025=AXIS2_PLACEMENT_3D('',#16594,#13428,#13429);
#11026=AXIS2_PLACEMENT_3D('',#16596,#13430,#13431);
#11027=AXIS2_PLACEMENT_3D('',#16599,#13433,#13434);
#11028=AXIS2_PLACEMENT_3D('',#16600,#13435,#13436);
#11029=AXIS2_PLACEMENT_3D('',#16606,#13440,#13441);
#11030=AXIS2_PLACEMENT_3D('',#16607,#13442,#13443);
#11031=AXIS2_PLACEMENT_3D('',#16608,#13444,#13445);
#11032=AXIS2_PLACEMENT_3D('',#16609,#13446,#13447);
#11033=AXIS2_PLACEMENT_3D('',#16612,#13448,#13449);
#11034=AXIS2_PLACEMENT_3D('',#16616,#13451,#13452);
#11035=AXIS2_PLACEMENT_3D('',#16618,#13454,#13455);
#11036=AXIS2_PLACEMENT_3D('',#16624,#13459,#13460);
#11037=AXIS2_PLACEMENT_3D('',#16627,#13462,#13463);
#11038=AXIS2_PLACEMENT_3D('',#16628,#13464,#13465);
#11039=AXIS2_PLACEMENT_3D('',#16632,#13468,#13469);
#11040=AXIS2_PLACEMENT_3D('',#16633,#13470,#13471);
#11041=AXIS2_PLACEMENT_3D('',#16634,#13472,#13473);
#11042=AXIS2_PLACEMENT_3D('',#16640,#13477,#13478);
#11043=AXIS2_PLACEMENT_3D('',#16644,#13481,#13482);
#11044=AXIS2_PLACEMENT_3D('',#16648,#13485,#13486);
#11045=AXIS2_PLACEMENT_3D('',#16650,#13488,#13489);
#11046=AXIS2_PLACEMENT_3D('',#16651,#13490,#13491);
#11047=AXIS2_PLACEMENT_3D('',#16657,#13495,#13496);
#11048=AXIS2_PLACEMENT_3D('',#16661,#13499,#13500);
#11049=AXIS2_PLACEMENT_3D('',#16665,#13503,#13504);
#11050=AXIS2_PLACEMENT_3D('',#16667,#13506,#13507);
#11051=AXIS2_PLACEMENT_3D('',#16668,#13508,#13509);
#11052=AXIS2_PLACEMENT_3D('',#16670,#13510,#13511);
#11053=AXIS2_PLACEMENT_3D('',#16672,#13513,#13514);
#11054=AXIS2_PLACEMENT_3D('',#16673,#13515,#13516);
#11055=AXIS2_PLACEMENT_3D('',#16675,#13517,#13518);
#11056=AXIS2_PLACEMENT_3D('',#16677,#13520,#13521);
#11057=AXIS2_PLACEMENT_3D('',#16678,#13522,#13523);
#11058=AXIS2_PLACEMENT_3D('',#16680,#13524,#13525);
#11059=AXIS2_PLACEMENT_3D('',#16682,#13527,#13528);
#11060=AXIS2_PLACEMENT_3D('',#16683,#13529,#13530);
#11061=AXIS2_PLACEMENT_3D('',#16685,#13531,#13532);
#11062=AXIS2_PLACEMENT_3D('',#16687,#13534,#13535);
#11063=AXIS2_PLACEMENT_3D('',#16688,#13536,#13537);
#11064=AXIS2_PLACEMENT_3D('',#16689,#13538,#13539);
#11065=AXIS2_PLACEMENT_3D('',#16690,#13540,#13541);
#11066=AXIS2_PLACEMENT_3D('',#16692,#13543,#13544);
#11067=AXIS2_PLACEMENT_3D('',#16694,#13546,#13547);
#11068=AXIS2_PLACEMENT_3D('',#16697,#13549,#13550);
#11069=AXIS2_PLACEMENT_3D('',#16698,#13551,#13552);
#11070=AXIS2_PLACEMENT_3D('',#16701,#13554,#13555);
#11071=AXIS2_PLACEMENT_3D('',#16702,#13556,#13557);
#11072=AXIS2_PLACEMENT_3D('',#16705,#13559,#13560);
#11073=AXIS2_PLACEMENT_3D('',#16706,#13561,#13562);
#11074=AXIS2_PLACEMENT_3D('',#16709,#13564,#13565);
#11075=AXIS2_PLACEMENT_3D('',#16710,#13566,#13567);
#11076=AXIS2_PLACEMENT_3D('',#16711,#13568,#13569);
#11077=AXIS2_PLACEMENT_3D('',#16713,#13570,#13571);
#11078=AXIS2_PLACEMENT_3D('',#16716,#13573,#13574);
#11079=AXIS2_PLACEMENT_3D('',#16717,#13575,#13576);
#11080=AXIS2_PLACEMENT_3D('',#16718,#13577,#13578);
#11081=AXIS2_PLACEMENT_3D('',#16720,#13579,#13580);
#11082=AXIS2_PLACEMENT_3D('',#16723,#13582,#13583);
#11083=AXIS2_PLACEMENT_3D('',#16724,#13584,#13585);
#11084=AXIS2_PLACEMENT_3D('',#16725,#13586,#13587);
#11085=AXIS2_PLACEMENT_3D('',#16726,#13588,#13589);
#11086=AXIS2_PLACEMENT_3D('',#16728,#13590,#13591);
#11087=AXIS2_PLACEMENT_3D('',#16731,#13593,#13594);
#11088=AXIS2_PLACEMENT_3D('',#16732,#13595,#13596);
#11089=AXIS2_PLACEMENT_3D('',#16733,#13597,#13598);
#11090=AXIS2_PLACEMENT_3D('',#16735,#13599,#13600);
#11091=AXIS2_PLACEMENT_3D('',#16738,#13602,#13603);
#11092=AXIS2_PLACEMENT_3D('',#16739,#13604,#13605);
#11093=AXIS2_PLACEMENT_3D('',#16740,#13606,#13607);
#11094=AXIS2_PLACEMENT_3D('',#16741,#13608,#13609);
#11095=AXIS2_PLACEMENT_3D('',#16743,#13610,#13611);
#11096=AXIS2_PLACEMENT_3D('',#16746,#13613,#13614);
#11097=AXIS2_PLACEMENT_3D('',#16747,#13615,#13616);
#11098=AXIS2_PLACEMENT_3D('',#16748,#13617,#13618);
#11099=AXIS2_PLACEMENT_3D('',#16750,#13619,#13620);
#11100=AXIS2_PLACEMENT_3D('',#16753,#13622,#13623);
#11101=AXIS2_PLACEMENT_3D('',#16754,#13624,#13625);
#11102=AXIS2_PLACEMENT_3D('',#16755,#13626,#13627);
#11103=AXIS2_PLACEMENT_3D('',#16756,#13628,#13629);
#11104=AXIS2_PLACEMENT_3D('',#16758,#13630,#13631);
#11105=AXIS2_PLACEMENT_3D('',#16761,#13633,#13634);
#11106=AXIS2_PLACEMENT_3D('',#16762,#13635,#13636);
#11107=AXIS2_PLACEMENT_3D('',#16763,#13637,#13638);
#11108=AXIS2_PLACEMENT_3D('',#16765,#13639,#13640);
#11109=AXIS2_PLACEMENT_3D('',#16768,#13642,#13643);
#11110=AXIS2_PLACEMENT_3D('',#16769,#13644,#13645);
#11111=AXIS2_PLACEMENT_3D('',#16770,#13646,#13647);
#11112=AXIS2_PLACEMENT_3D('',#16771,#13648,#13649);
#11113=AXIS2_PLACEMENT_3D('',#16772,#13650,#13651);
#11114=AXIS2_PLACEMENT_3D('',#16773,#13652,#13653);
#11115=AXIS2_PLACEMENT_3D('',#16782,#13658,#13659);
#11116=AXIS2_PLACEMENT_3D('',#16788,#13663,#13664);
#11117=AXIS2_PLACEMENT_3D('',#16798,#13669,#13670);
#11118=AXIS2_PLACEMENT_3D('',#16799,#13671,#13672);
#11119=AXIS2_PLACEMENT_3D('',#16808,#13677,#13678);
#11120=AXIS2_PLACEMENT_3D('',#16814,#13682,#13683);
#11121=AXIS2_PLACEMENT_3D('',#16822,#13688,#13689);
#11122=AXIS2_PLACEMENT_3D('',#16829,#13693,#13694);
#11123=AXIS2_PLACEMENT_3D('',#16830,#13695,#13696);
#11124=AXIS2_PLACEMENT_3D('',#16839,#13701,#13702);
#11125=AXIS2_PLACEMENT_3D('',#16845,#13706,#13707);
#11126=AXIS2_PLACEMENT_3D('',#16853,#13712,#13713);
#11127=AXIS2_PLACEMENT_3D('',#16860,#13717,#13718);
#11128=AXIS2_PLACEMENT_3D('',#16861,#13719,#13720);
#11129=AXIS2_PLACEMENT_3D('',#16870,#13725,#13726);
#11130=AXIS2_PLACEMENT_3D('',#16876,#13730,#13731);
#11131=AXIS2_PLACEMENT_3D('',#16886,#13736,#13737);
#11132=AXIS2_PLACEMENT_3D('',#16887,#13738,#13739);
#11133=AXIS2_PLACEMENT_3D('',#16890,#13740,#13741);
#11134=AXIS2_PLACEMENT_3D('',#16894,#13743,#13744);
#11135=AXIS2_PLACEMENT_3D('',#16896,#13746,#13747);
#11136=AXIS2_PLACEMENT_3D('',#16899,#13748,#13749);
#11137=AXIS2_PLACEMENT_3D('',#16900,#13750,#13751);
#11138=AXIS2_PLACEMENT_3D('',#16901,#13752,#13753);
#11139=AXIS2_PLACEMENT_3D('',#16902,#13754,#13755);
#11140=AXIS2_PLACEMENT_3D('',#16905,#13756,#13757);
#11141=AXIS2_PLACEMENT_3D('',#16908,#13760,#13761);
#11142=AXIS2_PLACEMENT_3D('',#16911,#13762,#13763);
#11143=AXIS2_PLACEMENT_3D('',#16912,#13764,#13765);
#11144=AXIS2_PLACEMENT_3D('',#16913,#13766,#13767);
#11145=AXIS2_PLACEMENT_3D('',#16914,#13768,#13769);
#11146=AXIS2_PLACEMENT_3D('',#16917,#13770,#13771);
#11147=AXIS2_PLACEMENT_3D('',#16920,#13774,#13775);
#11148=AXIS2_PLACEMENT_3D('',#16923,#13776,#13777);
#11149=AXIS2_PLACEMENT_3D('',#16924,#13778,#13779);
#11150=AXIS2_PLACEMENT_3D('',#16925,#13780,#13781);
#11151=AXIS2_PLACEMENT_3D('',#16926,#13782,#13783);
#11152=AXIS2_PLACEMENT_3D('',#16929,#13784,#13785);
#11153=AXIS2_PLACEMENT_3D('',#16932,#13788,#13789);
#11154=AXIS2_PLACEMENT_3D('',#16933,#13790,#13791);
#11155=AXIS2_PLACEMENT_3D('',#16934,#13792,#13793);
#11156=AXIS2_PLACEMENT_3D('',#16935,#13794,#13795);
#11157=AXIS2_PLACEMENT_3D('',#16939,#13797,#13798);
#11158=AXIS2_PLACEMENT_3D('',#16941,#13800,#13801);
#11159=AXIS2_PLACEMENT_3D('',#16945,#13804,#13805);
#11160=AXIS2_PLACEMENT_3D('',#16948,#13807,#13808);
#11161=AXIS2_PLACEMENT_3D('',#16949,#13809,#13810);
#11162=AXIS2_PLACEMENT_3D('',#16953,#13813,#13814);
#11163=AXIS2_PLACEMENT_3D('',#16963,#13821,#13822);
#11164=AXIS2_PLACEMENT_3D('',#16965,#13823,#13824);
#11165=AXIS2_PLACEMENT_3D('',#16966,#13825,#13826);
#11166=AXIS2_PLACEMENT_3D('',#16968,#13827,#13828);
#11167=AXIS2_PLACEMENT_3D('',#16969,#13829,#13830);
#11168=AXIS2_PLACEMENT_3D('',#16971,#13831,#13832);
#11169=AXIS2_PLACEMENT_3D('',#16972,#13833,#13834);
#11170=AXIS2_PLACEMENT_3D('',#16974,#13835,#13836);
#11171=AXIS2_PLACEMENT_3D('',#16975,#13837,#13838);
#11172=AXIS2_PLACEMENT_3D('',#16977,#13839,#13840);
#11173=AXIS2_PLACEMENT_3D('',#16978,#13841,#13842);
#11174=AXIS2_PLACEMENT_3D('',#16980,#13843,#13844);
#11175=AXIS2_PLACEMENT_3D('',#16981,#13845,#13846);
#11176=AXIS2_PLACEMENT_3D('',#16983,#13847,#13848);
#11177=AXIS2_PLACEMENT_3D('',#16984,#13849,#13850);
#11178=AXIS2_PLACEMENT_3D('',#16986,#13851,#13852);
#11179=AXIS2_PLACEMENT_3D('',#16987,#13853,#13854);
#11180=AXIS2_PLACEMENT_3D('',#16989,#13855,#13856);
#11181=AXIS2_PLACEMENT_3D('',#16990,#13857,#13858);
#11182=AXIS2_PLACEMENT_3D('',#16999,#13863,#13864);
#11183=AXIS2_PLACEMENT_3D('',#17001,#13865,#13866);
#11184=AXIS2_PLACEMENT_3D('',#17003,#13867,#13868);
#11185=AXIS2_PLACEMENT_3D('',#17005,#13870,#13871);
#11186=AXIS2_PLACEMENT_3D('',#17011,#13875,#13876);
#11187=AXIS2_PLACEMENT_3D('',#17012,#13877,#13878);
#11188=AXIS2_PLACEMENT_3D('',#17013,#13879,#13880);
#11189=AXIS2_PLACEMENT_3D('',#17014,#13881,#13882);
#11190=AXIS2_PLACEMENT_3D('',#17016,#13883,#13884);
#11191=AXIS2_PLACEMENT_3D('',#17018,#13886,#13887);
#11192=AXIS2_PLACEMENT_3D('',#17021,#13888,#13889);
#11193=AXIS2_PLACEMENT_3D('',#17025,#13891,#13892);
#11194=AXIS2_PLACEMENT_3D('',#17027,#13894,#13895);
#11195=AXIS2_PLACEMENT_3D('',#17028,#13896,#13897);
#11196=AXIS2_PLACEMENT_3D('',#17029,#13898,#13899);
#11197=AXIS2_PLACEMENT_3D('',#17031,#13900,#13901);
#11198=AXIS2_PLACEMENT_3D('',#17033,#13903,#13904);
#11199=AXIS2_PLACEMENT_3D('',#17036,#13905,#13906);
#11200=AXIS2_PLACEMENT_3D('',#17040,#13908,#13909);
#11201=AXIS2_PLACEMENT_3D('',#17042,#13911,#13912);
#11202=AXIS2_PLACEMENT_3D('',#17043,#13913,#13914);
#11203=AXIS2_PLACEMENT_3D('',#17044,#13915,#13916);
#11204=AXIS2_PLACEMENT_3D('',#17046,#13917,#13918);
#11205=AXIS2_PLACEMENT_3D('',#17048,#13920,#13921);
#11206=AXIS2_PLACEMENT_3D('',#17051,#13922,#13923);
#11207=AXIS2_PLACEMENT_3D('',#17055,#13925,#13926);
#11208=AXIS2_PLACEMENT_3D('',#17057,#13928,#13929);
#11209=AXIS2_PLACEMENT_3D('',#17058,#13930,#13931);
#11210=AXIS2_PLACEMENT_3D('',#17059,#13932,#13933);
#11211=AXIS2_PLACEMENT_3D('',#17061,#13934,#13935);
#11212=AXIS2_PLACEMENT_3D('',#17063,#13937,#13938);
#11213=AXIS2_PLACEMENT_3D('',#17066,#13939,#13940);
#11214=AXIS2_PLACEMENT_3D('',#17070,#13942,#13943);
#11215=AXIS2_PLACEMENT_3D('',#17072,#13945,#13946);
#11216=AXIS2_PLACEMENT_3D('',#17073,#13947,#13948);
#11217=AXIS2_PLACEMENT_3D('',#17074,#13949,#13950);
#11218=AXIS2_PLACEMENT_3D('',#17076,#13951,#13952);
#11219=AXIS2_PLACEMENT_3D('',#17078,#13954,#13955);
#11220=AXIS2_PLACEMENT_3D('',#17081,#13956,#13957);
#11221=AXIS2_PLACEMENT_3D('',#17085,#13959,#13960);
#11222=AXIS2_PLACEMENT_3D('',#17087,#13962,#13963);
#11223=AXIS2_PLACEMENT_3D('',#17088,#13964,#13965);
#11224=AXIS2_PLACEMENT_3D('',#17089,#13966,#13967);
#11225=AXIS2_PLACEMENT_3D('',#17091,#13968,#13969);
#11226=AXIS2_PLACEMENT_3D('',#17093,#13971,#13972);
#11227=AXIS2_PLACEMENT_3D('',#17096,#13973,#13974);
#11228=AXIS2_PLACEMENT_3D('',#17100,#13976,#13977);
#11229=AXIS2_PLACEMENT_3D('',#17102,#13979,#13980);
#11230=AXIS2_PLACEMENT_3D('',#17103,#13981,#13982);
#11231=AXIS2_PLACEMENT_3D('',#17104,#13983,#13984);
#11232=AXIS2_PLACEMENT_3D('',#17106,#13985,#13986);
#11233=AXIS2_PLACEMENT_3D('',#17108,#13988,#13989);
#11234=AXIS2_PLACEMENT_3D('',#17111,#13990,#13991);
#11235=AXIS2_PLACEMENT_3D('',#17115,#13993,#13994);
#11236=AXIS2_PLACEMENT_3D('',#17117,#13996,#13997);
#11237=AXIS2_PLACEMENT_3D('',#17118,#13998,#13999);
#11238=AXIS2_PLACEMENT_3D('',#17119,#14000,#14001);
#11239=AXIS2_PLACEMENT_3D('',#17121,#14002,#14003);
#11240=AXIS2_PLACEMENT_3D('',#17123,#14005,#14006);
#11241=AXIS2_PLACEMENT_3D('',#17126,#14007,#14008);
#11242=AXIS2_PLACEMENT_3D('',#17130,#14010,#14011);
#11243=AXIS2_PLACEMENT_3D('',#17132,#14013,#14014);
#11244=AXIS2_PLACEMENT_3D('',#17133,#14015,#14016);
#11245=AXIS2_PLACEMENT_3D('',#17134,#14017,#14018);
#11246=AXIS2_PLACEMENT_3D('',#17136,#14019,#14020);
#11247=AXIS2_PLACEMENT_3D('',#17140,#14022,#14023);
#11248=AXIS2_PLACEMENT_3D('',#17143,#14025,#14026);
#11249=AXIS2_PLACEMENT_3D('',#17145,#14027,#14028);
#11250=AXIS2_PLACEMENT_3D('',#17147,#14029,#14030);
#11251=AXIS2_PLACEMENT_3D('',#17173,#14043,#14044);
#11252=AXIS2_PLACEMENT_3D('',#17174,#14045,#14046);
#11253=AXIS2_PLACEMENT_3D('',#17179,#14051,#14052);
#11254=AXIS2_PLACEMENT_3D('',#17181,#14054,#14055);
#11255=AXIS2_PLACEMENT_3D('',#17183,#14057,#14058);
#11256=AXIS2_PLACEMENT_3D('',#17186,#14061,#14062);
#11257=AXIS2_PLACEMENT_3D('',#17188,#14064,#14065);
#11258=AXIS2_PLACEMENT_3D('',#17190,#14067,#14068);
#11259=AXIS2_PLACEMENT_3D('',#17193,#14071,#14072);
#11260=AXIS2_PLACEMENT_3D('',#17195,#14074,#14075);
#11261=AXIS2_PLACEMENT_3D('',#17196,#14076,#14077);
#11262=AXIS2_PLACEMENT_3D('',#17199,#14080,#14081);
#11263=AXIS2_PLACEMENT_3D('',#17203,#14085,#14086);
#11264=AXIS2_PLACEMENT_3D('',#17205,#14088,#14089);
#11265=AXIS2_PLACEMENT_3D('',#17207,#14091,#14092);
#11266=AXIS2_PLACEMENT_3D('',#17209,#14094,#14095);
#11267=AXIS2_PLACEMENT_3D('',#17211,#14097,#14098);
#11268=AXIS2_PLACEMENT_3D('',#17212,#14099,#14100);
#11269=AXIS2_PLACEMENT_3D('',#17214,#14102,#14103);
#11270=AXIS2_PLACEMENT_3D('',#17216,#14105,#14106);
#11271=AXIS2_PLACEMENT_3D('',#17218,#14108,#14109);
#11272=AXIS2_PLACEMENT_3D('',#17219,#14110,#14111);
#11273=AXIS2_PLACEMENT_3D('',#17220,#14112,#14113);
#11274=AXIS2_PLACEMENT_3D('',#17221,#14114,#14115);
#11275=AXIS2_PLACEMENT_3D('',#17222,#14116,#14117);
#11276=AXIS2_PLACEMENT_3D('',#17224,#14118,#14119);
#11277=AXIS2_PLACEMENT_3D('',#17226,#14121,#14122);
#11278=AXIS2_PLACEMENT_3D('',#17227,#14123,#14124);
#11279=AXIS2_PLACEMENT_3D('',#17228,#14125,#14126);
#11280=AXIS2_PLACEMENT_3D('',#17230,#14127,#14128);
#11281=AXIS2_PLACEMENT_3D('',#17232,#14130,#14131);
#11282=AXIS2_PLACEMENT_3D('',#17233,#14132,#14133);
#11283=AXIS2_PLACEMENT_3D('',#17234,#14134,#14135);
#11284=AXIS2_PLACEMENT_3D('',#17235,#14136,#14137);
#11285=AXIS2_PLACEMENT_3D('',#17236,#14138,#14139);
#11286=AXIS2_PLACEMENT_3D('',#17237,#14140,#14141);
#11287=AXIS2_PLACEMENT_3D('',#17239,#14142,#14143);
#11288=AXIS2_PLACEMENT_3D('',#17242,#14145,#14146);
#11289=AXIS2_PLACEMENT_3D('',#17243,#14147,#14148);
#11290=AXIS2_PLACEMENT_3D('',#17245,#14149,#14150);
#11291=AXIS2_PLACEMENT_3D('',#17247,#14151,#14152);
#11292=AXIS2_PLACEMENT_3D('',#17249,#14153,#14154);
#11293=AXIS2_PLACEMENT_3D('',#17251,#14155,#14156);
#11294=AXIS2_PLACEMENT_3D('',#17253,#14157,#14158);
#11295=AXIS2_PLACEMENT_3D('',#17254,#14159,#14160);
#11296=AXIS2_PLACEMENT_3D('',#17256,#14161,#14162);
#11297=AXIS2_PLACEMENT_3D('',#17258,#14164,#14165);
#11298=AXIS2_PLACEMENT_3D('',#17260,#14166,#14167);
#11299=AXIS2_PLACEMENT_3D('',#17262,#14169,#14170);
#11300=AXIS2_PLACEMENT_3D('',#17264,#14171,#14172);
#11301=AXIS2_PLACEMENT_3D('',#17266,#14174,#14175);
#11302=AXIS2_PLACEMENT_3D('',#17268,#14176,#14177);
#11303=AXIS2_PLACEMENT_3D('',#17270,#14179,#14180);
#11304=AXIS2_PLACEMENT_3D('',#17272,#14181,#14182);
#11305=AXIS2_PLACEMENT_3D('',#17274,#14184,#14185);
#11306=AXIS2_PLACEMENT_3D('',#17277,#14186,#14187);
#11307=AXIS2_PLACEMENT_3D('',#17281,#14189,#14190);
#11308=AXIS2_PLACEMENT_3D('',#17291,#14196,#14197);
#11309=AXIS2_PLACEMENT_3D('',#17297,#14201,#14202);
#11310=AXIS2_PLACEMENT_3D('',#17300,#14204,#14205);
#11311=AXIS2_PLACEMENT_3D('',#17301,#14206,#14207);
#11312=AXIS2_PLACEMENT_3D('',#17303,#14208,#14209);
#11313=AXIS2_PLACEMENT_3D('',#17304,#14210,#14211);
#11314=AXIS2_PLACEMENT_3D('',#17313,#14216,#14217);
#11315=AXIS2_PLACEMENT_3D('',#17323,#14222,#14223);
#11316=AXIS2_PLACEMENT_3D('',#17324,#14224,#14225);
#11317=AXIS2_PLACEMENT_3D('',#17330,#14229,#14230);
#11318=AXIS2_PLACEMENT_3D('',#17332,#14231,#14232);
#11319=AXIS2_PLACEMENT_3D('',#17333,#14233,#14234);
#11320=AXIS2_PLACEMENT_3D('',#17342,#14239,#14240);
#11321=AXIS2_PLACEMENT_3D('',#17348,#14244,#14245);
#11322=AXIS2_PLACEMENT_3D('',#17350,#14246,#14247);
#11323=AXIS2_PLACEMENT_3D('',#17351,#14248,#14249);
#11324=AXIS2_PLACEMENT_3D('',#17353,#14250,#14251);
#11325=AXIS2_PLACEMENT_3D('',#17354,#14252,#14253);
#11326=AXIS2_PLACEMENT_3D('',#17360,#14257,#14258);
#11327=AXIS2_PLACEMENT_3D('',#17366,#14262,#14263);
#11328=AXIS2_PLACEMENT_3D('',#17373,#14268,#14269);
#11329=AXIS2_PLACEMENT_3D('',#17375,#14270,#14271);
#11330=AXIS2_PLACEMENT_3D('',#17377,#14273,#14274);
#11331=AXIS2_PLACEMENT_3D('',#17379,#14275,#14276);
#11332=AXIS2_PLACEMENT_3D('',#17381,#14278,#14279);
#11333=AXIS2_PLACEMENT_3D('',#17385,#14282,#14283);
#11334=AXIS2_PLACEMENT_3D('',#17391,#14287,#14288);
#11335=AXIS2_PLACEMENT_3D('',#17396,#14292,#14293);
#11336=AXIS2_PLACEMENT_3D('',#17399,#14296,#14297);
#11337=AXIS2_PLACEMENT_3D('',#17403,#14300,#14301);
#11338=AXIS2_PLACEMENT_3D('',#17407,#14304,#14305);
#11339=AXIS2_PLACEMENT_3D('',#17409,#14306,#14307);
#11340=AXIS2_PLACEMENT_3D('',#17411,#14309,#14310);
#11341=AXIS2_PLACEMENT_3D('',#17413,#14311,#14312);
#11342=AXIS2_PLACEMENT_3D('',#17415,#14314,#14315);
#11343=AXIS2_PLACEMENT_3D('',#17417,#14317,#14318);
#11344=AXIS2_PLACEMENT_3D('',#17419,#14320,#14321);
#11345=AXIS2_PLACEMENT_3D('',#17420,#14322,#14323);
#11346=AXIS2_PLACEMENT_3D('',#17423,#14325,#14326);
#11347=AXIS2_PLACEMENT_3D('',#17424,#14327,#14328);
#11348=AXIS2_PLACEMENT_3D('',#17428,#14331,#14332);
#11349=AXIS2_PLACEMENT_3D('',#17429,#14333,#14334);
#11350=AXIS2_PLACEMENT_3D('',#17430,#14335,#14336);
#11351=AXIS2_PLACEMENT_3D('',#17431,#14337,#14338);
#11352=AXIS2_PLACEMENT_3D('',#17432,#14339,#14340);
#11353=AXIS2_PLACEMENT_3D('',#17434,#14341,#14342);
#11354=AXIS2_PLACEMENT_3D('',#17437,#14344,#14345);
#11355=AXIS2_PLACEMENT_3D('',#17438,#14346,#14347);
#11356=AXIS2_PLACEMENT_3D('',#17440,#14348,#14349);
#11357=AXIS2_PLACEMENT_3D('',#17443,#14351,#14352);
#11358=AXIS2_PLACEMENT_3D('',#17444,#14353,#14354);
#11359=AXIS2_PLACEMENT_3D('',#17445,#14355,#14356);
#11360=AXIS2_PLACEMENT_3D('',#17446,#14357,#14358);
#11361=AXIS2_PLACEMENT_3D('',#17448,#14359,#14360);
#11362=AXIS2_PLACEMENT_3D('',#17451,#14362,#14363);
#11363=AXIS2_PLACEMENT_3D('',#17452,#14364,#14365);
#11364=AXIS2_PLACEMENT_3D('',#17454,#14366,#14367);
#11365=AXIS2_PLACEMENT_3D('',#17457,#14369,#14370);
#11366=AXIS2_PLACEMENT_3D('',#17458,#14371,#14372);
#11367=AXIS2_PLACEMENT_3D('',#17459,#14373,#14374);
#11368=AXIS2_PLACEMENT_3D('',#17460,#14375,#14376);
#11369=AXIS2_PLACEMENT_3D('',#17462,#14377,#14378);
#11370=AXIS2_PLACEMENT_3D('',#17465,#14380,#14381);
#11371=AXIS2_PLACEMENT_3D('',#17466,#14382,#14383);
#11372=AXIS2_PLACEMENT_3D('',#17468,#14384,#14385);
#11373=AXIS2_PLACEMENT_3D('',#17471,#14387,#14388);
#11374=AXIS2_PLACEMENT_3D('',#17472,#14389,#14390);
#11375=AXIS2_PLACEMENT_3D('',#17473,#14391,#14392);
#11376=AXIS2_PLACEMENT_3D('',#17474,#14393,#14394);
#11377=AXIS2_PLACEMENT_3D('',#17476,#14395,#14396);
#11378=AXIS2_PLACEMENT_3D('',#17479,#14398,#14399);
#11379=AXIS2_PLACEMENT_3D('',#17480,#14400,#14401);
#11380=AXIS2_PLACEMENT_3D('',#17482,#14402,#14403);
#11381=AXIS2_PLACEMENT_3D('',#17485,#14405,#14406);
#11382=AXIS2_PLACEMENT_3D('',#17486,#14407,#14408);
#11383=AXIS2_PLACEMENT_3D('',#17487,#14409,#14410);
#11384=AXIS2_PLACEMENT_3D('',#17488,#14411,#14412);
#11385=AXIS2_PLACEMENT_3D('',#17490,#14413,#14414);
#11386=AXIS2_PLACEMENT_3D('',#17493,#14416,#14417);
#11387=AXIS2_PLACEMENT_3D('',#17494,#14418,#14419);
#11388=AXIS2_PLACEMENT_3D('',#17496,#14420,#14421);
#11389=AXIS2_PLACEMENT_3D('',#17499,#14423,#14424);
#11390=AXIS2_PLACEMENT_3D('',#17500,#14425,#14426);
#11391=AXIS2_PLACEMENT_3D('',#17501,#14427,#14428);
#11392=AXIS2_PLACEMENT_3D('',#17502,#14429,#14430);
#11393=AXIS2_PLACEMENT_3D('',#17504,#14431,#14432);
#11394=AXIS2_PLACEMENT_3D('',#17507,#14434,#14435);
#11395=AXIS2_PLACEMENT_3D('',#17508,#14436,#14437);
#11396=AXIS2_PLACEMENT_3D('',#17510,#14438,#14439);
#11397=AXIS2_PLACEMENT_3D('',#17513,#14441,#14442);
#11398=AXIS2_PLACEMENT_3D('',#17514,#14443,#14444);
#11399=AXIS2_PLACEMENT_3D('',#17515,#14445,#14446);
#11400=AXIS2_PLACEMENT_3D('',#17516,#14447,#14448);
#11401=AXIS2_PLACEMENT_3D('',#17518,#14449,#14450);
#11402=AXIS2_PLACEMENT_3D('',#17521,#14452,#14453);
#11403=AXIS2_PLACEMENT_3D('',#17522,#14454,#14455);
#11404=AXIS2_PLACEMENT_3D('',#17524,#14456,#14457);
#11405=AXIS2_PLACEMENT_3D('',#17527,#14459,#14460);
#11406=AXIS2_PLACEMENT_3D('',#17528,#14461,#14462);
#11407=AXIS2_PLACEMENT_3D('',#17529,#14463,#14464);
#11408=AXIS2_PLACEMENT_3D('',#17530,#14465,#14466);
#11409=AXIS2_PLACEMENT_3D('',#17532,#14467,#14468);
#11410=AXIS2_PLACEMENT_3D('',#17535,#14470,#14471);
#11411=AXIS2_PLACEMENT_3D('',#17536,#14472,#14473);
#11412=AXIS2_PLACEMENT_3D('',#17538,#14474,#14475);
#11413=AXIS2_PLACEMENT_3D('',#17541,#14477,#14478);
#11414=AXIS2_PLACEMENT_3D('',#17542,#14479,#14480);
#11415=AXIS2_PLACEMENT_3D('',#17543,#14481,#14482);
#11416=AXIS2_PLACEMENT_3D('',#17544,#14483,#14484);
#11417=AXIS2_PLACEMENT_3D('',#17545,#14485,#14486);
#11418=AXIS2_PLACEMENT_3D('',#17546,#14487,#14488);
#11419=AXIS2_PLACEMENT_3D('',#17547,#14489,#14490);
#11420=AXIS2_PLACEMENT_3D('',#17548,#14491,#14492);
#11421=AXIS2_PLACEMENT_3D('',#17549,#14493,#14494);
#11422=AXIS2_PLACEMENT_3D('',#17550,#14495,#14496);
#11423=AXIS2_PLACEMENT_3D('',#17551,#14497,#14498);
#11424=AXIS2_PLACEMENT_3D('',#17552,#14499,#14500);
#11425=AXIS2_PLACEMENT_3D('',#17553,#14501,#14502);
#11426=AXIS2_PLACEMENT_3D('',#17554,#14503,#14504);
#11427=AXIS2_PLACEMENT_3D('',#17555,#14505,#14506);
#11428=AXIS2_PLACEMENT_3D('',#17556,#14507,#14508);
#11429=AXIS2_PLACEMENT_3D('',#17557,#14509,#14510);
#11430=DIRECTION('axis',(0.,0.,1.));
#11431=DIRECTION('refdir',(1.,0.,0.));
#11432=DIRECTION('axis',(0.,0.,1.));
#11433=DIRECTION('refdir',(1.,0.,0.));
#11434=DIRECTION('axis',(0.,0.,1.));
#11435=DIRECTION('refdir',(1.,0.,0.));
#11436=DIRECTION('center_axis',(1.,0.,0.));
#11437=DIRECTION('ref_axis',(0.,1.,0.));
#11438=DIRECTION('',(0.,1.,0.));
#11439=DIRECTION('',(0.,0.,-1.));
#11440=DIRECTION('',(0.,1.,0.));
#11441=DIRECTION('',(0.,0.,1.));
#11442=DIRECTION('center_axis',(-1.,0.,0.));
#11443=DIRECTION('ref_axis',(0.,-1.,0.));
#11444=DIRECTION('',(0.,-1.,0.));
#11445=DIRECTION('',(0.,0.,-1.));
#11446=DIRECTION('',(0.,-1.,0.));
#11447=DIRECTION('',(0.,0.,1.));
#11448=DIRECTION('center_axis',(0.,0.,1.));
#11449=DIRECTION('ref_axis',(1.,0.,0.));
#11450=DIRECTION('',(-1.,0.,0.));
#11451=DIRECTION('',(1.,0.,0.));
#11452=DIRECTION('center_axis',(-1.,0.,0.));
#11453=DIRECTION('ref_axis',(0.,-1.,0.));
#11454=DIRECTION('',(0.,-1.,0.));
#11455=DIRECTION('',(0.,0.,-1.));
#11456=DIRECTION('',(0.,-1.,0.));
#11457=DIRECTION('',(0.,0.,1.));
#11458=DIRECTION('center_axis',(1.,0.,0.));
#11459=DIRECTION('ref_axis',(0.,1.,0.));
#11460=DIRECTION('',(0.,1.,0.));
#11461=DIRECTION('',(0.,0.,-1.));
#11462=DIRECTION('',(0.,1.,0.));
#11463=DIRECTION('',(0.,0.,1.));
#11464=DIRECTION('center_axis',(0.,0.,1.));
#11465=DIRECTION('ref_axis',(1.,0.,0.));
#11466=DIRECTION('',(1.,0.,0.));
#11467=DIRECTION('',(-1.,0.,0.));
#11468=DIRECTION('center_axis',(0.,-1.,0.));
#11469=DIRECTION('ref_axis',(1.,0.,0.));
#11470=DIRECTION('',(1.,0.,0.));
#11471=DIRECTION('',(0.,0.,-1.));
#11472=DIRECTION('',(1.,0.,0.));
#11473=DIRECTION('',(0.,0.,1.));
#11474=DIRECTION('',(1.,0.,0.));
#11475=DIRECTION('center_axis',(0.,0.,1.));
#11476=DIRECTION('ref_axis',(1.,0.,0.));
#11477=DIRECTION('',(-1.,0.,0.));
#11478=DIRECTION('',(0.,-1.,0.));
#11479=DIRECTION('',(1.,0.,0.));
#11480=DIRECTION('',(-1.,0.,0.));
#11481=DIRECTION('center_axis',(0.,0.,1.));
#11482=DIRECTION('ref_axis',(0.707106781186547,0.707106781186547,0.));
#11483=DIRECTION('',(0.,1.,0.));
#11484=DIRECTION('center_axis',(0.,0.,1.));
#11485=DIRECTION('ref_axis',(0.707106781186547,-0.707106781186547,0.));
#11486=DIRECTION('center_axis',(0.,1.,0.));
#11487=DIRECTION('ref_axis',(-1.,0.,0.));
#11488=DIRECTION('',(-1.,0.,0.));
#11489=DIRECTION('',(0.,0.,-1.));
#11490=DIRECTION('',(-1.,0.,0.));
#11491=DIRECTION('',(0.,0.,1.));
#11492=DIRECTION('center_axis',(0.,0.,1.));
#11493=DIRECTION('ref_axis',(0.707106781186547,-0.707106781186547,0.));
#11494=DIRECTION('center_axis',(0.,0.,-1.));
#11495=DIRECTION('ref_axis',(0.707106781186547,-0.707106781186547,0.));
#11496=DIRECTION('',(0.,0.,1.));
#11497=DIRECTION('center_axis',(0.,0.,1.));
#11498=DIRECTION('ref_axis',(1.,0.,0.));
#11499=DIRECTION('center_axis',(0.,0.,1.));
#11500=DIRECTION('ref_axis',(-0.707106781186547,-0.707106781186548,0.));
#11501=DIRECTION('',(0.,-1.,0.));
#11502=DIRECTION('center_axis',(0.,0.,1.));
#11503=DIRECTION('ref_axis',(-0.707106781186547,0.707106781186547,0.));
#11504=DIRECTION('',(1.,0.,0.));
#11505=DIRECTION('',(0.,1.,0.));
#11506=DIRECTION('',(-1.,0.,0.));
#11507=DIRECTION('center_axis',(0.,0.,1.));
#11508=DIRECTION('ref_axis',(-0.707106781186547,-0.707106781186548,0.));
#11509=DIRECTION('center_axis',(0.,0.,-1.));
#11510=DIRECTION('ref_axis',(-0.707106781186547,-0.707106781186548,0.));
#11511=DIRECTION('',(0.,0.,-1.));
#11512=DIRECTION('center_axis',(0.,0.,1.));
#11513=DIRECTION('ref_axis',(0.707106781186547,0.707106781186547,0.));
#11514=DIRECTION('center_axis',(0.,0.,-1.));
#11515=DIRECTION('ref_axis',(0.707106781186547,0.707106781186547,0.));
#11516=DIRECTION('',(0.,0.,-1.));
#11517=DIRECTION('center_axis',(0.,0.,1.));
#11518=DIRECTION('ref_axis',(-0.707106781186547,0.707106781186547,0.));
#11519=DIRECTION('center_axis',(0.,0.,-1.));
#11520=DIRECTION('ref_axis',(-0.707106781186547,0.707106781186547,0.));
#11521=DIRECTION('',(0.,0.,1.));
#11522=DIRECTION('center_axis',(-1.,0.,0.));
#11523=DIRECTION('ref_axis',(0.,-1.,0.));
#11524=DIRECTION('',(0.,-1.,0.));
#11525=DIRECTION('center_axis',(0.,-1.,0.));
#11526=DIRECTION('ref_axis',(1.,0.,0.));
#11527=DIRECTION('',(0.,0.,1.));
#11528=DIRECTION('',(-1.,0.,0.));
#11529=DIRECTION('',(0.,0.,1.));
#11530=DIRECTION('center_axis',(-1.,0.,0.));
#11531=DIRECTION('ref_axis',(0.,-1.,0.));
#11532=DIRECTION('',(0.,0.,1.));
#11533=DIRECTION('',(0.,1.,0.));
#11534=DIRECTION('center_axis',(1.,0.,0.));
#11535=DIRECTION('ref_axis',(0.,1.,0.));
#11536=DIRECTION('',(0.,1.,0.));
#11537=DIRECTION('center_axis',(0.,1.,0.));
#11538=DIRECTION('ref_axis',(-1.,0.,0.));
#11539=DIRECTION('',(0.,0.,1.));
#11540=DIRECTION('',(1.,0.,0.));
#11541=DIRECTION('center_axis',(0.,0.,-1.));
#11542=DIRECTION('ref_axis',(-1.,0.,0.));
#11543=DIRECTION('',(0.,0.,-1.));
#11544=DIRECTION('center_axis',(0.,0.,1.));
#11545=DIRECTION('ref_axis',(-1.,0.,0.));
#11546=DIRECTION('center_axis',(0.,0.,1.));
#11547=DIRECTION('ref_axis',(1.,0.,0.));
#11548=DIRECTION('center_axis',(1.,0.,0.));
#11549=DIRECTION('ref_axis',(0.,1.,0.));
#11550=DIRECTION('',(0.,-1.,0.));
#11551=DIRECTION('center_axis',(0.,0.,-1.));
#11552=DIRECTION('ref_axis',(-1.,0.,0.));
#11553=DIRECTION('',(4.93038065763132E-32,3.94430452610506E-31,1.));
#11554=DIRECTION('',(1.,3.13154535435107E-31,9.86076131526265E-32));
#11555=DIRECTION('axis',(0.,0.,1.));
#11556=DIRECTION('refdir',(1.,0.,0.));
#11557=DIRECTION('center_axis',(0.,0.,-1.));
#11558=DIRECTION('ref_axis',(-1.,0.,0.));
#11559=DIRECTION('center_axis',(0.,0.,-1.));
#11560=DIRECTION('ref_axis',(-1.,0.,0.));
#11561=DIRECTION('',(0.,0.,-1.));
#11562=DIRECTION('center_axis',(0.,0.,-1.));
#11563=DIRECTION('ref_axis',(-1.,0.,0.));
#11564=DIRECTION('center_axis',(0.,0.,1.));
#11565=DIRECTION('ref_axis',(-1.,0.,0.));
#11566=DIRECTION('center_axis',(0.,0.,1.));
#11567=DIRECTION('ref_axis',(-1.,0.,0.));
#11568=DIRECTION('center_axis',(0.,0.,-1.));
#11569=DIRECTION('ref_axis',(-1.,0.,0.));
#11570=DIRECTION('',(0.,0.,-1.));
#11571=DIRECTION('center_axis',(0.,0.,-1.));
#11572=DIRECTION('ref_axis',(-1.,0.,0.));
#11573=DIRECTION('center_axis',(0.,0.,1.));
#11574=DIRECTION('ref_axis',(-1.,0.,0.));
#11575=DIRECTION('center_axis',(0.,0.,-1.));
#11576=DIRECTION('ref_axis',(-1.,0.,0.));
#11577=DIRECTION('',(0.,0.,-1.));
#11578=DIRECTION('center_axis',(0.,0.,-1.));
#11579=DIRECTION('ref_axis',(-1.,0.,0.));
#11580=DIRECTION('center_axis',(0.,0.,1.));
#11581=DIRECTION('ref_axis',(-1.,0.,0.));
#11582=DIRECTION('center_axis',(0.,0.,-1.));
#11583=DIRECTION('ref_axis',(-1.,0.,0.));
#11584=DIRECTION('',(0.,0.,-1.));
#11585=DIRECTION('center_axis',(0.,0.,-1.));
#11586=DIRECTION('ref_axis',(-1.,0.,0.));
#11587=DIRECTION('center_axis',(0.,0.,1.));
#11588=DIRECTION('ref_axis',(-1.,0.,0.));
#11589=DIRECTION('center_axis',(0.,0.,-1.));
#11590=DIRECTION('ref_axis',(-1.,0.,0.));
#11591=DIRECTION('',(0.,0.,-1.));
#11592=DIRECTION('center_axis',(0.,0.,-1.));
#11593=DIRECTION('ref_axis',(-1.,0.,0.));
#11594=DIRECTION('center_axis',(0.,0.,1.));
#11595=DIRECTION('ref_axis',(-1.,0.,0.));
#11596=DIRECTION('center_axis',(0.,0.,-1.));
#11597=DIRECTION('ref_axis',(-1.,0.,0.));
#11598=DIRECTION('center_axis',(0.,0.,1.));
#11599=DIRECTION('ref_axis',(-1.,0.,0.));
#11600=DIRECTION('center_axis',(0.,0.,-1.));
#11601=DIRECTION('ref_axis',(-1.,0.,0.));
#11602=DIRECTION('',(0.,0.,-1.));
#11603=DIRECTION('center_axis',(0.,0.,1.));
#11604=DIRECTION('ref_axis',(-1.,0.,0.));
#11605=DIRECTION('center_axis',(0.,0.,1.));
#11606=DIRECTION('ref_axis',(-1.,0.,0.));
#11607=DIRECTION('',(0.,0.,-1.));
#11608=DIRECTION('center_axis',(0.,0.,1.));
#11609=DIRECTION('ref_axis',(-1.,0.,0.));
#11610=DIRECTION('center_axis',(0.,0.,1.));
#11611=DIRECTION('ref_axis',(-1.,0.,0.));
#11612=DIRECTION('center_axis',(0.,0.,1.));
#11613=DIRECTION('ref_axis',(-1.,0.,0.));
#11614=DIRECTION('axis',(0.,0.,1.));
#11615=DIRECTION('refdir',(1.,0.,0.));
#11616=DIRECTION('center_axis',(0.,1.,0.));
#11617=DIRECTION('ref_axis',(1.,0.,0.));
#11618=DIRECTION('',(0.,0.,-1.));
#11619=DIRECTION('',(1.,0.,0.));
#11620=DIRECTION('',(0.76265343436599,0.,-0.646807343070377));
#11621=DIRECTION('center_axis',(0.,1.,0.));
#11622=DIRECTION('ref_axis',(1.,0.,0.));
#11623=DIRECTION('',(0.,0.,1.));
#11624=DIRECTION('',(-0.762653434366139,0.,0.646807343070202));
#11625=DIRECTION('',(-1.,0.,0.));
#11626=DIRECTION('center_axis',(-0.646807343070202,0.,-0.762653434366139));
#11627=DIRECTION('ref_axis',(-0.762653434366139,0.,0.646807343070202));
#11628=DIRECTION('center_axis',(0.646807343070202,0.,0.762653434366139));
#11629=DIRECTION('ref_axis',(0.762653434366139,0.,-0.646807343070202));
#11630=DIRECTION('',(0.,-1.,0.));
#11631=DIRECTION('center_axis',(0.,0.,1.));
#11632=DIRECTION('ref_axis',(1.,0.,0.));
#11633=DIRECTION('center_axis',(0.,0.,1.));
#11634=DIRECTION('ref_axis',(1.,0.,0.));
#11635=DIRECTION('center_axis',(0.,0.,-1.));
#11636=DIRECTION('ref_axis',(1.,-1.22464679914735E-16,0.));
#11637=DIRECTION('center_axis',(0.,0.,1.));
#11638=DIRECTION('ref_axis',(1.,0.,0.));
#11639=DIRECTION('',(0.,0.,1.));
#11640=DIRECTION('center_axis',(0.,0.,-1.));
#11641=DIRECTION('ref_axis',(1.,0.,0.));
#11642=DIRECTION('',(0.,0.,-1.));
#11643=DIRECTION('center_axis',(0.,0.,1.));
#11644=DIRECTION('ref_axis',(1.,0.,0.));
#11645=DIRECTION('',(0.,0.,1.));
#11646=DIRECTION('center_axis',(-0.646807343069801,0.,0.762653434366479));
#11647=DIRECTION('ref_axis',(0.762653434366479,0.,0.646807343069801));
#11648=DIRECTION('',(0.,0.,1.));
#11649=DIRECTION('center_axis',(0.,0.,1.));
#11650=DIRECTION('ref_axis',(1.,0.,0.));
#11651=DIRECTION('center_axis',(0.,0.,1.));
#11652=DIRECTION('ref_axis',(1.,0.,0.));
#11653=DIRECTION('',(0.,0.,-1.));
#11654=DIRECTION('center_axis',(-0.646807343069801,0.,0.762653434366479));
#11655=DIRECTION('ref_axis',(0.762653434366479,0.,0.646807343069801));
#11656=DIRECTION('center_axis',(0.,0.,1.));
#11657=DIRECTION('ref_axis',(1.,0.,0.));
#11658=DIRECTION('center_axis',(0.,-0.518301716093344,-0.855197831554018));
#11659=DIRECTION('ref_axis',(0.,0.855197831554018,-0.518301716093344));
#11660=DIRECTION('',(0.,0.,-1.));
#11661=DIRECTION('center_axis',(0.,0.518301716093353,0.855197831554013));
#11662=DIRECTION('ref_axis',(0.,0.855197831554013,-0.518301716093353));
#11663=DIRECTION('',(0.,0.,1.));
#11664=DIRECTION('center_axis',(0.,0.518301716093344,-0.855197831554018));
#11665=DIRECTION('ref_axis',(0.,0.855197831554018,0.518301716093344));
#11666=DIRECTION('',(0.,0.,-1.));
#11667=DIRECTION('center_axis',(0.,-0.518301716092698,0.85519783155441));
#11668=DIRECTION('ref_axis',(0.,0.85519783155441,0.518301716092698));
#11669=DIRECTION('',(0.,0.,1.));
#11670=DIRECTION('center_axis',(0.,1.,0.));
#11671=DIRECTION('ref_axis',(1.,0.,0.));
#11672=DIRECTION('',(-1.,0.,0.));
#11673=DIRECTION('',(-0.762653434366479,0.,-0.646807343069801));
#11674=DIRECTION('center_axis',(0.,1.,0.));
#11675=DIRECTION('ref_axis',(1.,0.,0.));
#11676=DIRECTION('',(0.762653434365905,0.,0.646807343070477));
#11677=DIRECTION('',(1.,0.,0.));
#11678=DIRECTION('center_axis',(0.646807343069801,0.,-0.762653434366479));
#11679=DIRECTION('ref_axis',(-0.762653434366479,0.,-0.646807343069801));
#11680=DIRECTION('',(0.,1.,0.));
#11681=DIRECTION('center_axis',(0.,0.,1.));
#11682=DIRECTION('ref_axis',(1.,0.,0.));
#11683=DIRECTION('',(0.,0.,-1.));
#11684=DIRECTION('center_axis',(0.,0.,-1.));
#11685=DIRECTION('ref_axis',(1.,0.,0.));
#11686=DIRECTION('',(0.,0.,1.));
#11687=DIRECTION('center_axis',(0.,0.,1.));
#11688=DIRECTION('ref_axis',(1.,0.,0.));
#11689=DIRECTION('',(0.,0.,-1.));
#11690=DIRECTION('center_axis',(0.,0.,-1.));
#11691=DIRECTION('ref_axis',(1.,0.,0.));
#11692=DIRECTION('center_axis',(0.,0.,1.));
#11693=DIRECTION('ref_axis',(1.,-1.22464679914735E-16,0.));
#11694=DIRECTION('center_axis',(0.,0.,1.));
#11695=DIRECTION('ref_axis',(1.,-1.22464679914735E-16,0.));
#11696=DIRECTION('',(0.,0.,1.));
#11697=DIRECTION('center_axis',(0.,0.,1.));
#11698=DIRECTION('ref_axis',(1.,-1.22464679914735E-16,0.));
#11699=DIRECTION('center_axis',(0.,0.,-1.));
#11700=DIRECTION('ref_axis',(-1.,0.,0.));
#11701=DIRECTION('center_axis',(0.,0.,1.));
#11702=DIRECTION('ref_axis',(1.,-1.22464679914735E-16,0.));
#11703=DIRECTION('center_axis',(0.,0.,1.));
#11704=DIRECTION('ref_axis',(1.,-1.22464679914735E-16,0.));
#11705=DIRECTION('',(0.,0.,1.));
#11706=DIRECTION('center_axis',(0.,0.,-1.));
#11707=DIRECTION('ref_axis',(1.,0.,0.));
#11708=DIRECTION('center_axis',(0.,0.,-1.));
#11709=DIRECTION('ref_axis',(1.,0.,0.));
#11710=DIRECTION('',(0.,0.,-1.));
#11711=DIRECTION('center_axis',(0.,0.,1.));
#11712=DIRECTION('ref_axis',(1.,0.,0.));
#11713=DIRECTION('center_axis',(0.,0.,-1.));
#11714=DIRECTION('ref_axis',(1.,0.,0.));
#11715=DIRECTION('center_axis',(0.,0.,-1.));
#11716=DIRECTION('ref_axis',(1.,0.,0.));
#11717=DIRECTION('center_axis',(0.,0.,-1.));
#11718=DIRECTION('ref_axis',(1.,0.,0.));
#11719=DIRECTION('',(0.,0.,-1.));
#11720=DIRECTION('center_axis',(0.,0.,1.));
#11721=DIRECTION('ref_axis',(1.,0.,0.));
#11722=DIRECTION('center_axis',(0.,0.,-1.));
#11723=DIRECTION('ref_axis',(1.,0.,0.));
#11724=DIRECTION('center_axis',(0.,0.,-1.));
#11725=DIRECTION('ref_axis',(1.,0.,0.));
#11726=DIRECTION('center_axis',(0.,0.,-1.));
#11727=DIRECTION('ref_axis',(1.,0.,0.));
#11728=DIRECTION('',(0.,0.,-1.));
#11729=DIRECTION('center_axis',(0.,0.,1.));
#11730=DIRECTION('ref_axis',(1.,0.,0.));
#11731=DIRECTION('center_axis',(0.,0.,-1.));
#11732=DIRECTION('ref_axis',(1.,0.,0.));
#11733=DIRECTION('center_axis',(0.,0.,-1.));
#11734=DIRECTION('ref_axis',(1.,0.,0.));
#11735=DIRECTION('center_axis',(0.,0.,-1.));
#11736=DIRECTION('ref_axis',(1.,0.,0.));
#11737=DIRECTION('',(0.,0.,-1.));
#11738=DIRECTION('center_axis',(0.,0.,1.));
#11739=DIRECTION('ref_axis',(1.,0.,0.));
#11740=DIRECTION('center_axis',(0.,0.,-1.));
#11741=DIRECTION('ref_axis',(1.,0.,0.));
#11742=DIRECTION('center_axis',(0.,0.518301716093344,0.855197831554018));
#11743=DIRECTION('ref_axis',(0.,-0.855197831554018,0.518301716093344));
#11744=DIRECTION('',(0.,0.855197831554018,-0.518301716093344));
#11745=DIRECTION('',(-1.,0.,0.));
#11746=DIRECTION('',(0.,-0.855197831554018,0.518301716093344));
#11747=DIRECTION('center_axis',(1.,0.,0.));
#11748=DIRECTION('ref_axis',(0.,1.,0.));
#11749=DIRECTION('',(0.,1.,0.));
#11750=DIRECTION('',(0.,0.855197831554013,-0.518301716093353));
#11751=DIRECTION('center_axis',(0.,-0.518301716093353,-0.855197831554013));
#11752=DIRECTION('ref_axis',(0.,0.855197831554013,-0.518301716093353));
#11753=DIRECTION('',(1.,0.,0.));
#11754=DIRECTION('',(0.,-0.85519783155441,0.518301716092698));
#11755=DIRECTION('center_axis',(1.,0.,0.));
#11756=DIRECTION('ref_axis',(0.,1.,0.));
#11757=DIRECTION('',(0.,-1.,0.));
#11758=DIRECTION('center_axis',(0.,0.,1.));
#11759=DIRECTION('ref_axis',(1.,0.,0.));
#11760=DIRECTION('',(0.,1.,0.));
#11761=DIRECTION('',(0.,1.,0.));
#11762=DIRECTION('center_axis',(0.,0.518301716092698,-0.85519783155441));
#11763=DIRECTION('ref_axis',(0.,0.85519783155441,0.518301716092698));
#11764=DIRECTION('',(0.,0.85519783155441,0.518301716092698));
#11765=DIRECTION('',(-1.,0.,0.));
#11766=DIRECTION('',(0.,0.85519783155441,0.518301716092698));
#11767=DIRECTION('center_axis',(1.,0.,0.));
#11768=DIRECTION('ref_axis',(0.,1.,0.));
#11769=DIRECTION('',(0.,-0.855197831554018,-0.518301716093344));
#11770=DIRECTION('',(0.,-1.,0.));
#11771=DIRECTION('',(0.,0.,1.));
#11772=DIRECTION('center_axis',(0.,-0.518301716093344,0.855197831554018));
#11773=DIRECTION('ref_axis',(0.,-0.855197831554018,-0.518301716093344));
#11774=DIRECTION('',(0.,-0.855197831554018,-0.518301716093344));
#11775=DIRECTION('',(1.,0.,0.));
#11776=DIRECTION('center_axis',(1.,0.,0.));
#11777=DIRECTION('ref_axis',(0.,1.,0.));
#11778=DIRECTION('',(0.,0.,-1.));
#11779=DIRECTION('',(0.,1.,0.));
#11780=DIRECTION('center_axis',(0.,-1.,0.));
#11781=DIRECTION('ref_axis',(-1.,0.,0.));
#11782=DIRECTION('',(1.,0.,0.));
#11783=DIRECTION('',(0.,0.,-1.));
#11784=DIRECTION('',(-1.,0.,0.));
#11785=DIRECTION('',(0.,0.,1.));
#11786=DIRECTION('',(1.,0.,0.));
#11787=DIRECTION('',(0.,0.,-1.));
#11788=DIRECTION('',(-1.,0.,0.));
#11789=DIRECTION('',(0.,0.,-1.));
#11790=DIRECTION('',(1.,0.,0.));
#11791=DIRECTION('center_axis',(0.,0.,1.));
#11792=DIRECTION('ref_axis',(1.,0.,0.));
#11793=DIRECTION('center_axis',(0.,0.,-1.));
#11794=DIRECTION('ref_axis',(1.,0.,0.));
#11795=DIRECTION('center_axis',(-1.,0.,0.));
#11796=DIRECTION('ref_axis',(0.,0.,1.));
#11797=DIRECTION('',(0.,-1.,0.));
#11798=DIRECTION('center_axis',(1.,0.,0.));
#11799=DIRECTION('ref_axis',(0.,0.,-1.));
#11800=DIRECTION('',(0.,1.,0.));
#11801=DIRECTION('center_axis',(0.,0.,1.));
#11802=DIRECTION('ref_axis',(1.,0.,0.));
#11803=DIRECTION('center_axis',(0.,0.,-1.));
#11804=DIRECTION('ref_axis',(-1.,0.,0.));
#11805=DIRECTION('',(0.,-1.,0.));
#11806=DIRECTION('',(0.,1.,0.));
#11807=DIRECTION('',(1.,0.,0.));
#11808=DIRECTION('',(0.,-1.,0.));
#11809=DIRECTION('',(-1.,0.,0.));
#11810=DIRECTION('',(0.,-1.,0.));
#11811=DIRECTION('',(1.,0.,0.));
#11812=DIRECTION('center_axis',(0.,0.,-1.));
#11813=DIRECTION('ref_axis',(-1.,0.,0.));
#11814=DIRECTION('',(0.,1.,0.));
#11815=DIRECTION('',(1.,0.,0.));
#11816=DIRECTION('',(0.,1.,0.));
#11817=DIRECTION('',(-1.,0.,0.));
#11818=DIRECTION('',(0.,1.,0.));
#11819=DIRECTION('',(1.,0.,0.));
#11820=DIRECTION('',(0.,-1.,0.));
#11821=DIRECTION('center_axis',(1.,0.,0.));
#11822=DIRECTION('ref_axis',(0.,1.,0.));
#11823=DIRECTION('',(0.,1.,0.));
#11824=DIRECTION('',(0.,0.,1.));
#11825=DIRECTION('center_axis',(-1.,0.,0.));
#11826=DIRECTION('ref_axis',(0.,-1.,0.));
#11827=DIRECTION('',(0.,0.,-1.));
#11828=DIRECTION('',(0.,-1.,0.));
#11829=DIRECTION('center_axis',(0.,0.,1.));
#11830=DIRECTION('ref_axis',(1.,0.,0.));
#11831=DIRECTION('',(-1.,0.,0.));
#11832=DIRECTION('center_axis',(-1.,0.,0.));
#11833=DIRECTION('ref_axis',(0.,-1.,0.));
#11834=DIRECTION('',(0.,0.,-1.));
#11835=DIRECTION('',(0.,-1.,0.));
#11836=DIRECTION('',(0.,0.,1.));
#11837=DIRECTION('center_axis',(1.,0.,0.));
#11838=DIRECTION('ref_axis',(0.,1.,0.));
#11839=DIRECTION('',(0.,0.,-1.));
#11840=DIRECTION('',(0.,1.,0.));
#11841=DIRECTION('',(0.,0.,1.));
#11842=DIRECTION('center_axis',(0.,0.,1.));
#11843=DIRECTION('ref_axis',(1.,0.,0.));
#11844=DIRECTION('',(-1.,0.,0.));
#11845=DIRECTION('',(1.,0.,0.));
#11846=DIRECTION('center_axis',(0.,1.,0.));
#11847=DIRECTION('ref_axis',(1.,0.,0.));
#11848=DIRECTION('',(0.,0.,-1.));
#11849=DIRECTION('',(-1.,0.,0.));
#11850=DIRECTION('',(0.,0.,-1.));
#11851=DIRECTION('center_axis',(-1.,0.,0.));
#11852=DIRECTION('ref_axis',(0.,1.,0.));
#11853=DIRECTION('',(0.,-1.,0.));
#11854=DIRECTION('center_axis',(-1.,0.,0.));
#11855=DIRECTION('ref_axis',(0.,1.,0.));
#11856=DIRECTION('',(0.,0.,-1.));
#11857=DIRECTION('',(0.,-1.,0.));
#11858=DIRECTION('',(0.,0.,-1.));
#11859=DIRECTION('center_axis',(0.,1.,0.));
#11860=DIRECTION('ref_axis',(1.,0.,0.));
#11861=DIRECTION('',(0.,0.,-1.));
#11862=DIRECTION('',(-1.,0.,0.));
#11863=DIRECTION('center_axis',(0.,-1.,0.));
#11864=DIRECTION('ref_axis',(-1.,0.,0.));
#11865=DIRECTION('',(1.,0.,0.));
#11866=DIRECTION('',(0.,0.,-1.));
#11867=DIRECTION('center_axis',(0.,0.,1.));
#11868=DIRECTION('ref_axis',(1.,0.,0.));
#11869=DIRECTION('center_axis',(0.,0.,1.));
#11870=DIRECTION('ref_axis',(1.,0.,0.));
#11871=DIRECTION('',(0.,0.,1.));
#11872=DIRECTION('center_axis',(1.,0.,0.));
#11873=DIRECTION('ref_axis',(0.,-1.,0.));
#11874=DIRECTION('',(0.,1.,0.));
#11875=DIRECTION('center_axis',(1.,0.,0.));
#11876=DIRECTION('ref_axis',(0.,-1.,0.));
#11877=DIRECTION('',(0.,1.,0.));
#11878=DIRECTION('center_axis',(0.,0.,1.));
#11879=DIRECTION('ref_axis',(1.,0.,0.));
#11880=DIRECTION('center_axis',(0.,0.,1.));
#11881=DIRECTION('ref_axis',(1.,0.,0.));
#11882=DIRECTION('axis',(0.,0.,1.));
#11883=DIRECTION('refdir',(1.,0.,0.));
#11884=DIRECTION('center_axis',(1.,0.,0.));
#11885=DIRECTION('ref_axis',(0.,1.,0.));
#11886=DIRECTION('center_axis',(1.,0.,0.));
#11887=DIRECTION('ref_axis',(0.,-1.,0.));
#11888=DIRECTION('center_axis',(1.,0.,0.));
#11889=DIRECTION('ref_axis',(0.,1.,0.));
#11890=DIRECTION('center_axis',(1.,0.,0.));
#11891=DIRECTION('ref_axis',(0.,-1.,0.));
#11892=DIRECTION('center_axis',(1.,0.,0.));
#11893=DIRECTION('ref_axis',(0.,1.,0.));
#11894=DIRECTION('',(0.,0.,1.));
#11895=DIRECTION('',(0.,-1.,0.));
#11896=DIRECTION('',(0.,0.,1.));
#11897=DIRECTION('',(0.,1.,0.));
#11898=DIRECTION('',(0.,-1.22226388032127E-16,1.));
#11899=DIRECTION('',(0.,1.,3.483052626275E-16));
#11900=DIRECTION('',(0.,1.22226388032127E-16,-1.));
#11901=DIRECTION('',(0.,-1.,0.));
#11902=DIRECTION('center_axis',(0.,0.,1.));
#11903=DIRECTION('ref_axis',(1.,0.,0.));
#11904=DIRECTION('center_axis',(0.,0.,1.));
#11905=DIRECTION('ref_axis',(1.,0.,0.));
#11906=DIRECTION('',(0.,0.,1.));
#11907=DIRECTION('center_axis',(0.,0.,1.));
#11908=DIRECTION('ref_axis',(1.,0.,0.));
#11909=DIRECTION('center_axis',(0.,0.,1.));
#11910=DIRECTION('ref_axis',(1.,0.,0.));
#11911=DIRECTION('center_axis',(1.,0.,0.));
#11912=DIRECTION('ref_axis',(0.,0.,-1.));
#11913=DIRECTION('',(0.,1.18952466924124E-16,-1.));
#11914=DIRECTION('',(0.,-1.,0.));
#11915=DIRECTION('',(0.,-1.18952466924124E-16,1.));
#11916=DIRECTION('',(0.,1.,0.));
#11917=DIRECTION('center_axis',(1.,0.,0.));
#11918=DIRECTION('ref_axis',(0.,1.,0.));
#11919=DIRECTION('',(0.,1.64477485129653E-16,-1.));
#11920=DIRECTION('',(0.,1.,0.));
#11921=DIRECTION('',(0.,-1.09651656753102E-16,1.));
#11922=DIRECTION('',(0.,-1.,0.));
#11923=DIRECTION('center_axis',(-1.,0.,0.));
#11924=DIRECTION('ref_axis',(0.,-1.,0.));
#11925=DIRECTION('center_axis',(0.,1.,1.18952466924124E-16));
#11926=DIRECTION('ref_axis',(0.,-1.18952466924124E-16,1.));
#11927=DIRECTION('',(1.,0.,0.));
#11928=DIRECTION('',(0.,-1.18952466924124E-16,1.));
#11929=DIRECTION('',(1.,0.,0.));
#11930=DIRECTION('center_axis',(1.,0.,0.));
#11931=DIRECTION('ref_axis',(0.,0.,-1.));
#11932=DIRECTION('',(0.,1.,0.));
#11933=DIRECTION('',(0.,1.18952466924124E-16,-1.));
#11934=DIRECTION('',(0.,-1.,-3.483052626275E-16));
#11935=DIRECTION('',(0.,-1.18952466924124E-16,1.));
#11936=DIRECTION('center_axis',(0.,-1.,-1.18952466924124E-16));
#11937=DIRECTION('ref_axis',(0.,1.18952466924124E-16,-1.));
#11938=DIRECTION('',(1.,0.,0.));
#11939=DIRECTION('',(0.,1.18952466924124E-16,-1.));
#11940=DIRECTION('',(1.,0.,0.));
#11941=DIRECTION('center_axis',(-1.,0.,0.));
#11942=DIRECTION('ref_axis',(0.,-1.,0.));
#11943=DIRECTION('',(-1.,0.,0.));
#11944=DIRECTION('center_axis',(1.,0.,0.));
#11945=DIRECTION('ref_axis',(0.,-1.,0.));
#11946=DIRECTION('center_axis',(1.,0.,0.));
#11947=DIRECTION('ref_axis',(0.,-1.,0.));
#11948=DIRECTION('center_axis',(-1.,0.,0.));
#11949=DIRECTION('ref_axis',(0.,-1.,0.));
#11950=DIRECTION('',(-1.,0.,0.));
#11951=DIRECTION('center_axis',(1.,0.,0.));
#11952=DIRECTION('ref_axis',(0.,-1.,0.));
#11953=DIRECTION('center_axis',(1.,0.,0.));
#11954=DIRECTION('ref_axis',(0.,-1.,0.));
#11955=DIRECTION('center_axis',(-1.,0.,0.));
#11956=DIRECTION('ref_axis',(0.,-1.,0.));
#11957=DIRECTION('',(-1.,0.,0.));
#11958=DIRECTION('center_axis',(0.,-1.,-1.22226388032127E-16));
#11959=DIRECTION('ref_axis',(0.,1.22226388032127E-16,-1.));
#11960=DIRECTION('',(1.,0.,0.));
#11961=DIRECTION('',(0.,1.22226388032127E-16,-1.));
#11962=DIRECTION('',(1.,0.,0.));
#11963=DIRECTION('center_axis',(0.,1.,1.18952466924124E-16));
#11964=DIRECTION('ref_axis',(0.,-1.18952466924124E-16,1.));
#11965=DIRECTION('',(1.,0.,0.));
#11966=DIRECTION('',(0.,-1.18952466924124E-16,1.));
#11967=DIRECTION('',(1.,0.,0.));
#11968=DIRECTION('center_axis',(0.,1.,1.64477485129653E-16));
#11969=DIRECTION('ref_axis',(0.,-1.64477485129653E-16,1.));
#11970=DIRECTION('',(1.,0.,0.));
#11971=DIRECTION('',(0.,-1.64477485129653E-16,1.));
#11972=DIRECTION('',(1.,0.,0.));
#11973=DIRECTION('center_axis',(1.,0.,0.));
#11974=DIRECTION('ref_axis',(0.,1.,0.));
#11975=DIRECTION('',(0.,1.,0.));
#11976=DIRECTION('',(0.,-1.,-3.483052626275E-16));
#11977=DIRECTION('',(0.,1.,0.));
#11978=DIRECTION('',(0.,-1.,0.));
#11979=DIRECTION('center_axis',(1.,0.,0.));
#11980=DIRECTION('ref_axis',(0.,-1.,0.));
#11981=DIRECTION('center_axis',(-1.,0.,0.));
#11982=DIRECTION('ref_axis',(0.,-1.,0.));
#11983=DIRECTION('',(-1.,0.,0.));
#11984=DIRECTION('center_axis',(1.,0.,0.));
#11985=DIRECTION('ref_axis',(0.,-1.,0.));
#11986=DIRECTION('center_axis',(1.,0.,0.));
#11987=DIRECTION('ref_axis',(0.,-1.,0.));
#11988=DIRECTION('center_axis',(-1.,0.,0.));
#11989=DIRECTION('ref_axis',(0.,-1.,0.));
#11990=DIRECTION('',(-1.,0.,0.));
#11991=DIRECTION('center_axis',(0.,-3.483052626275E-16,1.));
#11992=DIRECTION('ref_axis',(0.,-1.,-3.483052626275E-16));
#11993=DIRECTION('',(0.,-1.,-3.483052626275E-16));
#11994=DIRECTION('',(1.,0.,0.));
#11995=DIRECTION('center_axis',(0.,1.,1.22226388032127E-16));
#11996=DIRECTION('ref_axis',(0.,-1.22226388032127E-16,1.));
#11997=DIRECTION('',(0.,-1.22226388032127E-16,1.));
#11998=DIRECTION('',(1.,0.,0.));
#11999=DIRECTION('center_axis',(0.,0.,-1.));
#12000=DIRECTION('ref_axis',(0.,1.,0.));
#12001=DIRECTION('',(0.,1.,0.));
#12002=DIRECTION('',(1.,0.,0.));
#12003=DIRECTION('center_axis',(0.,-1.,-1.18952466924124E-16));
#12004=DIRECTION('ref_axis',(0.,1.18952466924124E-16,-1.));
#12005=DIRECTION('',(0.,1.18952466924124E-16,-1.));
#12006=DIRECTION('',(1.,0.,0.));
#12007=DIRECTION('center_axis',(0.,0.,1.));
#12008=DIRECTION('ref_axis',(0.,-1.,0.));
#12009=DIRECTION('',(0.,-1.,0.));
#12010=DIRECTION('',(1.,0.,0.));
#12011=DIRECTION('center_axis',(0.,-1.,-1.09651656753102E-16));
#12012=DIRECTION('ref_axis',(0.,1.09651656753102E-16,-1.));
#12013=DIRECTION('',(0.,1.09651656753102E-16,-1.));
#12014=DIRECTION('',(1.,0.,0.));
#12015=DIRECTION('center_axis',(0.,0.,-1.));
#12016=DIRECTION('ref_axis',(0.,1.,0.));
#12017=DIRECTION('',(0.,1.,0.));
#12018=DIRECTION('center_axis',(1.,0.,0.));
#12019=DIRECTION('ref_axis',(0.,1.,0.));
#12020=DIRECTION('center_axis',(1.,0.,0.));
#12021=DIRECTION('ref_axis',(0.,1.,0.));
#12022=DIRECTION('center_axis',(0.,0.,1.));
#12023=DIRECTION('ref_axis',(1.,0.,0.));
#12024=DIRECTION('',(-1.,0.,0.));
#12025=DIRECTION('',(0.,-1.,0.));
#12026=DIRECTION('',(1.,0.,0.));
#12027=DIRECTION('center_axis',(1.,0.,0.));
#12028=DIRECTION('ref_axis',(0.,1.,0.));
#12029=DIRECTION('center_axis',(-1.,0.,0.));
#12030=DIRECTION('ref_axis',(0.,-1.,0.));
#12031=DIRECTION('',(0.,0.,1.));
#12032=DIRECTION('',(0.,0.,1.));
#12033=DIRECTION('',(0.,1.,0.));
#12034=DIRECTION('center_axis',(0.,0.,1.));
#12035=DIRECTION('ref_axis',(1.,0.,0.));
#12036=DIRECTION('center_axis',(0.,0.,1.));
#12037=DIRECTION('ref_axis',(1.,0.,0.));
#12038=DIRECTION('',(0.,0.,-1.));
#12039=DIRECTION('center_axis',(0.,0.,-1.));
#12040=DIRECTION('ref_axis',(1.,0.,0.));
#12041=DIRECTION('center_axis',(0.,1.,0.));
#12042=DIRECTION('ref_axis',(-1.,0.,0.));
#12043=DIRECTION('',(-1.,0.,0.));
#12044=DIRECTION('',(0.,0.,1.));
#12045=DIRECTION('',(-1.,0.,0.));
#12046=DIRECTION('center_axis',(0.,-1.,0.));
#12047=DIRECTION('ref_axis',(1.,0.,0.));
#12048=DIRECTION('',(1.,0.,0.));
#12049=DIRECTION('',(0.,0.,1.));
#12050=DIRECTION('',(-1.,0.,0.));
#12051=DIRECTION('center_axis',(0.,0.,1.));
#12052=DIRECTION('ref_axis',(0.,1.,0.));
#12053=DIRECTION('center_axis',(0.,0.,1.));
#12054=DIRECTION('ref_axis',(0.,1.,0.));
#12055=DIRECTION('center_axis',(0.,0.,1.));
#12056=DIRECTION('ref_axis',(0.,1.,0.));
#12057=DIRECTION('center_axis',(0.,0.,1.));
#12058=DIRECTION('ref_axis',(1.,0.,0.));
#12059=DIRECTION('center_axis',(0.,0.,1.));
#12060=DIRECTION('ref_axis',(1.,0.,0.));
#12061=DIRECTION('center_axis',(0.,0.,-1.));
#12062=DIRECTION('ref_axis',(1.,0.,0.));
#12063=DIRECTION('',(0.,0.,-1.));
#12064=DIRECTION('center_axis',(0.,0.,-1.));
#12065=DIRECTION('ref_axis',(1.,0.,0.));
#12066=DIRECTION('center_axis',(0.,0.,1.));
#12067=DIRECTION('ref_axis',(1.,0.,0.));
#12068=DIRECTION('center_axis',(0.,0.,-1.));
#12069=DIRECTION('ref_axis',(1.,0.,0.));
#12070=DIRECTION('',(0.,0.,-1.));
#12071=DIRECTION('center_axis',(0.,0.,-1.));
#12072=DIRECTION('ref_axis',(1.,0.,0.));
#12073=DIRECTION('center_axis',(0.,0.,1.));
#12074=DIRECTION('ref_axis',(1.,0.,0.));
#12075=DIRECTION('center_axis',(0.,0.,-1.));
#12076=DIRECTION('ref_axis',(1.,0.,0.));
#12077=DIRECTION('',(0.,0.,-1.));
#12078=DIRECTION('center_axis',(0.,0.,-1.));
#12079=DIRECTION('ref_axis',(1.,0.,0.));
#12080=DIRECTION('center_axis',(0.,0.,1.));
#12081=DIRECTION('ref_axis',(1.,0.,0.));
#12082=DIRECTION('center_axis',(0.,0.,-1.));
#12083=DIRECTION('ref_axis',(1.,0.,0.));
#12084=DIRECTION('',(0.,0.,-1.));
#12085=DIRECTION('center_axis',(0.,0.,-1.));
#12086=DIRECTION('ref_axis',(1.,0.,0.));
#12087=DIRECTION('center_axis',(0.,0.,1.));
#12088=DIRECTION('ref_axis',(1.,0.,0.));
#12089=DIRECTION('center_axis',(0.,0.,1.));
#12090=DIRECTION('ref_axis',(1.,0.,0.));
#12091=DIRECTION('axis',(0.,0.,1.));
#12092=DIRECTION('refdir',(1.,0.,0.));
#12093=DIRECTION('center_axis',(1.,0.,0.));
#12094=DIRECTION('ref_axis',(0.,1.,0.));
#12095=DIRECTION('center_axis',(1.,0.,0.));
#12096=DIRECTION('ref_axis',(0.,1.,0.));
#12097=DIRECTION('center_axis',(-1.,0.,0.));
#12098=DIRECTION('ref_axis',(0.,1.,0.));
#12099=DIRECTION('center_axis',(-1.,0.,0.));
#12100=DIRECTION('ref_axis',(0.,1.,0.));
#12101=DIRECTION('center_axis',(-1.,0.,0.));
#12102=DIRECTION('ref_axis',(0.,1.,0.));
#12103=DIRECTION('center_axis',(-1.,0.,0.));
#12104=DIRECTION('ref_axis',(0.,1.,0.));
#12105=DIRECTION('center_axis',(-1.,0.,0.));
#12106=DIRECTION('ref_axis',(0.,1.,0.));
#12107=DIRECTION('center_axis',(-1.,0.,0.));
#12108=DIRECTION('ref_axis',(0.,1.,0.));
#12109=DIRECTION('',(1.,0.,0.));
#12110=DIRECTION('center_axis',(-1.,0.,0.));
#12111=DIRECTION('ref_axis',(0.,1.,0.));
#12112=DIRECTION('center_axis',(-1.,0.,0.));
#12113=DIRECTION('ref_axis',(0.,1.,0.));
#12114=DIRECTION('',(1.,0.,0.));
#12115=DIRECTION('center_axis',(-1.,0.,0.));
#12116=DIRECTION('ref_axis',(0.,1.,0.));
#12117=DIRECTION('center_axis',(-1.,0.,0.));
#12118=DIRECTION('ref_axis',(0.,1.,0.));
#12119=DIRECTION('',(1.,0.,0.));
#12120=DIRECTION('center_axis',(-1.,0.,0.));
#12121=DIRECTION('ref_axis',(0.,1.,0.));
#12122=DIRECTION('center_axis',(-1.,0.,0.));
#12123=DIRECTION('ref_axis',(0.,1.,0.));
#12124=DIRECTION('',(1.,0.,0.));
#12125=DIRECTION('center_axis',(-1.,0.,0.));
#12126=DIRECTION('ref_axis',(0.,1.,0.));
#12127=DIRECTION('center_axis',(-1.,0.,0.));
#12128=DIRECTION('ref_axis',(0.,1.,0.));
#12129=DIRECTION('',(1.,0.,0.));
#12130=DIRECTION('center_axis',(-1.,0.,0.));
#12131=DIRECTION('ref_axis',(0.,1.,0.));
#12132=DIRECTION('center_axis',(1.,0.,0.));
#12133=DIRECTION('ref_axis',(0.,1.,0.));
#12134=DIRECTION('center_axis',(1.,0.,0.));
#12135=DIRECTION('ref_axis',(0.,1.,0.));
#12136=DIRECTION('center_axis',(1.,0.,0.));
#12137=DIRECTION('ref_axis',(0.,1.,0.));
#12138=DIRECTION('center_axis',(1.,0.,0.));
#12139=DIRECTION('ref_axis',(0.,1.,0.));
#12140=DIRECTION('center_axis',(1.,0.,0.));
#12141=DIRECTION('ref_axis',(0.,1.,0.));
#12142=DIRECTION('center_axis',(1.,0.,0.));
#12143=DIRECTION('ref_axis',(0.,1.,0.));
#12144=DIRECTION('center_axis',(1.,0.,0.));
#12145=DIRECTION('ref_axis',(0.,1.,0.));
#12146=DIRECTION('',(1.,0.,0.));
#12147=DIRECTION('center_axis',(0.,1.,0.));
#12148=DIRECTION('ref_axis',(1.,0.,0.));
#12149=DIRECTION('center_axis',(0.,1.,0.));
#12150=DIRECTION('ref_axis',(-1.,0.,0.));
#12151=DIRECTION('center_axis',(0.,1.,0.));
#12152=DIRECTION('ref_axis',(1.,0.,0.));
#12153=DIRECTION('center_axis',(0.,1.,0.));
#12154=DIRECTION('ref_axis',(1.,0.,0.));
#12155=DIRECTION('',(0.,1.,0.));
#12156=DIRECTION('center_axis',(0.,1.,0.));
#12157=DIRECTION('ref_axis',(1.,0.,0.));
#12158=DIRECTION('',(0.,1.,0.));
#12159=DIRECTION('center_axis',(0.,1.,0.));
#12160=DIRECTION('ref_axis',(1.,0.,0.));
#12161=DIRECTION('center_axis',(0.,-1.,0.));
#12162=DIRECTION('ref_axis',(1.,0.,0.));
#12163=DIRECTION('',(0.,1.,0.));
#12164=DIRECTION('center_axis',(0.,-1.,0.));
#12165=DIRECTION('ref_axis',(1.,0.,0.));
#12166=DIRECTION('',(0.,1.,0.));
#12167=DIRECTION('center_axis',(-1.,0.,0.));
#12168=DIRECTION('ref_axis',(0.,0.,1.));
#12169=DIRECTION('',(0.,0.,1.));
#12170=DIRECTION('',(0.,1.,0.));
#12171=DIRECTION('',(0.,0.,1.));
#12172=DIRECTION('center_axis',(0.,1.,0.));
#12173=DIRECTION('ref_axis',(-1.83697019872103E-16,0.,1.));
#12174=DIRECTION('center_axis',(0.,-1.,0.));
#12175=DIRECTION('ref_axis',(1.,0.,0.));
#12176=DIRECTION('',(0.,1.,0.));
#12177=DIRECTION('center_axis',(0.,-1.,0.));
#12178=DIRECTION('ref_axis',(1.,0.,0.));
#12179=DIRECTION('center_axis',(0.,-1.,0.));
#12180=DIRECTION('ref_axis',(1.,0.,0.));
#12181=DIRECTION('center_axis',(0.,-1.,0.));
#12182=DIRECTION('ref_axis',(1.,0.,0.));
#12183=DIRECTION('center_axis',(0.,-1.,0.));
#12184=DIRECTION('ref_axis',(1.,0.,0.));
#12185=DIRECTION('center_axis',(1.,0.,0.));
#12186=DIRECTION('ref_axis',(0.,0.,-1.));
#12187=DIRECTION('',(0.,0.,-1.));
#12188=DIRECTION('',(0.,0.,-1.));
#12189=DIRECTION('center_axis',(0.,1.,0.));
#12190=DIRECTION('ref_axis',(1.,0.,0.));
#12191=DIRECTION('',(1.,0.,0.));
#12192=DIRECTION('',(0.,0.,-1.));
#12193=DIRECTION('center_axis',(0.,1.,0.));
#12194=DIRECTION('ref_axis',(1.,0.,0.));
#12195=DIRECTION('',(1.,0.,0.));
#12196=DIRECTION('',(1.32960841272474E-16,0.,1.));
#12197=DIRECTION('center_axis',(0.,1.,0.));
#12198=DIRECTION('ref_axis',(1.,0.,0.));
#12199=DIRECTION('',(1.32960841272474E-16,0.,1.));
#12200=DIRECTION('',(0.,0.,-1.));
#12201=DIRECTION('',(-1.,0.,0.));
#12202=DIRECTION('center_axis',(0.,1.,0.));
#12203=DIRECTION('ref_axis',(1.,0.,0.));
#12204=DIRECTION('center_axis',(0.,1.,0.));
#12205=DIRECTION('ref_axis',(1.,0.,0.));
#12206=DIRECTION('center_axis',(0.,1.,0.));
#12207=DIRECTION('ref_axis',(1.,0.,0.));
#12208=DIRECTION('',(0.,0.,1.));
#12209=DIRECTION('',(1.,0.,0.));
#12210=DIRECTION('',(-1.,0.,-5.77538017410015E-13));
#12211=DIRECTION('',(0.,0.,-1.));
#12212=DIRECTION('',(1.,0.,0.));
#12213=DIRECTION('',(-6.91727741199474E-16,0.,1.));
#12214=DIRECTION('',(-1.,0.,0.));
#12215=DIRECTION('center_axis',(0.,1.,0.));
#12216=DIRECTION('ref_axis',(1.,0.,0.));
#12217=DIRECTION('',(1.,0.,0.));
#12218=DIRECTION('',(6.91727741199474E-16,0.,-1.));
#12219=DIRECTION('',(-1.,0.,0.));
#12220=DIRECTION('',(0.,0.,1.));
#12221=DIRECTION('',(0.,0.,1.));
#12222=DIRECTION('',(-1.,0.,0.));
#12223=DIRECTION('',(-1.32960841272474E-16,0.,-1.));
#12224=DIRECTION('',(1.,0.,0.));
#12225=DIRECTION('center_axis',(0.,-1.,0.));
#12226=DIRECTION('ref_axis',(1.,0.,0.));
#12227=DIRECTION('center_axis',(0.,-1.,0.));
#12228=DIRECTION('ref_axis',(-1.,0.,0.));
#12229=DIRECTION('center_axis',(0.,0.,1.));
#12230=DIRECTION('ref_axis',(1.,0.,0.));
#12231=DIRECTION('',(0.,1.,0.));
#12232=DIRECTION('',(0.,1.,0.));
#12233=DIRECTION('center_axis',(1.,0.,6.91727741199474E-16));
#12234=DIRECTION('ref_axis',(6.91727741199474E-16,0.,-1.));
#12235=DIRECTION('',(0.,1.,0.));
#12236=DIRECTION('center_axis',(0.,0.,-1.));
#12237=DIRECTION('ref_axis',(-1.,0.,0.));
#12238=DIRECTION('',(0.,1.,0.));
#12239=DIRECTION('center_axis',(-1.,0.,0.));
#12240=DIRECTION('ref_axis',(0.,0.,1.));
#12241=DIRECTION('center_axis',(-1.,0.,0.));
#12242=DIRECTION('ref_axis',(0.,0.,1.));
#12243=DIRECTION('',(0.,1.,0.));
#12244=DIRECTION('',(0.,1.,0.));
#12245=DIRECTION('center_axis',(0.,0.,-1.));
#12246=DIRECTION('ref_axis',(-1.,0.,0.));
#12247=DIRECTION('',(0.,1.,0.));
#12248=DIRECTION('center_axis',(1.,0.,-1.32960841272474E-16));
#12249=DIRECTION('ref_axis',(-1.32960841272474E-16,0.,-1.));
#12250=DIRECTION('',(0.,1.,0.));
#12251=DIRECTION('center_axis',(0.,0.,1.));
#12252=DIRECTION('ref_axis',(1.,0.,0.));
#12253=DIRECTION('center_axis',(0.,1.,0.));
#12254=DIRECTION('ref_axis',(1.,0.,0.));
#12255=DIRECTION('',(0.,-1.,0.));
#12256=DIRECTION('center_axis',(0.,1.,0.));
#12257=DIRECTION('ref_axis',(-1.,0.,0.));
#12258=DIRECTION('',(0.,-1.,0.));
#12259=DIRECTION('center_axis',(5.77538017410015E-13,0.,-1.));
#12260=DIRECTION('ref_axis',(-1.,0.,-5.77538017410015E-13));
#12261=DIRECTION('',(1.,0.,0.));
#12262=DIRECTION('',(0.,1.,0.));
#12263=DIRECTION('',(1.,0.,5.77538017410015E-13));
#12264=DIRECTION('',(0.,1.,0.));
#12265=DIRECTION('center_axis',(0.,1.,0.));
#12266=DIRECTION('ref_axis',(1.,0.,0.));
#12267=DIRECTION('',(-1.,0.,0.));
#12268=DIRECTION('',(0.,0.,-1.));
#12269=DIRECTION('center_axis',(0.,0.,1.));
#12270=DIRECTION('ref_axis',(1.,0.,0.));
#12271=DIRECTION('',(1.,0.,0.));
#12272=DIRECTION('',(0.,1.,0.));
#12273=DIRECTION('',(0.,1.,0.));
#12274=DIRECTION('center_axis',(-1.,0.,0.));
#12275=DIRECTION('ref_axis',(0.,1.,0.));
#12276=DIRECTION('center_axis',(-1.,0.,0.));
#12277=DIRECTION('ref_axis',(0.,1.,0.));
#12278=DIRECTION('center_axis',(1.,0.,0.));
#12279=DIRECTION('ref_axis',(0.,1.,0.));
#12280=DIRECTION('center_axis',(-1.,0.,0.));
#12281=DIRECTION('ref_axis',(0.,0.,1.));
#12282=DIRECTION('center_axis',(1.,0.,0.));
#12283=DIRECTION('ref_axis',(0.,0.,-1.));
#12284=DIRECTION('axis',(0.,0.,1.));
#12285=DIRECTION('refdir',(1.,0.,0.));
#12286=DIRECTION('center_axis',(1.,0.,0.));
#12287=DIRECTION('ref_axis',(0.,-1.,0.));
#12288=DIRECTION('center_axis',(-1.,0.,0.));
#12289=DIRECTION('ref_axis',(0.,-1.,0.));
#12290=DIRECTION('',(1.,0.,0.));
#12291=DIRECTION('center_axis',(1.,0.,0.));
#12292=DIRECTION('ref_axis',(0.,-1.,0.));
#12293=DIRECTION('center_axis',(-1.,0.,0.));
#12294=DIRECTION('ref_axis',(0.,-1.,0.));
#12295=DIRECTION('center_axis',(1.,0.,0.));
#12296=DIRECTION('ref_axis',(0.,-1.,0.));
#12297=DIRECTION('center_axis',(-1.,0.,0.));
#12298=DIRECTION('ref_axis',(0.,-1.,0.));
#12299=DIRECTION('',(1.,0.,0.));
#12300=DIRECTION('center_axis',(1.,0.,0.));
#12301=DIRECTION('ref_axis',(0.,-1.,0.));
#12302=DIRECTION('center_axis',(-1.,0.,0.));
#12303=DIRECTION('ref_axis',(0.,-1.,0.));
#12304=DIRECTION('center_axis',(0.,0.0159373586189369,-0.99987299223464));
#12305=DIRECTION('ref_axis',(0.,0.99987299223464,0.0159373586189369));
#12306=DIRECTION('',(0.,0.99987299223464,0.0159373586189369));
#12307=DIRECTION('',(-1.,0.,0.));
#12308=DIRECTION('',(0.,0.99987299223464,0.0159373586189369));
#12309=DIRECTION('',(1.,0.,0.));
#12310=DIRECTION('center_axis',(0.,0.0159373586189368,0.99987299223464));
#12311=DIRECTION('ref_axis',(0.,-0.99987299223464,0.0159373586189368));
#12312=DIRECTION('',(0.,-0.99987299223464,0.0159373586189368));
#12313=DIRECTION('',(1.,0.,0.));
#12314=DIRECTION('',(0.,-0.99987299223464,0.0159373586189368));
#12315=DIRECTION('',(-1.,0.,0.));
#12316=DIRECTION('center_axis',(0.,1.,0.));
#12317=DIRECTION('ref_axis',(0.,0.,1.));
#12318=DIRECTION('',(0.,0.,1.));
#12319=DIRECTION('',(0.,0.,1.));
#12320=DIRECTION('center_axis',(-1.,0.,0.));
#12321=DIRECTION('ref_axis',(0.,-1.,0.));
#12322=DIRECTION('center_axis',(-1.,0.,0.));
#12323=DIRECTION('ref_axis',(0.,-1.,0.));
#12324=DIRECTION('center_axis',(-1.,0.,0.));
#12325=DIRECTION('ref_axis',(0.,-1.,0.));
#12326=DIRECTION('center_axis',(0.,-0.0313421130899303,0.999508715293198));
#12327=DIRECTION('ref_axis',(0.,-0.999508715293197,-0.0313421130899303));
#12328=DIRECTION('',(0.,-0.999508715293197,-0.0313421130899303));
#12329=DIRECTION('',(-1.,0.,0.));
#12330=DIRECTION('',(0.,-0.999508715293197,-0.0313421130899303));
#12331=DIRECTION('',(1.,0.,0.));
#12332=DIRECTION('center_axis',(0.,-0.0313421130899303,-0.999508715293198));
#12333=DIRECTION('ref_axis',(0.,0.999508715293197,-0.0313421130899303));
#12334=DIRECTION('',(0.,0.999508715293197,-0.0313421130899303));
#12335=DIRECTION('',(1.,0.,0.));
#12336=DIRECTION('',(0.,0.999508715293197,-0.0313421130899303));
#12337=DIRECTION('',(-1.,0.,0.));
#12338=DIRECTION('center_axis',(0.,-1.,0.));
#12339=DIRECTION('ref_axis',(0.,0.,-1.));
#12340=DIRECTION('',(0.,0.,-1.));
#12341=DIRECTION('',(0.,0.,-1.));
#12342=DIRECTION('center_axis',(-1.,0.,0.));
#12343=DIRECTION('ref_axis',(0.,-1.,0.));
#12344=DIRECTION('center_axis',(-1.,0.,0.));
#12345=DIRECTION('ref_axis',(0.,-1.,0.));
#12346=DIRECTION('center_axis',(-1.,0.,0.));
#12347=DIRECTION('ref_axis',(0.,1.,0.));
#12348=DIRECTION('',(0.,1.,0.));
#12349=DIRECTION('',(0.,0.,-1.));
#12350=DIRECTION('',(0.,1.,0.));
#12351=DIRECTION('',(0.,0.,-1.));
#12352=DIRECTION('center_axis',(1.,0.,0.));
#12353=DIRECTION('ref_axis',(0.,-1.,0.));
#12354=DIRECTION('center_axis',(1.,0.,0.));
#12355=DIRECTION('ref_axis',(0.,-1.,0.));
#12356=DIRECTION('center_axis',(1.,0.,0.));
#12357=DIRECTION('ref_axis',(0.,-1.,0.));
#12358=DIRECTION('',(1.,0.,0.));
#12359=DIRECTION('center_axis',(-1.,0.,0.));
#12360=DIRECTION('ref_axis',(0.,-1.,0.));
#12361=DIRECTION('center_axis',(1.,0.,0.));
#12362=DIRECTION('ref_axis',(0.,-1.,0.));
#12363=DIRECTION('',(0.,1.,0.));
#12364=DIRECTION('',(0.,0.,-1.));
#12365=DIRECTION('',(0.,-1.,0.));
#12366=DIRECTION('',(0.,0.,-1.));
#12367=DIRECTION('center_axis',(0.,0.,-1.));
#12368=DIRECTION('ref_axis',(-1.,0.,0.));
#12369=DIRECTION('',(1.,0.,0.));
#12370=DIRECTION('',(-1.,0.,0.));
#12371=DIRECTION('center_axis',(0.,-1.,0.));
#12372=DIRECTION('ref_axis',(-1.,0.,0.));
#12373=DIRECTION('',(-1.,0.,0.));
#12374=DIRECTION('',(0.,0.,-1.));
#12375=DIRECTION('',(-1.,0.,0.));
#12376=DIRECTION('center_axis',(0.,0.,1.));
#12377=DIRECTION('ref_axis',(1.,0.,0.));
#12378=DIRECTION('center_axis',(0.,0.,1.));
#12379=DIRECTION('ref_axis',(1.,0.,0.));
#12380=DIRECTION('center_axis',(0.,0.,1.));
#12381=DIRECTION('ref_axis',(1.,0.,0.));
#12382=DIRECTION('center_axis',(0.,0.,1.));
#12383=DIRECTION('ref_axis',(1.,0.,0.));
#12384=DIRECTION('center_axis',(0.,1.,0.));
#12385=DIRECTION('ref_axis',(1.,0.,0.));
#12386=DIRECTION('',(-1.,0.,0.));
#12387=DIRECTION('',(-1.,0.,0.));
#12388=DIRECTION('',(0.,0.,-1.));
#12389=DIRECTION('',(1.,0.,0.));
#12390=DIRECTION('',(0.,0.,-1.));
#12391=DIRECTION('center_axis',(-1.,0.,0.));
#12392=DIRECTION('ref_axis',(0.,1.,0.));
#12393=DIRECTION('',(0.,-1.,0.));
#12394=DIRECTION('',(0.,-1.,0.));
#12395=DIRECTION('',(0.,0.,-1.));
#12396=DIRECTION('',(0.,1.,0.));
#12397=DIRECTION('center_axis',(0.,-1.,0.));
#12398=DIRECTION('ref_axis',(-1.,0.,0.));
#12399=DIRECTION('',(1.,0.,0.));
#12400=DIRECTION('',(0.,0.,-1.));
#12401=DIRECTION('',(-1.,0.,0.));
#12402=DIRECTION('',(0.,0.,-1.));
#12403=DIRECTION('center_axis',(-1.,-1.67339952645201E-13,0.));
#12404=DIRECTION('ref_axis',(-1.67339952645201E-13,1.,0.));
#12405=DIRECTION('',(1.67339952645201E-13,-1.,0.));
#12406=DIRECTION('',(0.,0.,-1.));
#12407=DIRECTION('',(-1.67339952645201E-13,1.,0.));
#12408=DIRECTION('center_axis',(0.,0.,-1.));
#12409=DIRECTION('ref_axis',(1.,0.,0.));
#12410=DIRECTION('center_axis',(0.,0.,1.));
#12411=DIRECTION('ref_axis',(1.,0.,0.));
#12412=DIRECTION('',(0.,0.,1.));
#12413=DIRECTION('center_axis',(0.,0.,-1.));
#12414=DIRECTION('ref_axis',(1.,0.,0.));
#12415=DIRECTION('center_axis',(0.,0.,1.));
#12416=DIRECTION('ref_axis',(1.,0.,0.));
#12417=DIRECTION('',(0.,0.,1.));
#12418=DIRECTION('center_axis',(1.,1.32960841272474E-16,0.));
#12419=DIRECTION('ref_axis',(1.32960841272474E-16,-1.,0.));
#12420=DIRECTION('',(-1.32960841272474E-16,1.,0.));
#12421=DIRECTION('',(1.32960841272474E-16,-1.,0.));
#12422=DIRECTION('',(0.,0.,-1.));
#12423=DIRECTION('',(-1.32960841272474E-16,1.,0.));
#12424=DIRECTION('center_axis',(0.,-1.,0.));
#12425=DIRECTION('ref_axis',(-1.,0.,0.));
#12426=DIRECTION('',(1.,0.,0.));
#12427=DIRECTION('',(-1.,0.,0.));
#12428=DIRECTION('center_axis',(1.,-1.02957312948237E-16,0.));
#12429=DIRECTION('ref_axis',(-1.02957312948237E-16,-1.,0.));
#12430=DIRECTION('',(1.02957312948237E-16,1.,0.));
#12431=DIRECTION('',(-1.02957312948237E-16,-1.,0.));
#12432=DIRECTION('',(0.,0.,-1.));
#12433=DIRECTION('center_axis',(0.,1.,0.));
#12434=DIRECTION('ref_axis',(1.,0.,0.));
#12435=DIRECTION('',(-1.,0.,0.));
#12436=DIRECTION('',(1.,0.,0.));
#12437=DIRECTION('center_axis',(0.,0.,1.));
#12438=DIRECTION('ref_axis',(1.,0.,0.));
#12439=DIRECTION('center_axis',(0.,0.,-1.));
#12440=DIRECTION('ref_axis',(6.12323399573677E-17,-1.,0.));
#12441=DIRECTION('center_axis',(0.,0.,-1.));
#12442=DIRECTION('ref_axis',(1.,0.,0.));
#12443=DIRECTION('',(0.,0.,-1.));
#12444=DIRECTION('center_axis',(0.,0.,1.));
#12445=DIRECTION('ref_axis',(1.,0.,0.));
#12446=DIRECTION('center_axis',(0.,0.,1.));
#12447=DIRECTION('ref_axis',(1.,0.,0.));
#12448=DIRECTION('center_axis',(0.,0.,1.));
#12449=DIRECTION('ref_axis',(1.,0.,0.));
#12450=DIRECTION('center_axis',(0.,0.,1.));
#12451=DIRECTION('ref_axis',(1.,0.,0.));
#12452=DIRECTION('',(0.,0.,-1.));
#12453=DIRECTION('center_axis',(0.,0.,1.));
#12454=DIRECTION('ref_axis',(1.,0.,0.));
#12455=DIRECTION('center_axis',(0.,0.,1.));
#12456=DIRECTION('ref_axis',(1.,0.,0.));
#12457=DIRECTION('',(1.,2.22044604925031E-16,0.));
#12458=DIRECTION('',(-7.04891048054113E-16,1.,0.));
#12459=DIRECTION('center_axis',(0.,0.,-1.));
#12460=DIRECTION('ref_axis',(1.,0.,0.));
#12461=DIRECTION('',(7.04891048054113E-16,-1.,0.));
#12462=DIRECTION('center_axis',(0.,0.,1.));
#12463=DIRECTION('ref_axis',(1.,0.,0.));
#12464=DIRECTION('',(1.,2.22044604925031E-16,0.));
#12465=DIRECTION('center_axis',(0.,0.,-1.));
#12466=DIRECTION('ref_axis',(1.,0.,0.));
#12467=DIRECTION('center_axis',(0.,0.,1.));
#12468=DIRECTION('ref_axis',(1.,0.,0.));
#12469=DIRECTION('center_axis',(0.,0.,1.));
#12470=DIRECTION('ref_axis',(1.,0.,0.));
#12471=DIRECTION('center_axis',(0.,0.,1.));
#12472=DIRECTION('ref_axis',(1.,0.,0.));
#12473=DIRECTION('',(-7.04891048054113E-16,1.,0.));
#12474=DIRECTION('center_axis',(0.,0.,1.));
#12475=DIRECTION('ref_axis',(1.,0.,0.));
#12476=DIRECTION('',(7.04891048054113E-16,-1.,0.));
#12477=DIRECTION('center_axis',(-1.,-7.04891048054113E-16,0.));
#12478=DIRECTION('ref_axis',(-7.04891048054113E-16,1.,0.));
#12479=DIRECTION('',(0.,0.,-1.));
#12480=DIRECTION('center_axis',(1.,7.04891048054113E-16,0.));
#12481=DIRECTION('ref_axis',(7.04891048054113E-16,-1.,0.));
#12482=DIRECTION('',(0.,0.,-1.));
#12483=DIRECTION('center_axis',(0.,0.,-1.));
#12484=DIRECTION('ref_axis',(1.,0.,0.));
#12485=DIRECTION('center_axis',(-2.22044604925031E-16,1.,0.));
#12486=DIRECTION('ref_axis',(1.,2.22044604925031E-16,0.));
#12487=DIRECTION('',(0.,0.,-1.));
#12488=DIRECTION('center_axis',(0.,0.,-1.));
#12489=DIRECTION('ref_axis',(1.,0.,0.));
#12490=DIRECTION('axis',(0.,0.,1.));
#12491=DIRECTION('refdir',(1.,0.,0.));
#12492=DIRECTION('axis',(0.,0.,1.));
#12493=DIRECTION('refdir',(1.,0.,0.));
#12494=DIRECTION('center_axis',(0.,0.,1.));
#12495=DIRECTION('ref_axis',(1.,0.,0.));
#12496=DIRECTION('center_axis',(0.,0.,1.));
#12497=DIRECTION('ref_axis',(1.,0.,0.));
#12498=DIRECTION('',(0.,0.,1.));
#12499=DIRECTION('center_axis',(0.,0.,-1.));
#12500=DIRECTION('ref_axis',(1.,0.,0.));
#12501=DIRECTION('center_axis',(0.,0.,1.));
#12502=DIRECTION('ref_axis',(1.,0.,0.));
#12503=DIRECTION('center_axis',(0.,0.,1.));
#12504=DIRECTION('ref_axis',(1.,0.,0.));
#12505=DIRECTION('center_axis',(0.,0.,1.));
#12506=DIRECTION('ref_axis',(1.,0.,0.));
#12507=DIRECTION('',(0.,0.,-1.));
#12508=DIRECTION('center_axis',(0.,0.,-1.));
#12509=DIRECTION('ref_axis',(1.,0.,0.));
#12510=DIRECTION('center_axis',(0.,0.,1.));
#12511=DIRECTION('ref_axis',(1.,0.,0.));
#12512=DIRECTION('center_axis',(0.,0.,1.));
#12513=DIRECTION('ref_axis',(1.,0.,0.));
#12514=DIRECTION('center_axis',(0.,0.,1.));
#12515=DIRECTION('ref_axis',(1.,0.,0.));
#12516=DIRECTION('',(0.,0.,1.));
#12517=DIRECTION('center_axis',(0.,0.,-1.));
#12518=DIRECTION('ref_axis',(1.,0.,0.));
#12519=DIRECTION('center_axis',(0.,0.,1.));
#12520=DIRECTION('ref_axis',(1.,0.,0.));
#12521=DIRECTION('center_axis',(0.,0.,1.));
#12522=DIRECTION('ref_axis',(1.,0.,0.));
#12523=DIRECTION('center_axis',(0.,0.,1.));
#12524=DIRECTION('ref_axis',(1.,0.,0.));
#12525=DIRECTION('',(0.,0.,-1.));
#12526=DIRECTION('center_axis',(0.,0.,-1.));
#12527=DIRECTION('ref_axis',(1.,0.,0.));
#12528=DIRECTION('center_axis',(0.,0.,1.));
#12529=DIRECTION('ref_axis',(1.,0.,0.));
#12530=DIRECTION('center_axis',(0.,0.,1.));
#12531=DIRECTION('ref_axis',(1.,0.,0.));
#12532=DIRECTION('center_axis',(0.,0.,1.));
#12533=DIRECTION('ref_axis',(1.,0.,0.));
#12534=DIRECTION('',(0.,0.,1.));
#12535=DIRECTION('center_axis',(0.,0.,-1.));
#12536=DIRECTION('ref_axis',(1.,0.,0.));
#12537=DIRECTION('center_axis',(0.,0.,1.));
#12538=DIRECTION('ref_axis',(1.,0.,0.));
#12539=DIRECTION('center_axis',(0.,0.,1.));
#12540=DIRECTION('ref_axis',(1.,0.,0.));
#12541=DIRECTION('center_axis',(0.,0.,1.));
#12542=DIRECTION('ref_axis',(1.,0.,0.));
#12543=DIRECTION('',(0.,0.,-1.));
#12544=DIRECTION('center_axis',(0.,0.,-1.));
#12545=DIRECTION('ref_axis',(1.,0.,0.));
#12546=DIRECTION('center_axis',(0.,0.,1.));
#12547=DIRECTION('ref_axis',(1.,0.,0.));
#12548=DIRECTION('center_axis',(0.,0.,1.));
#12549=DIRECTION('ref_axis',(1.,0.,0.));
#12550=DIRECTION('center_axis',(0.,0.,1.));
#12551=DIRECTION('ref_axis',(1.,0.,0.));
#12552=DIRECTION('',(0.,0.,1.));
#12553=DIRECTION('center_axis',(0.,0.,-1.));
#12554=DIRECTION('ref_axis',(1.,0.,0.));
#12555=DIRECTION('center_axis',(0.,0.,1.));
#12556=DIRECTION('ref_axis',(1.,0.,0.));
#12557=DIRECTION('center_axis',(0.,0.,1.));
#12558=DIRECTION('ref_axis',(1.,0.,0.));
#12559=DIRECTION('center_axis',(0.,0.,1.));
#12560=DIRECTION('ref_axis',(1.,0.,0.));
#12561=DIRECTION('',(0.,0.,-1.));
#12562=DIRECTION('center_axis',(0.,0.,-1.));
#12563=DIRECTION('ref_axis',(1.,0.,0.));
#12564=DIRECTION('center_axis',(0.,0.,1.));
#12565=DIRECTION('ref_axis',(1.,0.,0.));
#12566=DIRECTION('center_axis',(0.,0.,1.));
#12567=DIRECTION('ref_axis',(1.,0.,0.));
#12568=DIRECTION('center_axis',(0.,0.,1.));
#12569=DIRECTION('ref_axis',(1.,0.,0.));
#12570=DIRECTION('',(0.,0.,1.));
#12571=DIRECTION('center_axis',(0.,0.,-1.));
#12572=DIRECTION('ref_axis',(1.,0.,0.));
#12573=DIRECTION('center_axis',(0.,0.,1.));
#12574=DIRECTION('ref_axis',(1.,0.,0.));
#12575=DIRECTION('center_axis',(0.,0.,1.));
#12576=DIRECTION('ref_axis',(1.,0.,0.));
#12577=DIRECTION('center_axis',(0.,0.,1.));
#12578=DIRECTION('ref_axis',(1.,0.,0.));
#12579=DIRECTION('',(0.,0.,-1.));
#12580=DIRECTION('center_axis',(0.,0.,-1.));
#12581=DIRECTION('ref_axis',(1.,0.,0.));
#12582=DIRECTION('center_axis',(0.,0.,1.));
#12583=DIRECTION('ref_axis',(1.,0.,0.));
#12584=DIRECTION('center_axis',(0.,0.,1.));
#12585=DIRECTION('ref_axis',(1.,0.,0.));
#12586=DIRECTION('center_axis',(0.,0.,1.));
#12587=DIRECTION('ref_axis',(1.,0.,0.));
#12588=DIRECTION('',(0.,0.,1.));
#12589=DIRECTION('center_axis',(0.,0.,-1.));
#12590=DIRECTION('ref_axis',(1.,0.,0.));
#12591=DIRECTION('center_axis',(0.,0.,1.));
#12592=DIRECTION('ref_axis',(1.,0.,0.));
#12593=DIRECTION('center_axis',(0.,0.,1.));
#12594=DIRECTION('ref_axis',(1.,0.,0.));
#12595=DIRECTION('center_axis',(0.,0.,1.));
#12596=DIRECTION('ref_axis',(1.,0.,0.));
#12597=DIRECTION('',(0.,0.,-1.));
#12598=DIRECTION('center_axis',(0.,0.,-1.));
#12599=DIRECTION('ref_axis',(1.,0.,0.));
#12600=DIRECTION('center_axis',(0.,0.,1.));
#12601=DIRECTION('ref_axis',(1.,0.,0.));
#12602=DIRECTION('center_axis',(0.,0.,1.));
#12603=DIRECTION('ref_axis',(1.,0.,0.));
#12604=DIRECTION('center_axis',(0.,0.,1.));
#12605=DIRECTION('ref_axis',(1.,0.,0.));
#12606=DIRECTION('',(0.,0.,1.));
#12607=DIRECTION('center_axis',(0.,0.,-1.));
#12608=DIRECTION('ref_axis',(1.,0.,0.));
#12609=DIRECTION('center_axis',(0.,0.,1.));
#12610=DIRECTION('ref_axis',(1.,0.,0.));
#12611=DIRECTION('center_axis',(0.,0.,1.));
#12612=DIRECTION('ref_axis',(1.,0.,0.));
#12613=DIRECTION('center_axis',(0.,0.,1.));
#12614=DIRECTION('ref_axis',(1.,0.,0.));
#12615=DIRECTION('',(0.,0.,-1.));
#12616=DIRECTION('center_axis',(0.,0.,-1.));
#12617=DIRECTION('ref_axis',(1.,0.,0.));
#12618=DIRECTION('center_axis',(0.,0.,1.));
#12619=DIRECTION('ref_axis',(1.,0.,0.));
#12620=DIRECTION('center_axis',(0.,0.,1.));
#12621=DIRECTION('ref_axis',(1.,0.,0.));
#12622=DIRECTION('center_axis',(0.,0.,1.));
#12623=DIRECTION('ref_axis',(1.,0.,0.));
#12624=DIRECTION('',(0.,0.,1.));
#12625=DIRECTION('center_axis',(0.,0.,-1.));
#12626=DIRECTION('ref_axis',(1.,0.,0.));
#12627=DIRECTION('center_axis',(0.,0.,1.));
#12628=DIRECTION('ref_axis',(1.,0.,0.));
#12629=DIRECTION('center_axis',(0.,0.,1.));
#12630=DIRECTION('ref_axis',(1.,0.,0.));
#12631=DIRECTION('center_axis',(0.,0.,1.));
#12632=DIRECTION('ref_axis',(1.,0.,0.));
#12633=DIRECTION('',(0.,0.,-1.));
#12634=DIRECTION('center_axis',(0.,0.,-1.));
#12635=DIRECTION('ref_axis',(1.,0.,0.));
#12636=DIRECTION('center_axis',(0.,0.,1.));
#12637=DIRECTION('ref_axis',(1.,0.,0.));
#12638=DIRECTION('center_axis',(0.,0.,1.));
#12639=DIRECTION('ref_axis',(1.,0.,0.));
#12640=DIRECTION('',(-1.,0.,0.));
#12641=DIRECTION('center_axis',(0.,0.,1.));
#12642=DIRECTION('ref_axis',(1.,0.,0.));
#12643=DIRECTION('',(1.,0.,0.));
#12644=DIRECTION('center_axis',(0.,0.,1.));
#12645=DIRECTION('ref_axis',(1.,0.,0.));
#12646=DIRECTION('center_axis',(0.,0.,1.));
#12647=DIRECTION('ref_axis',(-1.,-1.22464679914735E-16,0.));
#12648=DIRECTION('',(0.,0.,1.));
#12649=DIRECTION('',(0.,0.,-1.));
#12650=DIRECTION('center_axis',(0.,0.,1.));
#12651=DIRECTION('ref_axis',(1.,0.,0.));
#12652=DIRECTION('center_axis',(0.,0.,1.));
#12653=DIRECTION('ref_axis',(1.,0.,0.));
#12654=DIRECTION('',(0.,0.,-1.));
#12655=DIRECTION('center_axis',(0.,0.,1.));
#12656=DIRECTION('ref_axis',(1.,0.,0.));
#12657=DIRECTION('',(0.,0.,1.));
#12658=DIRECTION('center_axis',(0.,0.,1.));
#12659=DIRECTION('ref_axis',(1.,0.,0.));
#12660=DIRECTION('',(1.,0.,0.));
#12661=DIRECTION('',(-1.,0.,0.));
#12662=DIRECTION('center_axis',(0.,0.,1.));
#12663=DIRECTION('ref_axis',(1.,0.,0.));
#12664=DIRECTION('',(-1.,0.,0.));
#12665=DIRECTION('center_axis',(0.,0.,1.));
#12666=DIRECTION('ref_axis',(1.,0.,0.));
#12667=DIRECTION('',(1.,0.,0.));
#12668=DIRECTION('center_axis',(0.,0.,1.));
#12669=DIRECTION('ref_axis',(1.,0.,0.));
#12670=DIRECTION('center_axis',(0.,0.,1.));
#12671=DIRECTION('ref_axis',(-1.,-1.22464679914735E-16,0.));
#12672=DIRECTION('',(0.,0.,1.));
#12673=DIRECTION('',(0.,0.,-1.));
#12674=DIRECTION('center_axis',(0.,0.,1.));
#12675=DIRECTION('ref_axis',(1.,0.,0.));
#12676=DIRECTION('center_axis',(0.,0.,1.));
#12677=DIRECTION('ref_axis',(1.,0.,0.));
#12678=DIRECTION('',(0.,0.,-1.));
#12679=DIRECTION('center_axis',(0.,0.,1.));
#12680=DIRECTION('ref_axis',(1.,0.,0.));
#12681=DIRECTION('',(0.,0.,1.));
#12682=DIRECTION('center_axis',(0.,0.,1.));
#12683=DIRECTION('ref_axis',(1.,0.,0.));
#12684=DIRECTION('',(1.,0.,0.));
#12685=DIRECTION('',(-1.,0.,0.));
#12686=DIRECTION('center_axis',(1.,0.,0.));
#12687=DIRECTION('ref_axis',(0.,1.,0.));
#12688=DIRECTION('',(0.,0.,-1.));
#12689=DIRECTION('',(0.,1.,0.));
#12690=DIRECTION('',(0.,0.,1.));
#12691=DIRECTION('',(0.,1.,0.));
#12692=DIRECTION('center_axis',(0.,0.,1.));
#12693=DIRECTION('ref_axis',(1.,0.,0.));
#12694=DIRECTION('',(-1.,0.,0.));
#12695=DIRECTION('',(1.,0.,0.));
#12696=DIRECTION('',(0.,-1.,0.));
#12697=DIRECTION('center_axis',(-1.,0.,0.));
#12698=DIRECTION('ref_axis',(0.,-1.,0.));
#12699=DIRECTION('',(0.,0.,1.));
#12700=DIRECTION('',(0.,0.,-1.));
#12701=DIRECTION('',(0.,-1.,0.));
#12702=DIRECTION('center_axis',(0.,0.,1.));
#12703=DIRECTION('ref_axis',(1.,0.,0.));
#12704=DIRECTION('',(1.,0.,0.));
#12705=DIRECTION('',(-1.,0.,0.));
#12706=DIRECTION('center_axis',(0.,1.,0.));
#12707=DIRECTION('ref_axis',(-1.,0.,0.));
#12708=DIRECTION('',(0.,0.,-1.));
#12709=DIRECTION('',(-1.,0.,0.));
#12710=DIRECTION('',(0.,0.,1.));
#12711=DIRECTION('',(-1.,0.,0.));
#12712=DIRECTION('center_axis',(-1.,0.,0.));
#12713=DIRECTION('ref_axis',(0.,-1.,0.));
#12714=DIRECTION('',(0.,1.,0.));
#12715=DIRECTION('',(0.,-1.,0.));
#12716=DIRECTION('',(0.,0.,-1.));
#12717=DIRECTION('',(0.,1.,0.));
#12718=DIRECTION('',(0.,0.,1.));
#12719=DIRECTION('',(0.,1.,0.));
#12720=DIRECTION('',(0.,0.,-1.));
#12721=DIRECTION('center_axis',(-1.,0.,0.));
#12722=DIRECTION('ref_axis',(0.,-1.,0.));
#12723=DIRECTION('',(0.,-1.,0.));
#12724=DIRECTION('',(0.,0.,1.));
#12725=DIRECTION('',(0.,-1.,0.));
#12726=DIRECTION('',(0.,0.,1.));
#12727=DIRECTION('',(0.,1.,0.));
#12728=DIRECTION('',(0.,-1.,0.));
#12729=DIRECTION('',(0.,0.,-1.));
#12730=DIRECTION('center_axis',(0.,0.,1.));
#12731=DIRECTION('ref_axis',(1.,0.,0.));
#12732=DIRECTION('',(1.,0.,0.));
#12733=DIRECTION('center_axis',(0.,0.,1.));
#12734=DIRECTION('ref_axis',(1.,0.,0.));
#12735=DIRECTION('',(1.,0.,0.));
#12736=DIRECTION('center_axis',(0.,0.,1.));
#12737=DIRECTION('ref_axis',(1.,0.,0.));
#12738=DIRECTION('center_axis',(0.,0.,1.));
#12739=DIRECTION('ref_axis',(1.,0.,0.));
#12740=DIRECTION('',(0.,0.,1.));
#12741=DIRECTION('center_axis',(0.,0.,-1.));
#12742=DIRECTION('ref_axis',(1.,0.,0.));
#12743=DIRECTION('center_axis',(0.,0.,1.));
#12744=DIRECTION('ref_axis',(1.,0.,0.));
#12745=DIRECTION('center_axis',(-0.00237097122192575,0.999997189243782,
0.));
#12746=DIRECTION('ref_axis',(-0.999997189243782,-0.00237097122192575,0.));
#12747=DIRECTION('',(0.,0.,1.));
#12748=DIRECTION('',(0.999997189243782,0.00237097122192575,0.));
#12749=DIRECTION('',(0.,0.,1.));
#12750=DIRECTION('',(-0.999997189243782,-0.00237097122192575,0.));
#12751=DIRECTION('center_axis',(0.00237102223571696,-0.999997189122828,
0.));
#12752=DIRECTION('ref_axis',(0.999997189122828,0.00237102223571696,0.));
#12753=DIRECTION('',(-0.999997189122828,-0.00237102223571696,0.));
#12754=DIRECTION('',(0.,0.,-1.));
#12755=DIRECTION('',(0.999997189122828,0.00237102223571696,0.));
#12756=DIRECTION('',(0.,0.,1.));
#12757=DIRECTION('center_axis',(-0.999999825560569,0.000590659658593988,
0.));
#12758=DIRECTION('ref_axis',(-0.000590659658593988,-0.999999825560569,0.));
#12759=DIRECTION('',(0.000590659658593988,0.999999825560569,0.));
#12760=DIRECTION('',(-0.000590659658593988,-0.999999825560569,0.));
#12761=DIRECTION('center_axis',(1.,0.,0.));
#12762=DIRECTION('ref_axis',(0.,1.,0.));
#12763=DIRECTION('',(0.,-1.,0.));
#12764=DIRECTION('',(0.,0.,1.));
#12765=DIRECTION('',(0.,-1.,0.));
#12766=DIRECTION('center_axis',(0.,0.,1.));
#12767=DIRECTION('ref_axis',(1.,0.,0.));
#12768=DIRECTION('',(1.,0.,0.));
#12769=DIRECTION('',(0.,1.,0.));
#12770=DIRECTION('',(-1.,0.,0.));
#12771=DIRECTION('',(-1.,0.,0.));
#12772=DIRECTION('',(0.,-1.,0.));
#12773=DIRECTION('',(-1.,0.,0.));
#12774=DIRECTION('',(0.,1.,0.));
#12775=DIRECTION('',(-1.,0.,0.));
#12776=DIRECTION('',(1.,0.,0.));
#12777=DIRECTION('',(0.,1.,0.));
#12778=DIRECTION('',(1.,0.,0.));
#12779=DIRECTION('center_axis',(0.,0.,-1.));
#12780=DIRECTION('ref_axis',(1.,0.,0.));
#12781=DIRECTION('center_axis',(0.,0.,-1.));
#12782=DIRECTION('ref_axis',(1.,0.,0.));
#12783=DIRECTION('center_axis',(0.,0.,-1.));
#12784=DIRECTION('ref_axis',(1.,0.,0.));
#12785=DIRECTION('center_axis',(0.,0.,1.));
#12786=DIRECTION('ref_axis',(1.,0.,0.));
#12787=DIRECTION('',(1.,0.,0.));
#12788=DIRECTION('',(0.,-1.,0.));
#12789=DIRECTION('',(-1.,0.,0.));
#12790=DIRECTION('',(1.,0.,0.));
#12791=DIRECTION('',(0.,-1.,0.));
#12792=DIRECTION('',(-1.,0.,0.));
#12793=DIRECTION('',(0.,1.,0.));
#12794=DIRECTION('',(1.,0.,0.));
#12795=DIRECTION('center_axis',(0.,0.,1.));
#12796=DIRECTION('ref_axis',(1.,0.,0.));
#12797=DIRECTION('center_axis',(0.,0.,1.));
#12798=DIRECTION('ref_axis',(1.,0.,0.));
#12799=DIRECTION('',(0.,0.,1.));
#12800=DIRECTION('center_axis',(0.,0.,1.));
#12801=DIRECTION('ref_axis',(1.,0.,0.));
#12802=DIRECTION('center_axis',(1.,0.,0.));
#12803=DIRECTION('ref_axis',(0.,1.,0.));
#12804=DIRECTION('',(0.,0.,-1.));
#12805=DIRECTION('',(0.,0.,1.));
#12806=DIRECTION('center_axis',(0.,-1.,0.));
#12807=DIRECTION('ref_axis',(1.,0.,0.));
#12808=DIRECTION('center_axis',(0.,1.,0.));
#12809=DIRECTION('ref_axis',(-1.,0.,0.));
#12810=DIRECTION('center_axis',(0.,0.,1.));
#12811=DIRECTION('ref_axis',(1.,0.,0.));
#12812=DIRECTION('center_axis',(0.,0.,1.));
#12813=DIRECTION('ref_axis',(1.,0.,0.));
#12814=DIRECTION('',(0.,0.,1.));
#12815=DIRECTION('center_axis',(0.,0.,1.));
#12816=DIRECTION('ref_axis',(1.,0.,0.));
#12817=DIRECTION('center_axis',(0.,1.,0.));
#12818=DIRECTION('ref_axis',(-1.,0.,0.));
#12819=DIRECTION('',(0.,0.,1.));
#12820=DIRECTION('center_axis',(-1.,0.,0.));
#12821=DIRECTION('ref_axis',(0.,-1.,0.));
#12822=DIRECTION('',(0.,0.,-1.));
#12823=DIRECTION('center_axis',(0.,-1.,0.));
#12824=DIRECTION('ref_axis',(1.,0.,0.));
#12825=DIRECTION('',(0.,0.,1.));
#12826=DIRECTION('center_axis',(0.,0.,1.));
#12827=DIRECTION('ref_axis',(1.,0.,0.));
#12828=DIRECTION('center_axis',(0.,0.,1.));
#12829=DIRECTION('ref_axis',(1.,0.,0.));
#12830=DIRECTION('',(0.,0.,1.));
#12831=DIRECTION('center_axis',(0.,0.,1.));
#12832=DIRECTION('ref_axis',(1.,0.,0.));
#12833=DIRECTION('center_axis',(0.,1.,0.));
#12834=DIRECTION('ref_axis',(-1.,0.,0.));
#12835=DIRECTION('',(0.,0.,1.));
#12836=DIRECTION('center_axis',(1.,0.,0.));
#12837=DIRECTION('ref_axis',(0.,1.,0.));
#12838=DIRECTION('center_axis',(0.,1.,0.));
#12839=DIRECTION('ref_axis',(-1.,0.,0.));
#12840=DIRECTION('',(-1.,0.,0.));
#12841=DIRECTION('',(0.,0.,1.));
#12842=DIRECTION('center_axis',(1.,0.,0.));
#12843=DIRECTION('ref_axis',(0.,1.,0.));
#12844=DIRECTION('',(0.,1.,0.));
#12845=DIRECTION('',(0.,0.,1.));
#12846=DIRECTION('center_axis',(0.,-1.,0.));
#12847=DIRECTION('ref_axis',(1.,0.,0.));
#12848=DIRECTION('',(1.,0.,0.));
#12849=DIRECTION('center_axis',(0.,0.,1.));
#12850=DIRECTION('ref_axis',(1.,0.,0.));
#12851=DIRECTION('axis',(0.,0.,1.));
#12852=DIRECTION('refdir',(1.,0.,0.));
#12853=DIRECTION('center_axis',(0.,0.,-1.));
#12854=DIRECTION('ref_axis',(-1.,0.,0.));
#12855=DIRECTION('',(1.,0.,0.));
#12856=DIRECTION('',(0.,1.,0.));
#12857=DIRECTION('',(-1.,0.,0.));
#12858=DIRECTION('',(0.,-1.,0.));
#12859=DIRECTION('center_axis',(0.,0.,-1.));
#12860=DIRECTION('ref_axis',(1.,0.,0.));
#12861=DIRECTION('center_axis',(0.,0.,1.));
#12862=DIRECTION('ref_axis',(1.,0.,0.));
#12863=DIRECTION('center_axis',(0.,0.,-1.));
#12864=DIRECTION('ref_axis',(1.,0.,0.));
#12865=DIRECTION('center_axis',(0.,0.,1.));
#12866=DIRECTION('ref_axis',(1.,0.,0.));
#12867=DIRECTION('center_axis',(0.,0.,-1.));
#12868=DIRECTION('ref_axis',(1.,0.,0.));
#12869=DIRECTION('center_axis',(0.,0.,1.));
#12870=DIRECTION('ref_axis',(1.,0.,0.));
#12871=DIRECTION('center_axis',(0.,0.,-1.));
#12872=DIRECTION('ref_axis',(1.,0.,0.));
#12873=DIRECTION('center_axis',(0.,0.,1.));
#12874=DIRECTION('ref_axis',(1.,0.,0.));
#12875=DIRECTION('center_axis',(0.,0.,1.));
#12876=DIRECTION('ref_axis',(1.,0.,0.));
#12877=DIRECTION('center_axis',(0.,0.,1.));
#12878=DIRECTION('ref_axis',(1.,0.,0.));
#12879=DIRECTION('center_axis',(0.,0.,1.));
#12880=DIRECTION('ref_axis',(1.,0.,0.));
#12881=DIRECTION('center_axis',(0.,0.,1.));
#12882=DIRECTION('ref_axis',(1.,0.,0.));
#12883=DIRECTION('center_axis',(0.,0.,1.));
#12884=DIRECTION('ref_axis',(1.,0.,0.));
#12885=DIRECTION('center_axis',(-1.,0.,0.));
#12886=DIRECTION('ref_axis',(0.,-1.,0.));
#12887=DIRECTION('',(0.,0.,1.));
#12888=DIRECTION('',(0.,-1.,0.));
#12889=DIRECTION('',(0.,0.,1.));
#12890=DIRECTION('center_axis',(0.,1.,0.));
#12891=DIRECTION('ref_axis',(-1.,0.,0.));
#12892=DIRECTION('',(0.,0.,1.));
#12893=DIRECTION('',(-1.,0.,0.));
#12894=DIRECTION('center_axis',(0.,0.,-1.));
#12895=DIRECTION('ref_axis',(1.,0.,0.));
#12896=DIRECTION('',(0.,0.,-1.));
#12897=DIRECTION('center_axis',(0.,0.,-1.));
#12898=DIRECTION('ref_axis',(1.,0.,0.));
#12899=DIRECTION('',(0.,0.,-1.));
#12900=DIRECTION('center_axis',(0.,0.,-1.));
#12901=DIRECTION('ref_axis',(1.,0.,0.));
#12902=DIRECTION('',(0.,0.,-1.));
#12903=DIRECTION('',(0.,0.,-1.));
#12904=DIRECTION('center_axis',(0.,0.,1.));
#12905=DIRECTION('ref_axis',(1.,0.,0.));
#12906=DIRECTION('',(0.,0.,-1.));
#12907=DIRECTION('center_axis',(0.,0.,1.));
#12908=DIRECTION('ref_axis',(1.,0.,0.));
#12909=DIRECTION('',(0.,0.,-1.));
#12910=DIRECTION('center_axis',(0.,0.,1.));
#12911=DIRECTION('ref_axis',(1.,0.,0.));
#12912=DIRECTION('',(0.,0.,-1.));
#12913=DIRECTION('center_axis',(0.,0.,-1.));
#12914=DIRECTION('ref_axis',(1.,0.,0.));
#12915=DIRECTION('',(0.,0.,-1.));
#12916=DIRECTION('center_axis',(0.,0.,-1.));
#12917=DIRECTION('ref_axis',(1.,0.,0.));
#12918=DIRECTION('center_axis',(0.,0.,-1.));
#12919=DIRECTION('ref_axis',(1.,0.,0.));
#12920=DIRECTION('',(0.,0.,-1.));
#12921=DIRECTION('',(0.,0.,-1.));
#12922=DIRECTION('center_axis',(0.,0.,1.));
#12923=DIRECTION('ref_axis',(1.,0.,0.));
#12924=DIRECTION('',(0.,0.,-1.));
#12925=DIRECTION('center_axis',(0.,0.,1.));
#12926=DIRECTION('ref_axis',(1.,0.,0.));
#12927=DIRECTION('',(0.,0.,-1.));
#12928=DIRECTION('center_axis',(0.,0.,1.));
#12929=DIRECTION('ref_axis',(1.,0.,0.));
#12930=DIRECTION('',(0.,0.,-1.));
#12931=DIRECTION('center_axis',(0.,0.,-1.));
#12932=DIRECTION('ref_axis',(1.,0.,0.));
#12933=DIRECTION('',(0.,0.,-1.));
#12934=DIRECTION('center_axis',(0.,0.,-1.));
#12935=DIRECTION('ref_axis',(1.,0.,0.));
#12936=DIRECTION('',(0.,0.,-1.));
#12937=DIRECTION('center_axis',(0.,0.,-1.));
#12938=DIRECTION('ref_axis',(1.,0.,0.));
#12939=DIRECTION('',(0.,0.,-1.));
#12940=DIRECTION('center_axis',(0.,0.,-1.));
#12941=DIRECTION('ref_axis',(1.,0.,0.));
#12942=DIRECTION('center_axis',(0.,0.,1.));
#12943=DIRECTION('ref_axis',(1.,0.,0.));
#12944=DIRECTION('center_axis',(0.,0.,-1.));
#12945=DIRECTION('ref_axis',(1.,0.,0.));
#12946=DIRECTION('center_axis',(0.,0.,1.));
#12947=DIRECTION('ref_axis',(1.,0.,0.));
#12948=DIRECTION('center_axis',(0.,0.,-1.));
#12949=DIRECTION('ref_axis',(1.,0.,0.));
#12950=DIRECTION('center_axis',(0.,0.,1.));
#12951=DIRECTION('ref_axis',(1.,0.,0.));
#12952=DIRECTION('center_axis',(0.,0.,-1.));
#12953=DIRECTION('ref_axis',(1.,0.,0.));
#12954=DIRECTION('center_axis',(0.,0.,1.));
#12955=DIRECTION('ref_axis',(1.,0.,0.));
#12956=DIRECTION('center_axis',(0.,0.,-1.));
#12957=DIRECTION('ref_axis',(1.,0.,0.));
#12958=DIRECTION('center_axis',(0.,0.,-1.));
#12959=DIRECTION('ref_axis',(0.811534341451495,-0.584304725845075,0.));
#12960=DIRECTION('center_axis',(0.,0.,1.));
#12961=DIRECTION('ref_axis',(1.,0.,0.));
#12962=DIRECTION('',(0.,0.,-1.));
#12963=DIRECTION('center_axis',(0.,0.,-1.));
#12964=DIRECTION('ref_axis',(0.81153434145149,-0.584304725845082,0.));
#12965=DIRECTION('center_axis',(0.,0.,1.));
#12966=DIRECTION('ref_axis',(-1.,0.,0.));
#12967=DIRECTION('',(0.,0.,-1.));
#12968=DIRECTION('center_axis',(0.,0.,-1.));
#12969=DIRECTION('ref_axis',(-1.,0.,0.));
#12970=DIRECTION('center_axis',(0.,0.,-1.));
#12971=DIRECTION('ref_axis',(-1.,0.,0.));
#12972=DIRECTION('center_axis',(0.,0.,1.));
#12973=DIRECTION('ref_axis',(1.,0.,0.));
#12974=DIRECTION('center_axis',(0.,0.,-1.));
#12975=DIRECTION('ref_axis',(-0.811534341451482,-0.584304725845093,0.));
#12976=DIRECTION('',(0.,0.,-1.));
#12977=DIRECTION('center_axis',(0.,0.,1.));
#12978=DIRECTION('ref_axis',(1.,0.,0.));
#12979=DIRECTION('',(0.,0.,-1.));
#12980=DIRECTION('center_axis',(0.,0.,-1.));
#12981=DIRECTION('ref_axis',(-1.,-1.22464679914735E-16,0.));
#12982=DIRECTION('center_axis',(0.,0.,1.));
#12983=DIRECTION('ref_axis',(1.,0.,0.));
#12984=DIRECTION('',(0.,0.,-1.));
#12985=DIRECTION('center_axis',(0.,0.,1.));
#12986=DIRECTION('ref_axis',(1.,0.,0.));
#12987=DIRECTION('',(0.,0.,-1.));
#12988=DIRECTION('center_axis',(0.,0.,1.));
#12989=DIRECTION('ref_axis',(1.,0.,0.));
#12990=DIRECTION('',(0.,0.,-1.));
#12991=DIRECTION('center_axis',(0.,0.,-1.));
#12992=DIRECTION('ref_axis',(-0.811534341451496,-0.584304725845074,0.));
#12993=DIRECTION('center_axis',(0.,0.,1.));
#12994=DIRECTION('ref_axis',(0.0405934631113211,0.999175745678722,0.));
#12995=DIRECTION('center_axis',(0.,0.,-1.));
#12996=DIRECTION('ref_axis',(0.0405934631113211,0.999175745678722,0.));
#12997=DIRECTION('',(0.,0.,-1.));
#12998=DIRECTION('center_axis',(0.,0.,-1.));
#12999=DIRECTION('ref_axis',(1.,0.,0.));
#13000=DIRECTION('center_axis',(0.,0.,1.));
#13001=DIRECTION('ref_axis',(1.,0.,0.));
#13002=DIRECTION('center_axis',(0.,0.,1.));
#13003=DIRECTION('ref_axis',(1.,0.,0.));
#13004=DIRECTION('center_axis',(0.,0.,-1.));
#13005=DIRECTION('ref_axis',(-1.,0.,0.));
#13006=DIRECTION('center_axis',(0.,0.,-1.));
#13007=DIRECTION('ref_axis',(0.811534341451492,0.584304725845079,0.));
#13008=DIRECTION('center_axis',(0.,0.,1.));
#13009=DIRECTION('ref_axis',(1.,0.,0.));
#13010=DIRECTION('center_axis',(0.,0.,-1.));
#13011=DIRECTION('ref_axis',(0.811534341451495,0.584304725845076,0.));
#13012=DIRECTION('center_axis',(0.,0.,1.));
#13013=DIRECTION('ref_axis',(-0.0405934631113139,-0.999175745678722,0.));
#13014=DIRECTION('center_axis',(0.,0.,-1.));
#13015=DIRECTION('ref_axis',(-0.0405934631113139,-0.999175745678722,0.));
#13016=DIRECTION('center_axis',(0.,0.,-1.));
#13017=DIRECTION('ref_axis',(-1.,0.,0.));
#13018=DIRECTION('center_axis',(0.,0.,-1.));
#13019=DIRECTION('ref_axis',(-0.811534341451488,0.584304725845085,0.));
#13020=DIRECTION('center_axis',(0.,0.,1.));
#13021=DIRECTION('ref_axis',(1.,0.,0.));
#13022=DIRECTION('center_axis',(0.,0.,-1.));
#13023=DIRECTION('ref_axis',(-0.811534341451493,0.584304725845078,0.));
#13024=DIRECTION('center_axis',(0.,0.,1.));
#13025=DIRECTION('ref_axis',(1.,0.,0.));
#13026=DIRECTION('center_axis',(0.,0.,-1.));
#13027=DIRECTION('ref_axis',(1.,0.,0.));
#13028=DIRECTION('center_axis',(0.,0.,-1.));
#13029=DIRECTION('ref_axis',(-1.,0.,0.));
#13030=DIRECTION('center_axis',(0.,0.,-1.));
#13031=DIRECTION('ref_axis',(0.811534341451487,-0.584304725845087,0.));
#13032=DIRECTION('center_axis',(0.,0.,-1.));
#13033=DIRECTION('ref_axis',(1.,0.,0.));
#13034=DIRECTION('',(0.,0.,-1.));
#13035=DIRECTION('center_axis',(0.,0.,1.));
#13036=DIRECTION('ref_axis',(1.,0.,0.));
#13037=DIRECTION('',(0.,0.,-1.));
#13038=DIRECTION('center_axis',(0.,0.,-1.));
#13039=DIRECTION('ref_axis',(0.811534341451492,-0.584304725845079,0.));
#13040=DIRECTION('center_axis',(0.,0.,1.));
#13041=DIRECTION('ref_axis',(-1.,0.,0.));
#13042=DIRECTION('',(0.,0.,-1.));
#13043=DIRECTION('center_axis',(0.,0.,-1.));
#13044=DIRECTION('ref_axis',(-1.,0.,0.));
#13045=DIRECTION('',(0.,0.,-1.));
#13046=DIRECTION('center_axis',(0.,0.,-1.));
#13047=DIRECTION('ref_axis',(-1.,0.,0.));
#13048=DIRECTION('center_axis',(0.,0.,1.));
#13049=DIRECTION('ref_axis',(1.,0.,0.));
#13050=DIRECTION('center_axis',(0.,0.,1.));
#13051=DIRECTION('ref_axis',(1.,0.,0.));
#13052=DIRECTION('center_axis',(0.,0.,1.));
#13053=DIRECTION('ref_axis',(1.,0.,0.));
#13054=DIRECTION('center_axis',(0.,0.,1.));
#13055=DIRECTION('ref_axis',(1.,0.,0.));
#13056=DIRECTION('center_axis',(0.,0.,1.));
#13057=DIRECTION('ref_axis',(1.,0.,0.));
#13058=DIRECTION('',(0.,1.,0.));
#13059=DIRECTION('',(1.,0.,0.));
#13060=DIRECTION('center_axis',(0.,0.,1.));
#13061=DIRECTION('ref_axis',(1.,0.,0.));
#13062=DIRECTION('center_axis',(0.,0.,1.));
#13063=DIRECTION('ref_axis',(-0.0405934631113139,-0.999175745678722,0.));
#13064=DIRECTION('center_axis',(0.,0.,1.));
#13065=DIRECTION('ref_axis',(1.,0.,0.));
#13066=DIRECTION('center_axis',(0.,0.,1.));
#13067=DIRECTION('ref_axis',(1.,0.,0.));
#13068=DIRECTION('center_axis',(0.,0.,1.));
#13069=DIRECTION('ref_axis',(1.,0.,0.));
#13070=DIRECTION('center_axis',(0.,0.,1.));
#13071=DIRECTION('ref_axis',(1.,0.,0.));
#13072=DIRECTION('center_axis',(0.,0.,1.));
#13073=DIRECTION('ref_axis',(0.0405934631113176,0.999175745678722,0.));
#13074=DIRECTION('center_axis',(0.,0.,1.));
#13075=DIRECTION('ref_axis',(1.,0.,0.));
#13076=DIRECTION('center_axis',(0.,0.,1.));
#13077=DIRECTION('ref_axis',(1.,0.,0.));
#13078=DIRECTION('center_axis',(0.,0.,1.));
#13079=DIRECTION('ref_axis',(1.,0.,0.));
#13080=DIRECTION('center_axis',(0.,0.,1.));
#13081=DIRECTION('ref_axis',(1.,0.,0.));
#13082=DIRECTION('center_axis',(0.,0.,1.));
#13083=DIRECTION('ref_axis',(1.,0.,0.));
#13084=DIRECTION('center_axis',(0.,0.,-1.));
#13085=DIRECTION('ref_axis',(-0.8115343414515,0.584304725845068,0.));
#13086=DIRECTION('center_axis',(0.,0.,-1.));
#13087=DIRECTION('ref_axis',(1.,0.,0.));
#13088=DIRECTION('',(0.,0.,-1.));
#13089=DIRECTION('center_axis',(0.,0.,1.));
#13090=DIRECTION('ref_axis',(1.,0.,0.));
#13091=DIRECTION('',(0.,0.,-1.));
#13092=DIRECTION('center_axis',(0.,0.,-1.));
#13093=DIRECTION('ref_axis',(-0.811534341451493,0.584304725845078,0.));
#13094=DIRECTION('',(0.,0.,-1.));
#13095=DIRECTION('center_axis',(0.,0.,-1.));
#13096=DIRECTION('ref_axis',(1.,0.,0.));
#13097=DIRECTION('',(0.,0.,-1.));
#13098=DIRECTION('center_axis',(0.,0.,-1.));
#13099=DIRECTION('ref_axis',(-1.,0.,0.));
#13100=DIRECTION('center_axis',(0.,0.,1.));
#13101=DIRECTION('ref_axis',(1.,0.,0.));
#13102=DIRECTION('center_axis',(0.,0.,1.));
#13103=DIRECTION('ref_axis',(1.,0.,0.));
#13104=DIRECTION('center_axis',(0.,0.,1.));
#13105=DIRECTION('ref_axis',(1.,0.,0.));
#13106=DIRECTION('center_axis',(0.,0.,1.));
#13107=DIRECTION('ref_axis',(1.,0.,0.));
#13108=DIRECTION('center_axis',(0.,0.,-1.));
#13109=DIRECTION('ref_axis',(-0.811534341451487,-0.584304725845086,0.));
#13110=DIRECTION('center_axis',(0.,0.,-1.));
#13111=DIRECTION('ref_axis',(1.,0.,0.));
#13112=DIRECTION('',(0.,0.,-1.));
#13113=DIRECTION('center_axis',(0.,0.,1.));
#13114=DIRECTION('ref_axis',(1.,0.,0.));
#13115=DIRECTION('',(0.,0.,-1.));
#13116=DIRECTION('center_axis',(0.,0.,-1.));
#13117=DIRECTION('ref_axis',(-0.811534341451494,-0.584304725845076,0.));
#13118=DIRECTION('',(0.,0.,-1.));
#13119=DIRECTION('center_axis',(0.,0.,-1.));
#13120=DIRECTION('ref_axis',(0.0405934631113176,0.999175745678722,0.));
#13121=DIRECTION('',(0.,0.,-1.));
#13122=DIRECTION('center_axis',(0.,0.,-1.));
#13123=DIRECTION('ref_axis',(-1.,0.,0.));
#13124=DIRECTION('center_axis',(0.,0.,1.));
#13125=DIRECTION('ref_axis',(1.,0.,0.));
#13126=DIRECTION('center_axis',(0.,0.,1.));
#13127=DIRECTION('ref_axis',(1.,0.,0.));
#13128=DIRECTION('center_axis',(0.,0.,1.));
#13129=DIRECTION('ref_axis',(1.,0.,0.));
#13130=DIRECTION('center_axis',(0.,0.,1.));
#13131=DIRECTION('ref_axis',(1.,0.,0.));
#13132=DIRECTION('center_axis',(0.,0.,-1.));
#13133=DIRECTION('ref_axis',(0.81153434145149,0.584304725845082,0.));
#13134=DIRECTION('center_axis',(0.,0.,-1.));
#13135=DIRECTION('ref_axis',(1.,0.,0.));
#13136=DIRECTION('',(0.,0.,-1.));
#13137=DIRECTION('center_axis',(0.,0.,1.));
#13138=DIRECTION('ref_axis',(1.,0.,0.));
#13139=DIRECTION('',(0.,0.,-1.));
#13140=DIRECTION('center_axis',(0.,0.,-1.));
#13141=DIRECTION('ref_axis',(0.811534341451495,0.584304725845075,0.));
#13142=DIRECTION('',(0.,0.,-1.));
#13143=DIRECTION('center_axis',(0.,0.,-1.));
#13144=DIRECTION('ref_axis',(-0.0405934631113139,-0.999175745678722,0.));
#13145=DIRECTION('',(0.,0.,-1.));
#13146=DIRECTION('center_axis',(0.,0.,-1.));
#13147=DIRECTION('ref_axis',(-1.,0.,0.));
#13148=DIRECTION('center_axis',(0.,0.,1.));
#13149=DIRECTION('ref_axis',(1.,0.,0.));
#13150=DIRECTION('center_axis',(0.,0.,1.));
#13151=DIRECTION('ref_axis',(1.,0.,0.));
#13152=DIRECTION('center_axis',(0.,0.,1.));
#13153=DIRECTION('ref_axis',(1.,0.,0.));
#13154=DIRECTION('center_axis',(0.,0.,1.));
#13155=DIRECTION('ref_axis',(1.,0.,0.));
#13156=DIRECTION('center_axis',(0.,0.,-1.));
#13157=DIRECTION('ref_axis',(1.,0.,0.));
#13158=DIRECTION('',(0.,0.,-1.));
#13159=DIRECTION('center_axis',(0.,0.,-1.));
#13160=DIRECTION('ref_axis',(1.,0.,0.));
#13161=DIRECTION('',(0.,0.,-1.));
#13162=DIRECTION('center_axis',(0.,0.,-1.));
#13163=DIRECTION('ref_axis',(1.,0.,0.));
#13164=DIRECTION('',(0.,0.,-1.));
#13165=DIRECTION('center_axis',(0.,0.,-1.));
#13166=DIRECTION('ref_axis',(1.,0.,0.));
#13167=DIRECTION('',(0.,0.,-1.));
#13168=DIRECTION('center_axis',(0.,0.,-1.));
#13169=DIRECTION('ref_axis',(1.,0.,0.));
#13170=DIRECTION('',(0.,0.,-1.));
#13171=DIRECTION('center_axis',(1.,0.,0.));
#13172=DIRECTION('ref_axis',(0.,1.,0.));
#13173=DIRECTION('',(0.,0.,1.));
#13174=DIRECTION('center_axis',(0.,-1.,0.));
#13175=DIRECTION('ref_axis',(1.,0.,0.));
#13176=DIRECTION('axis',(0.,0.,1.));
#13177=DIRECTION('refdir',(1.,0.,0.));
#13178=DIRECTION('axis',(0.,0.,1.));
#13179=DIRECTION('refdir',(1.,0.,0.));
#13180=DIRECTION('center_axis',(0.,0.,1.));
#13181=DIRECTION('ref_axis',(-0.707106781186548,-0.707106781186547,0.));
#13182=DIRECTION('center_axis',(0.,0.,-1.));
#13183=DIRECTION('ref_axis',(-0.707106781186548,-0.707106781186547,0.));
#13184=DIRECTION('',(0.,0.,-1.));
#13185=DIRECTION('center_axis',(0.,0.,1.));
#13186=DIRECTION('ref_axis',(-0.707106781186548,-0.707106781186547,0.));
#13187=DIRECTION('',(0.,0.,1.));
#13188=DIRECTION('center_axis',(0.,0.,1.));
#13189=DIRECTION('ref_axis',(1.,0.,0.));
#13190=DIRECTION('',(1.,0.,0.));
#13191=DIRECTION('center_axis',(0.,0.,-1.));
#13192=DIRECTION('ref_axis',(0.707106781186547,-0.707106781186548,0.));
#13193=DIRECTION('',(0.,1.,0.));
#13194=DIRECTION('center_axis',(0.,0.,-1.));
#13195=DIRECTION('ref_axis',(0.707106781186548,0.707106781186548,0.));
#13196=DIRECTION('',(-1.,0.,0.));
#13197=DIRECTION('center_axis',(0.,0.,-1.));
#13198=DIRECTION('ref_axis',(-0.707106781186547,0.707106781186548,0.));
#13199=DIRECTION('',(0.,-1.,0.));
#13200=DIRECTION('center_axis',(0.,0.,-1.));
#13201=DIRECTION('ref_axis',(-1.,0.,0.));
#13202=DIRECTION('center_axis',(0.,0.,-1.));
#13203=DIRECTION('ref_axis',(-1.,0.,0.));
#13204=DIRECTION('center_axis',(0.,0.,-1.));
#13205=DIRECTION('ref_axis',(-1.,0.,0.));
#13206=DIRECTION('center_axis',(0.,0.,-1.));
#13207=DIRECTION('ref_axis',(-1.,0.,0.));
#13208=DIRECTION('',(0.,1.,0.));
#13209=DIRECTION('',(-1.,0.,0.));
#13210=DIRECTION('',(0.,-1.,0.));
#13211=DIRECTION('',(1.,0.,0.));
#13212=DIRECTION('',(0.,1.,0.));
#13213=DIRECTION('',(-1.,0.,0.));
#13214=DIRECTION('',(0.,-1.,0.));
#13215=DIRECTION('',(1.,0.,0.));
#13216=DIRECTION('',(0.,1.,0.));
#13217=DIRECTION('',(-1.,0.,0.));
#13218=DIRECTION('',(0.,-1.,0.));
#13219=DIRECTION('',(1.,0.,0.));
#13220=DIRECTION('center_axis',(0.,-1.,0.));
#13221=DIRECTION('ref_axis',(1.,0.,0.));
#13222=DIRECTION('',(1.,0.,0.));
#13223=DIRECTION('',(0.,0.,-1.));
#13224=DIRECTION('',(-1.,0.,2.22044604925031E-16));
#13225=DIRECTION('center_axis',(0.,1.,0.));
#13226=DIRECTION('ref_axis',(0.,0.,1.));
#13227=DIRECTION('',(1.,0.,-2.22044604925031E-16));
#13228=DIRECTION('center_axis',(0.,1.,0.));
#13229=DIRECTION('ref_axis',(0.,0.,-1.));
#13230=DIRECTION('center_axis',(0.,0.,1.));
#13231=DIRECTION('ref_axis',(0.707106781186547,-0.707106781186548,0.));
#13232=DIRECTION('center_axis',(0.,0.,1.));
#13233=DIRECTION('ref_axis',(0.707106781186547,-0.707106781186548,0.));
#13234=DIRECTION('',(0.,0.,1.));
#13235=DIRECTION('center_axis',(0.,0.,1.));
#13236=DIRECTION('ref_axis',(0.707106781186548,0.707106781186548,0.));
#13237=DIRECTION('',(0.,0.,-1.));
#13238=DIRECTION('center_axis',(0.,0.,1.));
#13239=DIRECTION('ref_axis',(0.707106781186548,0.707106781186548,0.));
#13240=DIRECTION('',(0.,0.,1.));
#13241=DIRECTION('center_axis',(0.,1.,0.));
#13242=DIRECTION('ref_axis',(-1.,0.,0.));
#13243=DIRECTION('',(-1.,0.,0.));
#13244=DIRECTION('',(0.,0.,-1.));
#13245=DIRECTION('center_axis',(0.,0.,1.));
#13246=DIRECTION('ref_axis',(-0.707106781186547,0.707106781186548,0.));
#13247=DIRECTION('center_axis',(0.,0.,1.));
#13248=DIRECTION('ref_axis',(-0.707106781186547,0.707106781186548,0.));
#13249=DIRECTION('',(0.,0.,1.));
#13250=DIRECTION('center_axis',(0.,0.,-1.));
#13251=DIRECTION('ref_axis',(-1.,0.,0.));
#13252=DIRECTION('center_axis',(0.,0.,-1.));
#13253=DIRECTION('ref_axis',(-1.,0.,0.));
#13254=DIRECTION('',(0.,0.,-1.));
#13255=DIRECTION('center_axis',(0.,0.,-1.));
#13256=DIRECTION('ref_axis',(-1.,0.,0.));
#13257=DIRECTION('center_axis',(0.,0.,1.));
#13258=DIRECTION('ref_axis',(-1.,0.,0.));
#13259=DIRECTION('center_axis',(0.,0.,-1.));
#13260=DIRECTION('ref_axis',(-1.,0.,0.));
#13261=DIRECTION('center_axis',(0.,0.,-1.));
#13262=DIRECTION('ref_axis',(-1.,0.,0.));
#13263=DIRECTION('',(0.,0.,-1.));
#13264=DIRECTION('center_axis',(0.,0.,-1.));
#13265=DIRECTION('ref_axis',(-1.,0.,0.));
#13266=DIRECTION('center_axis',(0.,0.,1.));
#13267=DIRECTION('ref_axis',(-1.,0.,0.));
#13268=DIRECTION('center_axis',(0.,0.,-1.));
#13269=DIRECTION('ref_axis',(-1.,0.,0.));
#13270=DIRECTION('center_axis',(0.,0.,-1.));
#13271=DIRECTION('ref_axis',(-1.,0.,0.));
#13272=DIRECTION('',(0.,0.,-1.));
#13273=DIRECTION('center_axis',(0.,0.,-1.));
#13274=DIRECTION('ref_axis',(-1.,0.,0.));
#13275=DIRECTION('center_axis',(0.,0.,1.));
#13276=DIRECTION('ref_axis',(-1.,0.,0.));
#13277=DIRECTION('center_axis',(0.,0.,-1.));
#13278=DIRECTION('ref_axis',(-1.,0.,0.));
#13279=DIRECTION('center_axis',(0.,0.,-1.));
#13280=DIRECTION('ref_axis',(-1.,0.,0.));
#13281=DIRECTION('',(0.,0.,-1.));
#13282=DIRECTION('center_axis',(0.,0.,-1.));
#13283=DIRECTION('ref_axis',(-1.,0.,0.));
#13284=DIRECTION('center_axis',(0.,0.,1.));
#13285=DIRECTION('ref_axis',(-1.,0.,0.));
#13286=DIRECTION('center_axis',(0.,0.,-1.));
#13287=DIRECTION('ref_axis',(-1.,0.,0.));
#13288=DIRECTION('',(0.,0.,-1.));
#13289=DIRECTION('center_axis',(0.,0.,-1.));
#13290=DIRECTION('ref_axis',(-1.,0.,0.));
#13291=DIRECTION('center_axis',(0.,0.,1.));
#13292=DIRECTION('ref_axis',(-1.,0.,0.));
#13293=DIRECTION('center_axis',(0.,0.,-1.));
#13294=DIRECTION('ref_axis',(-1.,0.,0.));
#13295=DIRECTION('',(0.,0.,-1.));
#13296=DIRECTION('center_axis',(0.,0.,-1.));
#13297=DIRECTION('ref_axis',(-1.,0.,0.));
#13298=DIRECTION('center_axis',(0.,0.,1.));
#13299=DIRECTION('ref_axis',(-1.,0.,0.));
#13300=DIRECTION('center_axis',(0.,0.,-1.));
#13301=DIRECTION('ref_axis',(-1.,0.,0.));
#13302=DIRECTION('',(0.,0.,-1.));
#13303=DIRECTION('center_axis',(0.,0.,-1.));
#13304=DIRECTION('ref_axis',(-1.,0.,0.));
#13305=DIRECTION('center_axis',(0.,0.,1.));
#13306=DIRECTION('ref_axis',(-1.,0.,0.));
#13307=DIRECTION('center_axis',(0.,0.,-1.));
#13308=DIRECTION('ref_axis',(-1.,0.,0.));
#13309=DIRECTION('',(0.,0.,-1.));
#13310=DIRECTION('center_axis',(0.,0.,-1.));
#13311=DIRECTION('ref_axis',(-1.,0.,0.));
#13312=DIRECTION('center_axis',(0.,0.,1.));
#13313=DIRECTION('ref_axis',(-1.,0.,0.));
#13314=DIRECTION('center_axis',(0.,-1.,0.));
#13315=DIRECTION('ref_axis',(1.,0.,0.));
#13316=DIRECTION('',(-1.,0.,0.));
#13317=DIRECTION('',(0.,0.,1.));
#13318=DIRECTION('',(0.,0.,1.));
#13319=DIRECTION('center_axis',(1.,0.,0.));
#13320=DIRECTION('ref_axis',(0.,1.,0.));
#13321=DIRECTION('',(0.,-1.,0.));
#13322=DIRECTION('',(0.,0.,-1.));
#13323=DIRECTION('center_axis',(0.,-1.,0.));
#13324=DIRECTION('ref_axis',(1.,0.,0.));
#13325=DIRECTION('',(-1.,0.,0.));
#13326=DIRECTION('',(0.,0.,1.));
#13327=DIRECTION('center_axis',(0.,-1.,0.));
#13328=DIRECTION('ref_axis',(1.,0.,0.));
#13329=DIRECTION('',(-1.,0.,0.));
#13330=DIRECTION('',(0.,0.,-1.));
#13331=DIRECTION('',(0.,0.,1.));
#13332=DIRECTION('center_axis',(-1.,0.,0.));
#13333=DIRECTION('ref_axis',(0.,-1.,0.));
#13334=DIRECTION('',(0.,1.,0.));
#13335=DIRECTION('center_axis',(0.,0.,1.));
#13336=DIRECTION('ref_axis',(1.,0.,0.));
#13337=DIRECTION('',(0.,-1.,0.));
#13338=DIRECTION('center_axis',(0.,0.,-1.));
#13339=DIRECTION('ref_axis',(-2.22174224183559E-16,1.,0.));
#13340=DIRECTION('center_axis',(0.,0.,-1.));
#13341=DIRECTION('ref_axis',(-2.22174224183559E-16,1.,0.));
#13342=DIRECTION('',(0.,-1.,0.));
#13343=DIRECTION('center_axis',(0.,0.,-1.));
#13344=DIRECTION('ref_axis',(-2.22174224183556E-16,1.,0.));
#13345=DIRECTION('center_axis',(0.,0.,-1.));
#13346=DIRECTION('ref_axis',(-2.22174224183556E-16,1.,0.));
#13347=DIRECTION('',(0.,-1.,0.));
#13348=DIRECTION('',(1.,0.,0.));
#13349=DIRECTION('',(0.,-1.,0.));
#13350=DIRECTION('',(1.,0.,0.));
#13351=DIRECTION('',(0.,1.,0.));
#13352=DIRECTION('',(1.,0.,0.));
#13353=DIRECTION('',(0.,1.,0.));
#13354=DIRECTION('center_axis',(0.,0.,-1.));
#13355=DIRECTION('ref_axis',(0.,1.,0.));
#13356=DIRECTION('center_axis',(0.,0.,-1.));
#13357=DIRECTION('ref_axis',(1.,0.,0.));
#13358=DIRECTION('center_axis',(0.,0.,-1.));
#13359=DIRECTION('ref_axis',(1.,0.,0.));
#13360=DIRECTION('',(-1.,8.88178442861183E-16,0.));
#13361=DIRECTION('',(0.,1.,0.));
#13362=DIRECTION('',(1.,-8.88178442861183E-16,0.));
#13363=DIRECTION('',(0.,-1.,0.));
#13364=DIRECTION('center_axis',(0.,0.,-1.));
#13365=DIRECTION('ref_axis',(1.,0.,0.));
#13366=DIRECTION('center_axis',(0.,0.,-1.));
#13367=DIRECTION('ref_axis',(1.,0.,0.));
#13368=DIRECTION('',(-1.,8.88178416391403E-16,0.));
#13369=DIRECTION('',(-1.77635683940026E-15,1.,0.));
#13370=DIRECTION('',(1.,0.,0.));
#13371=DIRECTION('',(0.,-1.,0.));
#13372=DIRECTION('center_axis',(0.,0.,-1.));
#13373=DIRECTION('ref_axis',(0.,1.,0.));
#13374=DIRECTION('center_axis',(0.,1.,0.));
#13375=DIRECTION('ref_axis',(-1.,0.,0.));
#13376=DIRECTION('',(0.,0.,-1.));
#13377=DIRECTION('',(0.,0.,1.));
#13378=DIRECTION('center_axis',(1.,0.,0.));
#13379=DIRECTION('ref_axis',(0.,1.,0.));
#13380=DIRECTION('',(0.,0.,1.));
#13381=DIRECTION('center_axis',(0.,1.,0.));
#13382=DIRECTION('ref_axis',(-1.,0.,0.));
#13383=DIRECTION('',(0.,0.,-1.));
#13384=DIRECTION('',(1.,0.,-2.22044604925031E-16));
#13385=DIRECTION('center_axis',(0.,-1.,0.));
#13386=DIRECTION('ref_axis',(0.,0.,-1.));
#13387=DIRECTION('',(-1.,0.,2.22044604925031E-16));
#13388=DIRECTION('center_axis',(0.,-1.,0.));
#13389=DIRECTION('ref_axis',(0.,0.,1.));
#13390=DIRECTION('center_axis',(-1.,0.,0.));
#13391=DIRECTION('ref_axis',(0.,-1.,0.));
#13392=DIRECTION('',(0.,0.,1.));
#13393=DIRECTION('center_axis',(0.,1.,0.));
#13394=DIRECTION('ref_axis',(-1.,0.,0.));
#13395=DIRECTION('',(0.,0.,1.));
#13396=DIRECTION('center_axis',(1.,0.,0.));
#13397=DIRECTION('ref_axis',(0.,-1.,0.));
#13398=DIRECTION('center_axis',(1.,0.,0.));
#13399=DIRECTION('ref_axis',(0.,-1.,0.));
#13400=DIRECTION('',(1.,0.,0.));
#13401=DIRECTION('center_axis',(-1.,0.,0.));
#13402=DIRECTION('ref_axis',(0.,-1.,0.));
#13403=DIRECTION('center_axis',(1.,0.,0.));
#13404=DIRECTION('ref_axis',(0.,-1.,0.));
#13405=DIRECTION('center_axis',(1.,0.,0.));
#13406=DIRECTION('ref_axis',(0.,-1.,0.));
#13407=DIRECTION('',(1.,0.,0.));
#13408=DIRECTION('center_axis',(-1.,0.,0.));
#13409=DIRECTION('ref_axis',(0.,-1.,0.));
#13410=DIRECTION('center_axis',(2.22044604925031E-16,0.,1.));
#13411=DIRECTION('ref_axis',(1.,0.,-2.22044604925031E-16));
#13412=DIRECTION('',(0.,1.,0.));
#13413=DIRECTION('',(0.,1.,0.));
#13414=DIRECTION('center_axis',(0.,1.,0.));
#13415=DIRECTION('ref_axis',(0.,0.,1.));
#13416=DIRECTION('',(0.,1.,0.));
#13417=DIRECTION('center_axis',(-2.22044604925031E-16,0.,-1.));
#13418=DIRECTION('ref_axis',(-1.,0.,2.22044604925031E-16));
#13419=DIRECTION('',(0.,1.,0.));
#13420=DIRECTION('center_axis',(0.,1.,0.));
#13421=DIRECTION('ref_axis',(0.,0.,-1.));
#13422=DIRECTION('center_axis',(0.,0.,-1.));
#13423=DIRECTION('ref_axis',(0.,1.,0.));
#13424=DIRECTION('',(0.,1.,0.));
#13425=DIRECTION('',(1.,0.,0.));
#13426=DIRECTION('',(0.,1.,0.));
#13427=DIRECTION('',(1.,0.,0.));
#13428=DIRECTION('center_axis',(1.,0.,0.));
#13429=DIRECTION('ref_axis',(0.,0.,-1.));
#13430=DIRECTION('center_axis',(1.,0.,0.));
#13431=DIRECTION('ref_axis',(0.,0.,-1.));
#13432=DIRECTION('',(1.,0.,0.));
#13433=DIRECTION('center_axis',(1.,0.,0.));
#13434=DIRECTION('ref_axis',(0.,0.,-1.));
#13435=DIRECTION('center_axis',(0.,0.,1.));
#13436=DIRECTION('ref_axis',(0.,-1.,0.));
#13437=DIRECTION('',(0.,-1.,0.));
#13438=DIRECTION('',(1.,0.,0.));
#13439=DIRECTION('',(0.,-1.,0.));
#13440=DIRECTION('center_axis',(1.,0.,0.));
#13441=DIRECTION('ref_axis',(0.,0.,1.));
#13442=DIRECTION('center_axis',(1.,0.,0.));
#13443=DIRECTION('ref_axis',(0.,0.,1.));
#13444=DIRECTION('center_axis',(1.,0.,0.));
#13445=DIRECTION('ref_axis',(0.,0.,1.));
#13446=DIRECTION('center_axis',(-1.,0.,0.));
#13447=DIRECTION('ref_axis',(0.,-1.,0.));
#13448=DIRECTION('center_axis',(-1.,0.,0.));
#13449=DIRECTION('ref_axis',(0.,0.,1.));
#13450=DIRECTION('',(0.,1.,0.));
#13451=DIRECTION('center_axis',(-1.,0.,0.));
#13452=DIRECTION('ref_axis',(0.,0.,-1.));
#13453=DIRECTION('',(0.,-1.,0.));
#13454=DIRECTION('center_axis',(0.,0.,1.));
#13455=DIRECTION('ref_axis',(0.,-1.,0.));
#13456=DIRECTION('',(1.,0.,0.));
#13457=DIRECTION('',(0.,1.,0.));
#13458=DIRECTION('',(1.,0.,0.));
#13459=DIRECTION('center_axis',(1.,0.,0.));
#13460=DIRECTION('ref_axis',(0.,0.,1.));
#13461=DIRECTION('',(1.,0.,0.));
#13462=DIRECTION('center_axis',(-1.,0.,0.));
#13463=DIRECTION('ref_axis',(0.,0.,1.));
#13464=DIRECTION('center_axis',(0.,0.,-1.));
#13465=DIRECTION('ref_axis',(0.,1.,0.));
#13466=DIRECTION('',(1.,0.,0.));
#13467=DIRECTION('',(0.,-1.,0.));
#13468=DIRECTION('center_axis',(1.,0.,0.));
#13469=DIRECTION('ref_axis',(0.,0.,-1.));
#13470=DIRECTION('center_axis',(-1.,0.,0.));
#13471=DIRECTION('ref_axis',(0.,0.,-1.));
#13472=DIRECTION('center_axis',(-1.,0.,0.));
#13473=DIRECTION('ref_axis',(0.,-1.,0.));
#13474=DIRECTION('',(0.,0.,1.));
#13475=DIRECTION('',(0.,-1.,0.));
#13476=DIRECTION('',(0.,0.,1.));
#13477=DIRECTION('center_axis',(-8.88178442861183E-16,-1.,0.));
#13478=DIRECTION('ref_axis',(1.,-8.88178442861183E-16,0.));
#13479=DIRECTION('',(0.,0.,1.));
#13480=DIRECTION('',(1.,-8.88178442861183E-16,0.));
#13481=DIRECTION('center_axis',(8.88178442861183E-16,1.,0.));
#13482=DIRECTION('ref_axis',(-1.,8.88178442861183E-16,0.));
#13483=DIRECTION('',(-1.,8.88178442861183E-16,0.));
#13484=DIRECTION('',(0.,0.,1.));
#13485=DIRECTION('center_axis',(1.,0.,0.));
#13486=DIRECTION('ref_axis',(0.,1.,0.));
#13487=DIRECTION('',(0.,1.,0.));
#13488=DIRECTION('center_axis',(0.,0.,1.));
#13489=DIRECTION('ref_axis',(1.,0.,0.));
#13490=DIRECTION('center_axis',(-1.,-1.77635683940026E-15,0.));
#13491=DIRECTION('ref_axis',(1.77635683940026E-15,-1.,0.));
#13492=DIRECTION('',(0.,0.,1.));
#13493=DIRECTION('',(1.77635683940026E-15,-1.,0.));
#13494=DIRECTION('',(0.,0.,1.));
#13495=DIRECTION('center_axis',(-8.88178416391403E-16,-1.,0.));
#13496=DIRECTION('ref_axis',(1.,-8.88178416391403E-16,0.));
#13497=DIRECTION('',(0.,0.,1.));
#13498=DIRECTION('',(1.,-8.88178416391403E-16,0.));
#13499=DIRECTION('center_axis',(0.,1.,0.));
#13500=DIRECTION('ref_axis',(-1.,0.,0.));
#13501=DIRECTION('',(-1.,0.,0.));
#13502=DIRECTION('',(0.,0.,1.));
#13503=DIRECTION('center_axis',(1.,0.,0.));
#13504=DIRECTION('ref_axis',(0.,1.,0.));
#13505=DIRECTION('',(0.,1.,0.));
#13506=DIRECTION('center_axis',(0.,0.,1.));
#13507=DIRECTION('ref_axis',(1.,0.,0.));
#13508=DIRECTION('center_axis',(0.,0.,1.));
#13509=DIRECTION('ref_axis',(1.,0.,0.));
#13510=DIRECTION('center_axis',(0.,0.,1.));
#13511=DIRECTION('ref_axis',(1.,0.,0.));
#13512=DIRECTION('',(0.,0.,-1.));
#13513=DIRECTION('center_axis',(0.,0.,1.));
#13514=DIRECTION('ref_axis',(1.,0.,0.));
#13515=DIRECTION('center_axis',(0.,0.,1.));
#13516=DIRECTION('ref_axis',(1.,0.,0.));
#13517=DIRECTION('center_axis',(0.,0.,1.));
#13518=DIRECTION('ref_axis',(1.,0.,0.));
#13519=DIRECTION('',(0.,0.,-1.));
#13520=DIRECTION('center_axis',(0.,0.,1.));
#13521=DIRECTION('ref_axis',(1.,0.,0.));
#13522=DIRECTION('center_axis',(0.,0.,1.));
#13523=DIRECTION('ref_axis',(1.,0.,0.));
#13524=DIRECTION('center_axis',(0.,0.,1.));
#13525=DIRECTION('ref_axis',(1.,0.,0.));
#13526=DIRECTION('',(0.,0.,-1.));
#13527=DIRECTION('center_axis',(0.,0.,1.));
#13528=DIRECTION('ref_axis',(1.,0.,0.));
#13529=DIRECTION('center_axis',(0.,0.,1.));
#13530=DIRECTION('ref_axis',(1.,0.,0.));
#13531=DIRECTION('center_axis',(0.,0.,1.));
#13532=DIRECTION('ref_axis',(1.,0.,0.));
#13533=DIRECTION('',(0.,0.,-1.));
#13534=DIRECTION('center_axis',(0.,0.,1.));
#13535=DIRECTION('ref_axis',(1.,0.,0.));
#13536=DIRECTION('center_axis',(1.,0.,0.));
#13537=DIRECTION('ref_axis',(0.,1.,0.));
#13538=DIRECTION('center_axis',(-1.,0.,0.));
#13539=DIRECTION('ref_axis',(0.,-1.,0.));
#13540=DIRECTION('center_axis',(1.,0.,0.));
#13541=DIRECTION('ref_axis',(0.,1.,0.));
#13542=DIRECTION('',(0.,1.,0.));
#13543=DIRECTION('center_axis',(-1.,0.,0.));
#13544=DIRECTION('ref_axis',(0.,-1.,0.));
#13545=DIRECTION('',(0.,-1.,0.));
#13546=DIRECTION('center_axis',(0.,0.,1.));
#13547=DIRECTION('ref_axis',(0.,1.,0.));
#13548=DIRECTION('',(0.,0.,-1.));
#13549=DIRECTION('center_axis',(0.,0.,-1.));
#13550=DIRECTION('ref_axis',(0.,1.,0.));
#13551=DIRECTION('center_axis',(0.,0.,1.));
#13552=DIRECTION('ref_axis',(0.,1.,0.));
#13553=DIRECTION('',(0.,0.,-1.));
#13554=DIRECTION('center_axis',(0.,0.,-1.));
#13555=DIRECTION('ref_axis',(0.,1.,0.));
#13556=DIRECTION('center_axis',(0.,0.,1.));
#13557=DIRECTION('ref_axis',(-2.22174224183556E-16,1.,0.));
#13558=DIRECTION('',(0.,0.,-1.));
#13559=DIRECTION('center_axis',(0.,0.,1.));
#13560=DIRECTION('ref_axis',(-2.22174224183556E-16,1.,0.));
#13561=DIRECTION('center_axis',(0.,0.,1.));
#13562=DIRECTION('ref_axis',(-2.22174224183559E-16,1.,0.));
#13563=DIRECTION('',(0.,0.,-1.));
#13564=DIRECTION('center_axis',(0.,0.,1.));
#13565=DIRECTION('ref_axis',(-2.22174224183559E-16,1.,0.));
#13566=DIRECTION('center_axis',(0.,0.,1.));
#13567=DIRECTION('ref_axis',(1.,0.,0.));
#13568=DIRECTION('center_axis',(0.,0.,-1.));
#13569=DIRECTION('ref_axis',(-1.,0.,0.));
#13570=DIRECTION('center_axis',(0.,0.,-1.));
#13571=DIRECTION('ref_axis',(-1.,0.,0.));
#13572=DIRECTION('',(0.,0.,-1.));
#13573=DIRECTION('center_axis',(0.,0.,-1.));
#13574=DIRECTION('ref_axis',(-1.,0.,0.));
#13575=DIRECTION('center_axis',(0.,0.,1.));
#13576=DIRECTION('ref_axis',(-1.,0.,0.));
#13577=DIRECTION('center_axis',(0.,0.,1.));
#13578=DIRECTION('ref_axis',(0.,1.,0.));
#13579=DIRECTION('center_axis',(0.,0.,1.));
#13580=DIRECTION('ref_axis',(0.,1.,0.));
#13581=DIRECTION('',(0.,0.,-1.));
#13582=DIRECTION('center_axis',(0.,0.,1.));
#13583=DIRECTION('ref_axis',(0.,1.,0.));
#13584=DIRECTION('center_axis',(0.,0.,1.));
#13585=DIRECTION('ref_axis',(1.,0.,0.));
#13586=DIRECTION('center_axis',(0.,0.,1.));
#13587=DIRECTION('ref_axis',(1.,0.,0.));
#13588=DIRECTION('center_axis',(0.,0.,-1.));
#13589=DIRECTION('ref_axis',(-1.,0.,0.));
#13590=DIRECTION('center_axis',(0.,0.,-1.));
#13591=DIRECTION('ref_axis',(-1.,0.,0.));
#13592=DIRECTION('',(0.,0.,-1.));
#13593=DIRECTION('center_axis',(0.,0.,-1.));
#13594=DIRECTION('ref_axis',(-1.,0.,0.));
#13595=DIRECTION('center_axis',(0.,0.,1.));
#13596=DIRECTION('ref_axis',(-1.,0.,0.));
#13597=DIRECTION('center_axis',(0.,0.,1.));
#13598=DIRECTION('ref_axis',(-2.22174224183556E-16,1.,0.));
#13599=DIRECTION('center_axis',(0.,0.,1.));
#13600=DIRECTION('ref_axis',(-2.22174224183556E-16,1.,0.));
#13601=DIRECTION('',(0.,0.,-1.));
#13602=DIRECTION('center_axis',(0.,0.,1.));
#13603=DIRECTION('ref_axis',(-2.22174224183556E-16,1.,0.));
#13604=DIRECTION('center_axis',(0.,0.,1.));
#13605=DIRECTION('ref_axis',(1.,0.,0.));
#13606=DIRECTION('center_axis',(0.,0.,1.));
#13607=DIRECTION('ref_axis',(1.,0.,0.));
#13608=DIRECTION('center_axis',(0.,0.,-1.));
#13609=DIRECTION('ref_axis',(-1.,0.,0.));
#13610=DIRECTION('center_axis',(0.,0.,-1.));
#13611=DIRECTION('ref_axis',(-1.,0.,0.));
#13612=DIRECTION('',(0.,0.,-1.));
#13613=DIRECTION('center_axis',(0.,0.,-1.));
#13614=DIRECTION('ref_axis',(-1.,0.,0.));
#13615=DIRECTION('center_axis',(0.,0.,1.));
#13616=DIRECTION('ref_axis',(-1.,0.,0.));
#13617=DIRECTION('center_axis',(0.,0.,1.));
#13618=DIRECTION('ref_axis',(0.,1.,0.));
#13619=DIRECTION('center_axis',(0.,0.,1.));
#13620=DIRECTION('ref_axis',(0.,1.,0.));
#13621=DIRECTION('',(0.,0.,-1.));
#13622=DIRECTION('center_axis',(0.,0.,1.));
#13623=DIRECTION('ref_axis',(0.,1.,0.));
#13624=DIRECTION('center_axis',(0.,0.,1.));
#13625=DIRECTION('ref_axis',(1.,0.,0.));
#13626=DIRECTION('center_axis',(0.,0.,1.));
#13627=DIRECTION('ref_axis',(1.,0.,0.));
#13628=DIRECTION('center_axis',(0.,0.,-1.));
#13629=DIRECTION('ref_axis',(-1.,0.,0.));
#13630=DIRECTION('center_axis',(0.,0.,-1.));
#13631=DIRECTION('ref_axis',(-1.,0.,0.));
#13632=DIRECTION('',(0.,0.,-1.));
#13633=DIRECTION('center_axis',(0.,0.,-1.));
#13634=DIRECTION('ref_axis',(-1.,0.,0.));
#13635=DIRECTION('center_axis',(0.,0.,1.));
#13636=DIRECTION('ref_axis',(-1.,0.,0.));
#13637=DIRECTION('center_axis',(0.,0.,1.));
#13638=DIRECTION('ref_axis',(-2.22174224183559E-16,1.,0.));
#13639=DIRECTION('center_axis',(0.,0.,1.));
#13640=DIRECTION('ref_axis',(-2.22174224183559E-16,1.,0.));
#13641=DIRECTION('',(0.,0.,-1.));
#13642=DIRECTION('center_axis',(0.,0.,1.));
#13643=DIRECTION('ref_axis',(-2.22174224183559E-16,1.,0.));
#13644=DIRECTION('center_axis',(0.,0.,1.));
#13645=DIRECTION('ref_axis',(1.,0.,0.));
#13646=DIRECTION('center_axis',(0.,0.,1.));
#13647=DIRECTION('ref_axis',(1.,0.,0.));
#13648=DIRECTION('',(-4.93038065763132E-32,0.,1.));
#13649=DIRECTION('',(1.,-1.00608659854126E-30,0.));
#13650=DIRECTION('axis',(0.,0.,1.));
#13651=DIRECTION('refdir',(1.,0.,0.));
#13652=DIRECTION('center_axis',(-1.,0.,0.));
#13653=DIRECTION('ref_axis',(0.,-1.,0.));
#13654=DIRECTION('',(0.,1.,0.));
#13655=DIRECTION('',(0.,0.,-1.));
#13656=DIRECTION('',(0.,-1.,0.));
#13657=DIRECTION('',(0.,0.,-1.));
#13658=DIRECTION('center_axis',(-2.96059473233375E-15,1.,0.));
#13659=DIRECTION('ref_axis',(-1.,-2.96059473233375E-15,0.));
#13660=DIRECTION('',(1.,2.96059473233375E-15,0.));
#13661=DIRECTION('',(-1.,-2.96059473233375E-15,0.));
#13662=DIRECTION('',(0.,0.,-1.));
#13663=DIRECTION('center_axis',(0.,0.,1.));
#13664=DIRECTION('ref_axis',(-1.,0.,0.));
#13665=DIRECTION('',(0.,1.,0.));
#13666=DIRECTION('',(1.,2.96059473233375E-15,0.));
#13667=DIRECTION('',(0.,-1.,0.));
#13668=DIRECTION('',(-1.,-2.96059473233375E-15,0.));
#13669=DIRECTION('center_axis',(0.,0.,-1.));
#13670=DIRECTION('ref_axis',(-1.,0.,0.));
#13671=DIRECTION('center_axis',(0.,1.,0.));
#13672=DIRECTION('ref_axis',(-1.,0.,0.));
#13673=DIRECTION('',(1.,0.,0.));
#13674=DIRECTION('',(0.,0.,-1.));
#13675=DIRECTION('',(-1.,0.,0.));
#13676=DIRECTION('',(0.,0.,-1.));
#13677=DIRECTION('center_axis',(1.,9.25185853854298E-16,0.));
#13678=DIRECTION('ref_axis',(-9.25185853854298E-16,1.,0.));
#13679=DIRECTION('',(9.25185853854298E-16,-1.,0.));
#13680=DIRECTION('',(-9.25185853854298E-16,1.,0.));
#13681=DIRECTION('',(0.,0.,-1.));
#13682=DIRECTION('center_axis',(-9.93410746256505E-8,-0.999999999999995,
0.));
#13683=DIRECTION('ref_axis',(0.999999999999995,-9.93410746256505E-8,0.));
#13684=DIRECTION('',(0.,0.,1.));
#13685=DIRECTION('',(0.999999999999995,-9.93410746256504E-8,0.));
#13686=DIRECTION('',(0.,0.,1.));
#13687=DIRECTION('',(0.999999999999995,-9.93410746256505E-8,0.));
#13688=DIRECTION('center_axis',(0.,0.,1.));
#13689=DIRECTION('ref_axis',(-1.,0.,0.));
#13690=DIRECTION('',(0.,-1.,0.));
#13691=DIRECTION('',(-1.,0.,0.));
#13692=DIRECTION('',(-9.25185853854298E-16,1.,0.));
#13693=DIRECTION('center_axis',(0.,0.,-1.));
#13694=DIRECTION('ref_axis',(-1.,0.,0.));
#13695=DIRECTION('center_axis',(0.,-1.,0.));
#13696=DIRECTION('ref_axis',(1.,0.,0.));
#13697=DIRECTION('',(-1.,0.,0.));
#13698=DIRECTION('',(0.,0.,-1.));
#13699=DIRECTION('',(1.,0.,0.));
#13700=DIRECTION('',(0.,0.,-1.));
#13701=DIRECTION('center_axis',(-1.,0.,0.));
#13702=DIRECTION('ref_axis',(0.,-1.,0.));
#13703=DIRECTION('',(0.,1.,0.));
#13704=DIRECTION('',(0.,-1.,0.));
#13705=DIRECTION('',(0.,0.,-1.));
#13706=DIRECTION('center_axis',(-5.46375910441E-7,0.999999999999851,0.));
#13707=DIRECTION('ref_axis',(-0.999999999999851,-5.46375910441E-7,0.));
#13708=DIRECTION('',(0.,0.,1.));
#13709=DIRECTION('',(-0.999999999999851,-5.46375910440999E-7,0.));
#13710=DIRECTION('',(0.,0.,1.));
#13711=DIRECTION('',(-0.999999999999851,-5.46375910441E-7,0.));
#13712=DIRECTION('center_axis',(0.,0.,1.));
#13713=DIRECTION('ref_axis',(-1.,0.,0.));
#13714=DIRECTION('',(0.,1.,0.));
#13715=DIRECTION('',(1.,0.,0.));
#13716=DIRECTION('',(0.,-1.,0.));
#13717=DIRECTION('center_axis',(0.,0.,-1.));
#13718=DIRECTION('ref_axis',(-1.,0.,0.));
#13719=DIRECTION('center_axis',(1.,0.,0.));
#13720=DIRECTION('ref_axis',(0.,1.,0.));
#13721=DIRECTION('',(0.,-1.,0.));
#13722=DIRECTION('',(0.,0.,-1.));
#13723=DIRECTION('',(0.,1.,0.));
#13724=DIRECTION('',(0.,0.,-1.));
#13725=DIRECTION('center_axis',(0.,-1.,0.));
#13726=DIRECTION('ref_axis',(1.,0.,0.));
#13727=DIRECTION('',(-1.,0.,0.));
#13728=DIRECTION('',(1.,0.,0.));
#13729=DIRECTION('',(0.,0.,-1.));
#13730=DIRECTION('center_axis',(0.,0.,1.));
#13731=DIRECTION('ref_axis',(-1.,0.,0.));
#13732=DIRECTION('',(0.,-1.,0.));
#13733=DIRECTION('',(-1.,0.,0.));
#13734=DIRECTION('',(0.,1.,0.));
#13735=DIRECTION('',(1.,0.,0.));
#13736=DIRECTION('center_axis',(0.,0.,-1.));
#13737=DIRECTION('ref_axis',(-1.,0.,0.));
#13738=DIRECTION('center_axis',(-1.55930200087803E-17,1.,0.));
#13739=DIRECTION('ref_axis',(-0.707106781186546,0.,-0.707106781186549));
#13740=DIRECTION('center_axis',(0.,1.,0.));
#13741=DIRECTION('ref_axis',(0.,0.,-1.));
#13742=DIRECTION('',(-1.55930200087803E-17,1.,0.));
#13743=DIRECTION('center_axis',(0.,-1.,0.));
#13744=DIRECTION('ref_axis',(-1.,0.,0.));
#13745=DIRECTION('',(1.55930200087803E-17,-1.,0.));
#13746=DIRECTION('center_axis',(0.,0.,-1.));
#13747=DIRECTION('ref_axis',(-1.,0.,0.));
#13748=DIRECTION('center_axis',(-1.,-4.02455846426621E-15,0.));
#13749=DIRECTION('ref_axis',(-4.02455846426621E-15,1.,0.));
#13750=DIRECTION('center_axis',(0.,0.,1.));
#13751=DIRECTION('ref_axis',(-0.707106781186545,0.70710678118655,0.));
#13752=DIRECTION('center_axis',(0.,0.,-1.));
#13753=DIRECTION('ref_axis',(-0.707106781186545,0.70710678118655,0.));
#13754=DIRECTION('center_axis',(1.,0.,0.));
#13755=DIRECTION('ref_axis',(0.,0.707106781186538,-0.707106781186557));
#13756=DIRECTION('center_axis',(-1.,0.,0.));
#13757=DIRECTION('ref_axis',(0.,1.,0.));
#13758=DIRECTION('',(-1.,0.,0.));
#13759=DIRECTION('',(1.,0.,0.));
#13760=DIRECTION('center_axis',(0.,0.,-1.));
#13761=DIRECTION('ref_axis',(-1.,0.,0.));
#13762=DIRECTION('center_axis',(-1.77635683940026E-14,1.,0.));
#13763=DIRECTION('ref_axis',(1.,1.77635683940026E-14,0.));
#13764=DIRECTION('center_axis',(0.,0.,1.));
#13765=DIRECTION('ref_axis',(0.707106781186548,0.707106781186548,0.));
#13766=DIRECTION('center_axis',(0.,0.,-1.));
#13767=DIRECTION('ref_axis',(0.707106781186548,0.707106781186548,0.));
#13768=DIRECTION('center_axis',(0.,-1.,0.));
#13769=DIRECTION('ref_axis',(0.707106781186538,0.,-0.707106781186557));
#13770=DIRECTION('center_axis',(0.,1.,0.));
#13771=DIRECTION('ref_axis',(1.,0.,0.));
#13772=DIRECTION('',(0.,1.,0.));
#13773=DIRECTION('',(0.,-1.,0.));
#13774=DIRECTION('center_axis',(0.,0.,-1.));
#13775=DIRECTION('ref_axis',(-1.,0.,0.));
#13776=DIRECTION('center_axis',(1.,-8.88178419700124E-15,0.));
#13777=DIRECTION('ref_axis',(-8.88178419700124E-15,-1.,0.));
#13778=DIRECTION('center_axis',(0.,0.,1.));
#13779=DIRECTION('ref_axis',(0.707106781186548,-0.707106781186548,0.));
#13780=DIRECTION('center_axis',(0.,0.,-1.));
#13781=DIRECTION('ref_axis',(0.707106781186548,-0.707106781186548,0.));
#13782=DIRECTION('center_axis',(-1.,-5.654848173175E-17,0.));
#13783=DIRECTION('ref_axis',(0.,-0.707106781186546,-0.707106781186549));
#13784=DIRECTION('center_axis',(1.,-4.16333634234433E-16,0.));
#13785=DIRECTION('ref_axis',(-4.16333634234433E-16,-1.,0.));
#13786=DIRECTION('',(1.,5.654848173175E-17,0.));
#13787=DIRECTION('',(-1.,-5.654848173175E-17,0.));
#13788=DIRECTION('center_axis',(0.,0.,-1.));
#13789=DIRECTION('ref_axis',(-1.,0.,0.));
#13790=DIRECTION('center_axis',(0.,0.,1.));
#13791=DIRECTION('ref_axis',(-0.707106781186548,-0.707106781186547,0.));
#13792=DIRECTION('center_axis',(0.,0.,-1.));
#13793=DIRECTION('ref_axis',(-0.707106781186548,-0.707106781186547,0.));
#13794=DIRECTION('center_axis',(0.,0.,1.));
#13795=DIRECTION('ref_axis',(1.,1.18423789293348E-14,0.));
#13796=DIRECTION('',(0.,0.,1.));
#13797=DIRECTION('center_axis',(0.,0.,-1.));
#13798=DIRECTION('ref_axis',(1.,1.18423789293348E-14,0.));
#13799=DIRECTION('',(0.,0.,1.));
#13800=DIRECTION('center_axis',(0.,1.,0.));
#13801=DIRECTION('ref_axis',(-1.,0.,0.));
#13802=DIRECTION('',(0.,0.,1.));
#13803=DIRECTION('',(1.,0.,0.));
#13804=DIRECTION('center_axis',(0.,0.,1.));
#13805=DIRECTION('ref_axis',(-3.88578058618802E-15,1.,0.));
#13806=DIRECTION('',(0.,0.,-1.));
#13807=DIRECTION('center_axis',(0.,0.,-1.));
#13808=DIRECTION('ref_axis',(-3.88578058618802E-15,1.,0.));
#13809=DIRECTION('center_axis',(-1.,-1.55930200087803E-17,0.));
#13810=DIRECTION('ref_axis',(1.55930200087803E-17,-1.,0.));
#13811=DIRECTION('',(0.,0.,1.));
#13812=DIRECTION('',(-1.55930200087803E-17,1.,0.));
#13813=DIRECTION('center_axis',(0.,0.,1.));
#13814=DIRECTION('ref_axis',(-1.,0.,0.));
#13815=DIRECTION('',(0.,-1.,0.));
#13816=DIRECTION('',(1.,2.96059473233375E-15,0.));
#13817=DIRECTION('',(0.,1.,0.));
#13818=DIRECTION('',(-1.,0.,0.));
#13819=DIRECTION('',(0.,-1.,0.));
#13820=DIRECTION('',(0.,1.,0.));
#13821=DIRECTION('center_axis',(0.,0.,1.));
#13822=DIRECTION('ref_axis',(-1.,0.,0.));
#13823=DIRECTION('center_axis',(0.,0.,1.));
#13824=DIRECTION('ref_axis',(-1.,0.,0.));
#13825=DIRECTION('center_axis',(0.,0.,1.));
#13826=DIRECTION('ref_axis',(-1.,0.,0.));
#13827=DIRECTION('center_axis',(0.,0.,-1.));
#13828=DIRECTION('ref_axis',(-1.,0.,0.));
#13829=DIRECTION('center_axis',(0.,0.,1.));
#13830=DIRECTION('ref_axis',(-1.,0.,0.));
#13831=DIRECTION('center_axis',(0.,0.,-1.));
#13832=DIRECTION('ref_axis',(-1.,0.,0.));
#13833=DIRECTION('center_axis',(0.,0.,1.));
#13834=DIRECTION('ref_axis',(-1.,0.,0.));
#13835=DIRECTION('center_axis',(0.,0.,-1.));
#13836=DIRECTION('ref_axis',(-1.,0.,0.));
#13837=DIRECTION('center_axis',(0.,0.,1.));
#13838=DIRECTION('ref_axis',(-1.,0.,0.));
#13839=DIRECTION('center_axis',(0.,0.,-1.));
#13840=DIRECTION('ref_axis',(-1.,0.,0.));
#13841=DIRECTION('center_axis',(0.,0.,1.));
#13842=DIRECTION('ref_axis',(-1.,0.,0.));
#13843=DIRECTION('center_axis',(0.,0.,-1.));
#13844=DIRECTION('ref_axis',(-1.,0.,0.));
#13845=DIRECTION('center_axis',(0.,0.,1.));
#13846=DIRECTION('ref_axis',(-1.,0.,0.));
#13847=DIRECTION('center_axis',(0.,0.,-1.));
#13848=DIRECTION('ref_axis',(-1.,0.,0.));
#13849=DIRECTION('center_axis',(0.,0.,1.));
#13850=DIRECTION('ref_axis',(-1.,0.,0.));
#13851=DIRECTION('center_axis',(0.,0.,-1.));
#13852=DIRECTION('ref_axis',(-1.,0.,0.));
#13853=DIRECTION('center_axis',(0.,0.,1.));
#13854=DIRECTION('ref_axis',(-1.,0.,0.));
#13855=DIRECTION('center_axis',(0.,0.,-1.));
#13856=DIRECTION('ref_axis',(-1.,0.,0.));
#13857=DIRECTION('center_axis',(0.,0.,1.));
#13858=DIRECTION('ref_axis',(1.,0.,0.));
#13859=DIRECTION('',(-1.,0.,0.));
#13860=DIRECTION('',(0.,1.,0.));
#13861=DIRECTION('',(1.,5.654848173175E-17,0.));
#13862=DIRECTION('',(0.,1.,0.));
#13863=DIRECTION('center_axis',(0.,1.,0.));
#13864=DIRECTION('ref_axis',(0.,0.,1.));
#13865=DIRECTION('center_axis',(0.,-1.,0.));
#13866=DIRECTION('ref_axis',(0.,0.,1.));
#13867=DIRECTION('center_axis',(-5.654848173175E-17,1.,0.));
#13868=DIRECTION('ref_axis',(0.,0.,1.));
#13869=DIRECTION('',(0.,1.,0.));
#13870=DIRECTION('center_axis',(0.,0.,-1.));
#13871=DIRECTION('ref_axis',(-1.,0.,0.));
#13872=DIRECTION('',(1.,0.,0.));
#13873=DIRECTION('',(-1.,-5.654848173175E-17,0.));
#13874=DIRECTION('',(0.,1.,0.));
#13875=DIRECTION('center_axis',(0.,1.,0.));
#13876=DIRECTION('ref_axis',(0.,0.,-1.));
#13877=DIRECTION('center_axis',(0.,-1.,0.));
#13878=DIRECTION('ref_axis',(0.,0.,-1.));
#13879=DIRECTION('center_axis',(-5.654848173175E-17,1.,0.));
#13880=DIRECTION('ref_axis',(0.,0.,-1.));
#13881=DIRECTION('center_axis',(0.,0.,1.));
#13882=DIRECTION('ref_axis',(-1.,0.,0.));
#13883=DIRECTION('center_axis',(0.,0.,-1.));
#13884=DIRECTION('ref_axis',(-1.,0.,0.));
#13885=DIRECTION('',(0.,0.,-1.));
#13886=DIRECTION('center_axis',(0.,0.,1.));
#13887=DIRECTION('ref_axis',(-0.808736084303189,-0.588171697675046,0.));
#13888=DIRECTION('center_axis',(0.,0.,-1.));
#13889=DIRECTION('ref_axis',(0.338348435644949,0.941020900988185,0.));
#13890=DIRECTION('',(0.,0.,1.));
#13891=DIRECTION('center_axis',(0.,0.,1.));
#13892=DIRECTION('ref_axis',(0.338348435644949,0.941020900988185,0.));
#13893=DIRECTION('',(0.,0.,1.));
#13894=DIRECTION('center_axis',(0.,0.,1.));
#13895=DIRECTION('ref_axis',(-1.,0.,0.));
#13896=DIRECTION('center_axis',(0.,0.,-1.));
#13897=DIRECTION('ref_axis',(-1.,0.,0.));
#13898=DIRECTION('center_axis',(0.,0.,1.));
#13899=DIRECTION('ref_axis',(-1.,0.,0.));
#13900=DIRECTION('center_axis',(0.,0.,-1.));
#13901=DIRECTION('ref_axis',(-1.,0.,0.));
#13902=DIRECTION('',(0.,0.,-1.));
#13903=DIRECTION('center_axis',(0.,0.,1.));
#13904=DIRECTION('ref_axis',(0.808736084303192,0.588171697675042,0.));
#13905=DIRECTION('center_axis',(0.,0.,-1.));
#13906=DIRECTION('ref_axis',(-0.338348435644907,-0.9410209009882,0.));
#13907=DIRECTION('',(0.,0.,1.));
#13908=DIRECTION('center_axis',(0.,0.,1.));
#13909=DIRECTION('ref_axis',(-0.338348435644907,-0.9410209009882,0.));
#13910=DIRECTION('',(0.,0.,1.));
#13911=DIRECTION('center_axis',(0.,0.,1.));
#13912=DIRECTION('ref_axis',(-1.,0.,0.));
#13913=DIRECTION('center_axis',(0.,0.,-1.));
#13914=DIRECTION('ref_axis',(-1.,0.,0.));
#13915=DIRECTION('center_axis',(0.,0.,1.));
#13916=DIRECTION('ref_axis',(-1.,0.,0.));
#13917=DIRECTION('center_axis',(0.,0.,-1.));
#13918=DIRECTION('ref_axis',(-1.,0.,0.));
#13919=DIRECTION('',(0.,0.,-1.));
#13920=DIRECTION('center_axis',(0.,0.,1.));
#13921=DIRECTION('ref_axis',(-0.808736084303188,0.588171697675047,0.));
#13922=DIRECTION('center_axis',(0.,0.,-1.));
#13923=DIRECTION('ref_axis',(0.99948940219288,-0.0319520719847759,0.));
#13924=DIRECTION('',(0.,0.,1.));
#13925=DIRECTION('center_axis',(0.,0.,1.));
#13926=DIRECTION('ref_axis',(0.99948940219288,-0.0319520719847759,0.));
#13927=DIRECTION('',(0.,0.,1.));
#13928=DIRECTION('center_axis',(0.,0.,1.));
#13929=DIRECTION('ref_axis',(-1.,0.,0.));
#13930=DIRECTION('center_axis',(0.,0.,-1.));
#13931=DIRECTION('ref_axis',(-1.,0.,0.));
#13932=DIRECTION('center_axis',(0.,0.,1.));
#13933=DIRECTION('ref_axis',(-1.,0.,0.));
#13934=DIRECTION('center_axis',(0.,0.,-1.));
#13935=DIRECTION('ref_axis',(-1.,0.,0.));
#13936=DIRECTION('',(0.,0.,-1.));
#13937=DIRECTION('center_axis',(0.,0.,1.));
#13938=DIRECTION('ref_axis',(0.808736084303186,-0.588171697675049,0.));
#13939=DIRECTION('center_axis',(0.,0.,-1.));
#13940=DIRECTION('ref_axis',(-0.999489402192878,0.0319520719848256,0.));
#13941=DIRECTION('',(0.,0.,1.));
#13942=DIRECTION('center_axis',(0.,0.,1.));
#13943=DIRECTION('ref_axis',(-0.999489402192878,0.0319520719848256,0.));
#13944=DIRECTION('',(0.,0.,1.));
#13945=DIRECTION('center_axis',(0.,0.,1.));
#13946=DIRECTION('ref_axis',(-1.,0.,0.));
#13947=DIRECTION('center_axis',(0.,0.,-1.));
#13948=DIRECTION('ref_axis',(-1.,0.,0.));
#13949=DIRECTION('center_axis',(0.,0.,1.));
#13950=DIRECTION('ref_axis',(-1.,0.,0.));
#13951=DIRECTION('center_axis',(0.,0.,-1.));
#13952=DIRECTION('ref_axis',(-1.,0.,0.));
#13953=DIRECTION('',(0.,0.,-1.));
#13954=DIRECTION('center_axis',(0.,0.,1.));
#13955=DIRECTION('ref_axis',(0.80873608430319,-0.588171697675044,0.));
#13956=DIRECTION('center_axis',(0.,0.,-1.));
#13957=DIRECTION('ref_axis',(-0.99948940219288,0.0319520719847723,0.));
#13958=DIRECTION('',(0.,0.,1.));
#13959=DIRECTION('center_axis',(0.,0.,1.));
#13960=DIRECTION('ref_axis',(-0.99948940219288,0.0319520719847723,0.));
#13961=DIRECTION('',(0.,0.,1.));
#13962=DIRECTION('center_axis',(0.,0.,1.));
#13963=DIRECTION('ref_axis',(-1.,0.,0.));
#13964=DIRECTION('center_axis',(0.,0.,-1.));
#13965=DIRECTION('ref_axis',(-1.,0.,0.));
#13966=DIRECTION('center_axis',(0.,0.,1.));
#13967=DIRECTION('ref_axis',(-1.,0.,0.));
#13968=DIRECTION('center_axis',(0.,0.,-1.));
#13969=DIRECTION('ref_axis',(-1.,0.,0.));
#13970=DIRECTION('',(0.,0.,-1.));
#13971=DIRECTION('center_axis',(0.,0.,1.));
#13972=DIRECTION('ref_axis',(-0.808736084303191,0.588171697675043,0.));
#13973=DIRECTION('center_axis',(0.,0.,-1.));
#13974=DIRECTION('ref_axis',(0.99948940219288,-0.0319520719847546,0.));
#13975=DIRECTION('',(0.,0.,1.));
#13976=DIRECTION('center_axis',(0.,0.,1.));
#13977=DIRECTION('ref_axis',(0.99948940219288,-0.0319520719847546,0.));
#13978=DIRECTION('',(0.,0.,1.));
#13979=DIRECTION('center_axis',(0.,0.,1.));
#13980=DIRECTION('ref_axis',(-1.,0.,0.));
#13981=DIRECTION('center_axis',(0.,0.,-1.));
#13982=DIRECTION('ref_axis',(-1.,0.,0.));
#13983=DIRECTION('center_axis',(0.,0.,1.));
#13984=DIRECTION('ref_axis',(-1.,0.,0.));
#13985=DIRECTION('center_axis',(0.,0.,-1.));
#13986=DIRECTION('ref_axis',(-1.,0.,0.));
#13987=DIRECTION('',(0.,0.,-1.));
#13988=DIRECTION('center_axis',(0.,0.,1.));
#13989=DIRECTION('ref_axis',(-0.808736084303187,-0.588171697675048,0.));
#13990=DIRECTION('center_axis',(0.,0.,-1.));
#13991=DIRECTION('ref_axis',(0.33834843564499,0.94102090098817,0.));
#13992=DIRECTION('',(0.,0.,1.));
#13993=DIRECTION('center_axis',(0.,0.,1.));
#13994=DIRECTION('ref_axis',(0.33834843564499,0.94102090098817,0.));
#13995=DIRECTION('',(0.,0.,1.));
#13996=DIRECTION('center_axis',(0.,0.,1.));
#13997=DIRECTION('ref_axis',(-1.,0.,0.));
#13998=DIRECTION('center_axis',(0.,0.,-1.));
#13999=DIRECTION('ref_axis',(-1.,0.,0.));
#14000=DIRECTION('center_axis',(0.,0.,1.));
#14001=DIRECTION('ref_axis',(-1.,0.,0.));
#14002=DIRECTION('center_axis',(0.,0.,-1.));
#14003=DIRECTION('ref_axis',(-1.,0.,0.));
#14004=DIRECTION('',(0.,0.,-1.));
#14005=DIRECTION('center_axis',(0.,0.,1.));
#14006=DIRECTION('ref_axis',(0.808736084303188,0.588171697675047,0.));
#14007=DIRECTION('center_axis',(0.,0.,-1.));
#14008=DIRECTION('ref_axis',(-0.338348435644949,-0.941020900988185,0.));
#14009=DIRECTION('',(0.,0.,1.));
#14010=DIRECTION('center_axis',(0.,0.,1.));
#14011=DIRECTION('ref_axis',(-0.338348435644949,-0.941020900988185,0.));
#14012=DIRECTION('',(0.,0.,1.));
#14013=DIRECTION('center_axis',(0.,0.,1.));
#14014=DIRECTION('ref_axis',(-1.,0.,0.));
#14015=DIRECTION('center_axis',(0.,0.,-1.));
#14016=DIRECTION('ref_axis',(-1.,0.,0.));
#14017=DIRECTION('center_axis',(0.,0.,1.));
#14018=DIRECTION('ref_axis',(-1.,0.,0.));
#14019=DIRECTION('center_axis',(0.,0.,-1.));
#14020=DIRECTION('ref_axis',(-1.,2.96059473233375E-15,0.));
#14021=DIRECTION('',(-1.,-5.654848173175E-17,0.));
#14022=DIRECTION('center_axis',(0.,0.,-1.));
#14023=DIRECTION('ref_axis',(-5.92118946466754E-15,-1.,0.));
#14024=DIRECTION('',(0.,-1.,0.));
#14025=DIRECTION('center_axis',(0.,0.,1.));
#14026=DIRECTION('ref_axis',(-1.,0.,0.));
#14027=DIRECTION('center_axis',(0.,0.,1.));
#14028=DIRECTION('ref_axis',(-1.,0.,0.));
#14029=DIRECTION('center_axis',(0.,0.,1.));
#14030=DIRECTION('ref_axis',(-1.,0.,0.));
#14031=DIRECTION('',(9.25185853854298E-16,-1.,0.));
#14032=DIRECTION('',(1.,0.,0.));
#14033=DIRECTION('',(0.,-1.,0.));
#14034=DIRECTION('',(-1.,0.,0.));
#14035=DIRECTION('',(0.,-1.,0.));
#14036=DIRECTION('',(-1.,0.,0.));
#14037=DIRECTION('',(0.,1.,0.));
#14038=DIRECTION('',(-1.,0.,0.));
#14039=DIRECTION('',(0.,1.,0.));
#14040=DIRECTION('',(1.,2.96059473233375E-15,0.));
#14041=DIRECTION('',(0.,1.,0.));
#14042=DIRECTION('',(1.,0.,0.));
#14043=DIRECTION('center_axis',(0.,0.,1.));
#14044=DIRECTION('ref_axis',(-1.,0.,0.));
#14045=DIRECTION('center_axis',(0.,-1.,0.));
#14046=DIRECTION('ref_axis',(1.,0.,0.));
#14047=DIRECTION('',(0.,0.,1.));
#14048=DIRECTION('',(0.,0.,1.));
#14049=DIRECTION('',(-1.,0.,0.));
#14050=DIRECTION('',(0.,0.,1.));
#14051=DIRECTION('center_axis',(1.,0.,0.));
#14052=DIRECTION('ref_axis',(0.,1.,0.));
#14053=DIRECTION('',(0.,0.,1.));
#14054=DIRECTION('center_axis',(0.,-1.,0.));
#14055=DIRECTION('ref_axis',(1.,0.,0.));
#14056=DIRECTION('',(0.,0.,1.));
#14057=DIRECTION('center_axis',(1.,0.,0.));
#14058=DIRECTION('ref_axis',(0.,1.,0.));
#14059=DIRECTION('',(0.,0.,1.));
#14060=DIRECTION('',(0.,-1.,0.));
#14061=DIRECTION('center_axis',(0.,1.,0.));
#14062=DIRECTION('ref_axis',(-1.,0.,0.));
#14063=DIRECTION('',(0.,0.,1.));
#14064=DIRECTION('center_axis',(1.,9.25185853854298E-16,0.));
#14065=DIRECTION('ref_axis',(-9.25185853854298E-16,1.,0.));
#14066=DIRECTION('',(0.,0.,1.));
#14067=DIRECTION('center_axis',(0.,0.,1.));
#14068=DIRECTION('ref_axis',(-5.92118946466754E-15,-1.,0.));
#14069=DIRECTION('',(0.,0.,1.));
#14070=DIRECTION('',(0.,0.,1.));
#14071=DIRECTION('center_axis',(5.654848173175E-17,-1.,0.));
#14072=DIRECTION('ref_axis',(1.,5.654848173175E-17,0.));
#14073=DIRECTION('',(0.,0.,1.));
#14074=DIRECTION('center_axis',(0.,0.,1.));
#14075=DIRECTION('ref_axis',(-1.,2.96059473233375E-15,0.));
#14076=DIRECTION('center_axis',(0.,-1.,0.));
#14077=DIRECTION('ref_axis',(1.,0.,0.));
#14078=DIRECTION('',(0.,0.,1.));
#14079=DIRECTION('',(0.,0.,1.));
#14080=DIRECTION('center_axis',(-1.,0.,0.));
#14081=DIRECTION('ref_axis',(0.,-1.,0.));
#14082=DIRECTION('',(0.,1.,0.));
#14083=DIRECTION('',(0.,0.,1.));
#14084=DIRECTION('',(0.,0.,1.));
#14085=DIRECTION('center_axis',(-2.96059473233375E-15,1.,0.));
#14086=DIRECTION('ref_axis',(-1.,-2.96059473233375E-15,0.));
#14087=DIRECTION('',(0.,0.,1.));
#14088=DIRECTION('center_axis',(-1.,0.,0.));
#14089=DIRECTION('ref_axis',(0.,-1.,0.));
#14090=DIRECTION('',(0.,0.,1.));
#14091=DIRECTION('center_axis',(0.,1.,0.));
#14092=DIRECTION('ref_axis',(-1.,0.,0.));
#14093=DIRECTION('',(1.,0.,0.));
#14094=DIRECTION('center_axis',(0.,0.,1.));
#14095=DIRECTION('ref_axis',(-1.,0.,0.));
#14096=DIRECTION('',(0.,0.,-1.));
#14097=DIRECTION('center_axis',(-1.,0.,0.));
#14098=DIRECTION('ref_axis',(0.,-1.,0.));
#14099=DIRECTION('center_axis',(0.,0.,1.));
#14100=DIRECTION('ref_axis',(-1.,0.,0.));
#14101=DIRECTION('',(0.,0.,-1.));
#14102=DIRECTION('center_axis',(0.,0.,1.));
#14103=DIRECTION('ref_axis',(-1.,0.,0.));
#14104=DIRECTION('',(0.,0.,-1.));
#14105=DIRECTION('center_axis',(0.,0.,1.));
#14106=DIRECTION('ref_axis',(-1.,0.,0.));
#14107=DIRECTION('',(0.,0.,-1.));
#14108=DIRECTION('center_axis',(1.,0.,0.));
#14109=DIRECTION('ref_axis',(0.,1.,0.));
#14110=DIRECTION('center_axis',(0.,0.,1.));
#14111=DIRECTION('ref_axis',(-1.,0.,0.));
#14112=DIRECTION('center_axis',(0.,0.,-1.));
#14113=DIRECTION('ref_axis',(-1.,0.,0.));
#14114=DIRECTION('center_axis',(0.,0.,-1.));
#14115=DIRECTION('ref_axis',(-1.,0.,0.));
#14116=DIRECTION('center_axis',(0.,0.,-1.));
#14117=DIRECTION('ref_axis',(-1.,0.,0.));
#14118=DIRECTION('center_axis',(0.,0.,-1.));
#14119=DIRECTION('ref_axis',(-1.,0.,0.));
#14120=DIRECTION('',(0.,0.,-1.));
#14121=DIRECTION('center_axis',(0.,0.,-1.));
#14122=DIRECTION('ref_axis',(-1.,0.,0.));
#14123=DIRECTION('center_axis',(0.,0.,1.));
#14124=DIRECTION('ref_axis',(-1.,0.,0.));
#14125=DIRECTION('center_axis',(0.,0.,-1.));
#14126=DIRECTION('ref_axis',(-1.,0.,0.));
#14127=DIRECTION('center_axis',(0.,0.,-1.));
#14128=DIRECTION('ref_axis',(-1.,0.,0.));
#14129=DIRECTION('',(0.,0.,-1.));
#14130=DIRECTION('center_axis',(0.,0.,-1.));
#14131=DIRECTION('ref_axis',(-1.,0.,0.));
#14132=DIRECTION('center_axis',(0.,0.,-1.));
#14133=DIRECTION('ref_axis',(-1.,0.,0.));
#14134=DIRECTION('center_axis',(0.,0.,-1.));
#14135=DIRECTION('ref_axis',(-1.,0.,0.));
#14136=DIRECTION('center_axis',(0.,0.,1.));
#14137=DIRECTION('ref_axis',(-1.,0.,0.));
#14138=DIRECTION('axis',(0.,0.,1.));
#14139=DIRECTION('refdir',(1.,0.,0.));
#14140=DIRECTION('center_axis',(1.,0.,0.));
#14141=DIRECTION('ref_axis',(0.,1.,0.));
#14142=DIRECTION('center_axis',(1.,0.,0.));
#14143=DIRECTION('ref_axis',(0.,1.,0.));
#14144=DIRECTION('',(1.,0.,0.));
#14145=DIRECTION('center_axis',(1.,0.,0.));
#14146=DIRECTION('ref_axis',(0.,1.,0.));
#14147=DIRECTION('center_axis',(1.,0.,0.));
#14148=DIRECTION('ref_axis',(0.,1.,0.));
#14149=DIRECTION('center_axis',(-1.,0.,0.));
#14150=DIRECTION('ref_axis',(0.,1.,0.));
#14151=DIRECTION('center_axis',(-1.,0.,0.));
#14152=DIRECTION('ref_axis',(0.,1.,0.));
#14153=DIRECTION('center_axis',(-1.,0.,0.));
#14154=DIRECTION('ref_axis',(0.,1.,0.));
#14155=DIRECTION('center_axis',(-1.,0.,0.));
#14156=DIRECTION('ref_axis',(0.,1.,0.));
#14157=DIRECTION('center_axis',(-1.,0.,0.));
#14158=DIRECTION('ref_axis',(0.,1.,0.));
#14159=DIRECTION('center_axis',(1.,0.,0.));
#14160=DIRECTION('ref_axis',(0.,1.,0.));
#14161=DIRECTION('center_axis',(-1.,0.,0.));
#14162=DIRECTION('ref_axis',(0.,1.,0.));
#14163=DIRECTION('',(-1.,0.,0.));
#14164=DIRECTION('center_axis',(1.,0.,0.));
#14165=DIRECTION('ref_axis',(0.,1.,0.));
#14166=DIRECTION('center_axis',(-1.,0.,0.));
#14167=DIRECTION('ref_axis',(0.,1.,0.));
#14168=DIRECTION('',(-1.,0.,0.));
#14169=DIRECTION('center_axis',(1.,0.,0.));
#14170=DIRECTION('ref_axis',(0.,1.,0.));
#14171=DIRECTION('center_axis',(-1.,0.,0.));
#14172=DIRECTION('ref_axis',(0.,1.,0.));
#14173=DIRECTION('',(-1.,0.,0.));
#14174=DIRECTION('center_axis',(1.,0.,0.));
#14175=DIRECTION('ref_axis',(0.,1.,0.));
#14176=DIRECTION('center_axis',(-1.,0.,0.));
#14177=DIRECTION('ref_axis',(0.,1.,0.));
#14178=DIRECTION('',(-1.,0.,0.));
#14179=DIRECTION('center_axis',(1.,0.,0.));
#14180=DIRECTION('ref_axis',(0.,1.,0.));
#14181=DIRECTION('center_axis',(-1.,0.,0.));
#14182=DIRECTION('ref_axis',(0.,1.,0.));
#14183=DIRECTION('',(-1.,0.,0.));
#14184=DIRECTION('center_axis',(1.,0.,0.));
#14185=DIRECTION('ref_axis',(0.,1.,0.));
#14186=DIRECTION('center_axis',(-1.,0.,0.));
#14187=DIRECTION('ref_axis',(0.,1.,0.));
#14188=DIRECTION('',(0.,0.,1.));
#14189=DIRECTION('center_axis',(-1.,0.,0.));
#14190=DIRECTION('ref_axis',(0.,1.,0.));
#14191=DIRECTION('',(0.,0.,-1.));
#14192=DIRECTION('',(0.,1.,-6.96610525255E-16));
#14193=DIRECTION('',(0.,1.22226388032127E-16,-1.));
#14194=DIRECTION('',(0.,-1.,0.));
#14195=DIRECTION('',(0.,-4.07421293440424E-17,1.));
#14196=DIRECTION('center_axis',(0.,-1.,0.));
#14197=DIRECTION('ref_axis',(0.,0.,-1.));
#14198=DIRECTION('',(1.,0.,0.));
#14199=DIRECTION('',(0.,0.,-1.));
#14200=DIRECTION('',(1.,0.,0.));
#14201=DIRECTION('center_axis',(1.,0.,0.));
#14202=DIRECTION('ref_axis',(0.,1.,0.));
#14203=DIRECTION('',(1.,0.,0.));
#14204=DIRECTION('center_axis',(1.,0.,0.));
#14205=DIRECTION('ref_axis',(0.,1.,0.));
#14206=DIRECTION('center_axis',(1.,0.,0.));
#14207=DIRECTION('ref_axis',(0.,1.,0.));
#14208=DIRECTION('center_axis',(-1.,0.,0.));
#14209=DIRECTION('ref_axis',(0.,-1.,0.));
#14210=DIRECTION('center_axis',(1.,0.,0.));
#14211=DIRECTION('ref_axis',(0.,0.,-1.));
#14212=DIRECTION('',(0.,1.,0.));
#14213=DIRECTION('',(0.,1.18952466924124E-16,-1.));
#14214=DIRECTION('',(0.,-1.,0.));
#14215=DIRECTION('',(0.,-1.18952466924124E-16,1.));
#14216=DIRECTION('center_axis',(1.,0.,0.));
#14217=DIRECTION('ref_axis',(0.,1.,0.));
#14218=DIRECTION('',(0.,1.,0.));
#14219=DIRECTION('',(0.,0.,1.));
#14220=DIRECTION('',(0.,-1.,0.));
#14221=DIRECTION('',(0.,5.4825828376551E-17,-1.));
#14222=DIRECTION('center_axis',(-1.,0.,0.));
#14223=DIRECTION('ref_axis',(0.,-1.,0.));
#14224=DIRECTION('center_axis',(0.,-1.,-1.18952466924124E-16));
#14225=DIRECTION('ref_axis',(0.,1.18952466924124E-16,-1.));
#14226=DIRECTION('',(1.,0.,0.));
#14227=DIRECTION('',(0.,1.18952466924124E-16,-1.));
#14228=DIRECTION('',(1.,0.,0.));
#14229=DIRECTION('center_axis',(1.,0.,0.));
#14230=DIRECTION('ref_axis',(0.,1.,0.));
#14231=DIRECTION('center_axis',(-1.,0.,0.));
#14232=DIRECTION('ref_axis',(0.,-1.,0.));
#14233=DIRECTION('center_axis',(1.,0.,0.));
#14234=DIRECTION('ref_axis',(0.,0.,-1.));
#14235=DIRECTION('',(0.,1.,0.));
#14236=DIRECTION('',(0.,1.18952466924124E-16,-1.));
#14237=DIRECTION('',(0.,-1.,0.));
#14238=DIRECTION('',(0.,-7.93016446160825E-17,1.));
#14239=DIRECTION('center_axis',(0.,-1.,-1.18952466924124E-16));
#14240=DIRECTION('ref_axis',(0.,1.18952466924124E-16,-1.));
#14241=DIRECTION('',(1.,0.,0.));
#14242=DIRECTION('',(0.,1.18952466924124E-16,-1.));
#14243=DIRECTION('',(1.,0.,0.));
#14244=DIRECTION('center_axis',(1.,0.,0.));
#14245=DIRECTION('ref_axis',(0.,1.,0.));
#14246=DIRECTION('center_axis',(-1.,0.,0.));
#14247=DIRECTION('ref_axis',(0.,-1.,0.));
#14248=DIRECTION('center_axis',(1.,0.,0.));
#14249=DIRECTION('ref_axis',(0.,1.,0.));
#14250=DIRECTION('center_axis',(-1.,0.,0.));
#14251=DIRECTION('ref_axis',(0.,-1.,0.));
#14252=DIRECTION('center_axis',(0.,1.,7.93016446160825E-17));
#14253=DIRECTION('ref_axis',(0.,-7.93016446160825E-17,1.));
#14254=DIRECTION('',(1.,0.,0.));
#14255=DIRECTION('',(0.,-7.93016446160825E-17,1.));
#14256=DIRECTION('',(1.,0.,0.));
#14257=DIRECTION('center_axis',(0.,-1.,-1.22226388032127E-16));
#14258=DIRECTION('ref_axis',(0.,1.22226388032127E-16,-1.));
#14259=DIRECTION('',(-1.,0.,0.));
#14260=DIRECTION('',(0.,1.22226388032127E-16,-1.));
#14261=DIRECTION('',(-1.,0.,0.));
#14262=DIRECTION('center_axis',(0.,-6.96610525255E-16,-1.));
#14263=DIRECTION('ref_axis',(0.,1.,-6.96610525255E-16));
#14264=DIRECTION('',(-1.,0.,0.));
#14265=DIRECTION('',(0.,1.,-6.96610525255E-16));
#14266=DIRECTION('',(1.,0.,0.));
#14267=DIRECTION('',(0.,1.,-6.96610525255E-16));
#14268=DIRECTION('center_axis',(1.,0.,0.));
#14269=DIRECTION('ref_axis',(0.,-1.,0.));
#14270=DIRECTION('center_axis',(-1.,0.,0.));
#14271=DIRECTION('ref_axis',(0.,-1.,0.));
#14272=DIRECTION('',(-1.,0.,0.));
#14273=DIRECTION('center_axis',(1.,0.,0.));
#14274=DIRECTION('ref_axis',(0.,-1.,0.));
#14275=DIRECTION('center_axis',(-1.,0.,0.));
#14276=DIRECTION('ref_axis',(0.,-1.,0.));
#14277=DIRECTION('',(-1.,0.,0.));
#14278=DIRECTION('center_axis',(0.,1.,1.18952466924124E-16));
#14279=DIRECTION('ref_axis',(0.,-1.18952466924124E-16,1.));
#14280=DIRECTION('',(1.,0.,0.));
#14281=DIRECTION('',(0.,-1.18952466924124E-16,1.));
#14282=DIRECTION('center_axis',(0.,1.,5.4825828376551E-17));
#14283=DIRECTION('ref_axis',(0.,-5.4825828376551E-17,1.));
#14284=DIRECTION('',(1.,0.,0.));
#14285=DIRECTION('',(0.,-5.4825828376551E-17,1.));
#14286=DIRECTION('',(1.,0.,0.));
#14287=DIRECTION('center_axis',(0.,0.,1.));
#14288=DIRECTION('ref_axis',(0.,-1.,0.));
#14289=DIRECTION('',(0.,-1.,0.));
#14290=DIRECTION('',(0.,-1.,0.));
#14291=DIRECTION('',(1.,0.,0.));
#14292=DIRECTION('center_axis',(1.,0.,0.));
#14293=DIRECTION('ref_axis',(0.,1.,0.));
#14294=DIRECTION('',(0.,1.,0.));
#14295=DIRECTION('',(0.,-1.,0.));
#14296=DIRECTION('center_axis',(0.,-1.,0.));
#14297=DIRECTION('ref_axis',(0.,0.,-1.));
#14298=DIRECTION('',(0.,0.,-1.));
#14299=DIRECTION('',(1.,0.,0.));
#14300=DIRECTION('center_axis',(0.,1.,4.07421293440424E-17));
#14301=DIRECTION('ref_axis',(0.,-4.07421293440424E-17,1.));
#14302=DIRECTION('',(-1.,0.,0.));
#14303=DIRECTION('',(0.,-4.07421293440424E-17,1.));
#14304=DIRECTION('center_axis',(1.,0.,0.));
#14305=DIRECTION('ref_axis',(0.,-1.,0.));
#14306=DIRECTION('center_axis',(-1.,0.,0.));
#14307=DIRECTION('ref_axis',(0.,-1.,0.));
#14308=DIRECTION('',(-1.,0.,0.));
#14309=DIRECTION('center_axis',(1.,0.,0.));
#14310=DIRECTION('ref_axis',(0.,-1.,0.));
#14311=DIRECTION('center_axis',(-1.,0.,0.));
#14312=DIRECTION('ref_axis',(0.,-1.,0.));
#14313=DIRECTION('',(-1.,0.,0.));
#14314=DIRECTION('center_axis',(0.,0.,-1.));
#14315=DIRECTION('ref_axis',(0.,1.,0.));
#14316=DIRECTION('',(0.,1.,0.));
#14317=DIRECTION('center_axis',(0.,0.,1.));
#14318=DIRECTION('ref_axis',(0.,-1.,0.));
#14319=DIRECTION('',(0.,-1.,0.));
#14320=DIRECTION('center_axis',(1.,0.,0.));
#14321=DIRECTION('ref_axis',(0.,1.,0.));
#14322=DIRECTION('center_axis',(1.,0.,0.));
#14323=DIRECTION('ref_axis',(0.,-1.,0.));
#14324=DIRECTION('',(-1.,0.,0.));
#14325=DIRECTION('center_axis',(-1.,0.,0.));
#14326=DIRECTION('ref_axis',(0.,-1.,0.));
#14327=DIRECTION('center_axis',(0.,1.,0.));
#14328=DIRECTION('ref_axis',(0.,0.,1.));
#14329=DIRECTION('',(1.,0.,0.));
#14330=DIRECTION('',(0.,0.,1.));
#14331=DIRECTION('center_axis',(1.,0.,0.));
#14332=DIRECTION('ref_axis',(0.,1.,0.));
#14333=DIRECTION('center_axis',(1.,0.,0.));
#14334=DIRECTION('ref_axis',(0.,1.,0.));
#14335=DIRECTION('center_axis',(1.,0.,0.));
#14336=DIRECTION('ref_axis',(0.,1.,0.));
#14337=DIRECTION('axis',(0.,0.,1.));
#14338=DIRECTION('refdir',(1.,0.,0.));
#14339=DIRECTION('center_axis',(0.,0.,1.));
#14340=DIRECTION('ref_axis',(1.,0.,0.));
#14341=DIRECTION('center_axis',(0.,0.,-1.));
#14342=DIRECTION('ref_axis',(1.,0.,0.));
#14343=DIRECTION('',(0.,0.,-1.));
#14344=DIRECTION('center_axis',(0.,0.,-1.));
#14345=DIRECTION('ref_axis',(1.,0.,0.));
#14346=DIRECTION('center_axis',(0.,0.,1.));
#14347=DIRECTION('ref_axis',(1.,0.,0.));
#14348=DIRECTION('center_axis',(0.,0.,1.));
#14349=DIRECTION('ref_axis',(1.,0.,0.));
#14350=DIRECTION('',(0.,0.,-1.));
#14351=DIRECTION('center_axis',(0.,0.,1.));
#14352=DIRECTION('ref_axis',(1.,0.,0.));
#14353=DIRECTION('center_axis',(0.,0.,1.));
#14354=DIRECTION('ref_axis',(1.,0.,0.));
#14355=DIRECTION('center_axis',(0.,0.,1.));
#14356=DIRECTION('ref_axis',(1.,0.,0.));
#14357=DIRECTION('center_axis',(0.,0.,1.));
#14358=DIRECTION('ref_axis',(1.,0.,0.));
#14359=DIRECTION('center_axis',(0.,0.,-1.));
#14360=DIRECTION('ref_axis',(1.,0.,0.));
#14361=DIRECTION('',(0.,0.,-1.));
#14362=DIRECTION('center_axis',(0.,0.,-1.));
#14363=DIRECTION('ref_axis',(1.,0.,0.));
#14364=DIRECTION('center_axis',(0.,0.,1.));
#14365=DIRECTION('ref_axis',(1.,0.,0.));
#14366=DIRECTION('center_axis',(0.,0.,1.));
#14367=DIRECTION('ref_axis',(1.,0.,0.));
#14368=DIRECTION('',(0.,0.,-1.));
#14369=DIRECTION('center_axis',(0.,0.,1.));
#14370=DIRECTION('ref_axis',(1.,0.,0.));
#14371=DIRECTION('center_axis',(0.,0.,1.));
#14372=DIRECTION('ref_axis',(1.,0.,0.));
#14373=DIRECTION('center_axis',(0.,0.,1.));
#14374=DIRECTION('ref_axis',(1.,0.,0.));
#14375=DIRECTION('center_axis',(0.,0.,1.));
#14376=DIRECTION('ref_axis',(1.,0.,0.));
#14377=DIRECTION('center_axis',(0.,0.,-1.));
#14378=DIRECTION('ref_axis',(1.,0.,0.));
#14379=DIRECTION('',(0.,0.,-1.));
#14380=DIRECTION('center_axis',(0.,0.,-1.));
#14381=DIRECTION('ref_axis',(1.,0.,0.));
#14382=DIRECTION('center_axis',(0.,0.,1.));
#14383=DIRECTION('ref_axis',(1.,0.,0.));
#14384=DIRECTION('center_axis',(0.,0.,1.));
#14385=DIRECTION('ref_axis',(1.,0.,0.));
#14386=DIRECTION('',(0.,0.,-1.));
#14387=DIRECTION('center_axis',(0.,0.,1.));
#14388=DIRECTION('ref_axis',(1.,0.,0.));
#14389=DIRECTION('center_axis',(0.,0.,1.));
#14390=DIRECTION('ref_axis',(1.,0.,0.));
#14391=DIRECTION('center_axis',(0.,0.,1.));
#14392=DIRECTION('ref_axis',(1.,0.,0.));
#14393=DIRECTION('center_axis',(0.,0.,1.));
#14394=DIRECTION('ref_axis',(1.,0.,0.));
#14395=DIRECTION('center_axis',(0.,0.,-1.));
#14396=DIRECTION('ref_axis',(1.,0.,0.));
#14397=DIRECTION('',(0.,0.,-1.));
#14398=DIRECTION('center_axis',(0.,0.,-1.));
#14399=DIRECTION('ref_axis',(1.,0.,0.));
#14400=DIRECTION('center_axis',(0.,0.,1.));
#14401=DIRECTION('ref_axis',(1.,0.,0.));
#14402=DIRECTION('center_axis',(0.,0.,1.));
#14403=DIRECTION('ref_axis',(1.,0.,0.));
#14404=DIRECTION('',(0.,0.,-1.));
#14405=DIRECTION('center_axis',(0.,0.,1.));
#14406=DIRECTION('ref_axis',(1.,0.,0.));
#14407=DIRECTION('center_axis',(0.,0.,1.));
#14408=DIRECTION('ref_axis',(1.,0.,0.));
#14409=DIRECTION('center_axis',(0.,0.,1.));
#14410=DIRECTION('ref_axis',(1.,0.,0.));
#14411=DIRECTION('center_axis',(0.,0.,1.));
#14412=DIRECTION('ref_axis',(1.,0.,0.));
#14413=DIRECTION('center_axis',(0.,0.,-1.));
#14414=DIRECTION('ref_axis',(1.,0.,0.));
#14415=DIRECTION('',(0.,0.,-1.));
#14416=DIRECTION('center_axis',(0.,0.,-1.));
#14417=DIRECTION('ref_axis',(1.,0.,0.));
#14418=DIRECTION('center_axis',(0.,0.,1.));
#14419=DIRECTION('ref_axis',(1.,0.,0.));
#14420=DIRECTION('center_axis',(0.,0.,1.));
#14421=DIRECTION('ref_axis',(1.,0.,0.));
#14422=DIRECTION('',(0.,0.,-1.));
#14423=DIRECTION('center_axis',(0.,0.,1.));
#14424=DIRECTION('ref_axis',(1.,0.,0.));
#14425=DIRECTION('center_axis',(0.,0.,1.));
#14426=DIRECTION('ref_axis',(1.,0.,0.));
#14427=DIRECTION('center_axis',(0.,0.,1.));
#14428=DIRECTION('ref_axis',(1.,0.,0.));
#14429=DIRECTION('center_axis',(0.,0.,1.));
#14430=DIRECTION('ref_axis',(1.,0.,0.));
#14431=DIRECTION('center_axis',(0.,0.,-1.));
#14432=DIRECTION('ref_axis',(1.,0.,0.));
#14433=DIRECTION('',(0.,0.,-1.));
#14434=DIRECTION('center_axis',(0.,0.,-1.));
#14435=DIRECTION('ref_axis',(1.,0.,0.));
#14436=DIRECTION('center_axis',(0.,0.,1.));
#14437=DIRECTION('ref_axis',(1.,0.,0.));
#14438=DIRECTION('center_axis',(0.,0.,1.));
#14439=DIRECTION('ref_axis',(1.,0.,0.));
#14440=DIRECTION('',(0.,0.,-1.));
#14441=DIRECTION('center_axis',(0.,0.,1.));
#14442=DIRECTION('ref_axis',(1.,0.,0.));
#14443=DIRECTION('center_axis',(0.,0.,1.));
#14444=DIRECTION('ref_axis',(1.,0.,0.));
#14445=DIRECTION('center_axis',(0.,0.,1.));
#14446=DIRECTION('ref_axis',(1.,0.,0.));
#14447=DIRECTION('center_axis',(0.,0.,1.));
#14448=DIRECTION('ref_axis',(1.,0.,0.));
#14449=DIRECTION('center_axis',(0.,0.,-1.));
#14450=DIRECTION('ref_axis',(1.,0.,0.));
#14451=DIRECTION('',(0.,0.,-1.));
#14452=DIRECTION('center_axis',(0.,0.,-1.));
#14453=DIRECTION('ref_axis',(1.,0.,0.));
#14454=DIRECTION('center_axis',(0.,0.,1.));
#14455=DIRECTION('ref_axis',(1.,0.,0.));
#14456=DIRECTION('center_axis',(0.,0.,1.));
#14457=DIRECTION('ref_axis',(1.,0.,0.));
#14458=DIRECTION('',(0.,0.,-1.));
#14459=DIRECTION('center_axis',(0.,0.,1.));
#14460=DIRECTION('ref_axis',(1.,0.,0.));
#14461=DIRECTION('center_axis',(0.,0.,1.));
#14462=DIRECTION('ref_axis',(1.,0.,0.));
#14463=DIRECTION('center_axis',(0.,0.,1.));
#14464=DIRECTION('ref_axis',(1.,0.,0.));
#14465=DIRECTION('center_axis',(0.,0.,1.));
#14466=DIRECTION('ref_axis',(1.,0.,0.));
#14467=DIRECTION('center_axis',(0.,0.,-1.));
#14468=DIRECTION('ref_axis',(1.,0.,0.));
#14469=DIRECTION('',(0.,0.,-1.));
#14470=DIRECTION('center_axis',(0.,0.,-1.));
#14471=DIRECTION('ref_axis',(1.,0.,0.));
#14472=DIRECTION('center_axis',(0.,0.,1.));
#14473=DIRECTION('ref_axis',(1.,0.,0.));
#14474=DIRECTION('center_axis',(0.,0.,1.));
#14475=DIRECTION('ref_axis',(1.,0.,0.));
#14476=DIRECTION('',(0.,0.,-1.));
#14477=DIRECTION('center_axis',(0.,0.,1.));
#14478=DIRECTION('ref_axis',(1.,0.,0.));
#14479=DIRECTION('center_axis',(0.,0.,1.));
#14480=DIRECTION('ref_axis',(1.,0.,0.));
#14481=DIRECTION('center_axis',(0.,0.,1.));
#14482=DIRECTION('ref_axis',(1.,0.,0.));
#14483=DIRECTION('',(-2.54402354910661E-16,-2.847552354253E-15,0.999999999999991));
#14484=DIRECTION('',(1.,-4.23272528138344E-15,-4.44089209850065E-16));
#14485=DIRECTION('',(1.7343033731662E-15,7.47841505339108E-16,1.));
#14486=DIRECTION('',(1.,-6.66133814775093E-16,8.88178419700126E-16));
#14487=DIRECTION('',(0.,0.,1.));
#14488=DIRECTION('',(1.,0.,0.));
#14489=DIRECTION('',(6.12321300055386E-17,0.,1.));
#14490=DIRECTION('',(0.343256725136699,0.939241619951133,-2.10183404188458E-17));
#14491=DIRECTION('',(0.14951320581827,-0.0546413322234425,0.987248766065975));
#14492=DIRECTION('',(-0.343256725136496,-0.939241619951207,1.47176694034531E-17));
#14493=DIRECTION('',(-0.116422124791015,0.0425478135089602,0.9922880491192));
#14494=DIRECTION('',(-0.343256725136465,-0.939241619951215,-3.68326509538358E-12));
#14495=DIRECTION('',(-4.08105973128031E-16,-2.12149493016832E-15,1.));
#14496=DIRECTION('',(1.,3.33066907387546E-15,-5.05735738355638E-16));
#14497=DIRECTION('',(0.,0.,1.));
#14498=DIRECTION('',(1.,0.,0.));
#14499=DIRECTION('',(-9.26921474865211E-17,5.30128611575975E-17,1.00000000000001));
#14500=DIRECTION('',(0.999999999999996,1.38777878078144E-16,-2.1094237467878E-15));
#14501=DIRECTION('',(-6.5581033821017E-16,-3.27520922260954E-17,0.999999999999995));
#14502=DIRECTION('',(1.,4.44089209850064E-15,5.27355936696946E-16));
#14503=DIRECTION('',(-3.08150273840063E-16,-7.54954059150216E-16,-0.999999999999997));
#14504=DIRECTION('',(-0.999999973005027,0.000232357351832496,1.33251977889377E-15));
#14505=DIRECTION('',(2.69872874484979E-16,7.54954059150219E-16,1.));
#14506=DIRECTION('',(1.,-1.60982338570648E-15,-1.58206781009085E-15));
#14507=DIRECTION('',(-0.603821563782184,0.220673581903873,0.76596520114257));
#14508=DIRECTION('',(0.343256725136465,0.939241619951215,3.68327337982971E-12));
#14509=DIRECTION('',(0.,0.,1.));
#14510=DIRECTION('',(1.,0.,0.));
#14511=CARTESIAN_POINT('',(0.,0.,0.));
#14512=CARTESIAN_POINT('',(0.,0.,0.));
#14513=CARTESIAN_POINT('',(0.,0.,0.));
#14514=CARTESIAN_POINT('Origin',(12.5000001862645,-7.00000010430813,0.));
#14515=CARTESIAN_POINT('',(12.5000001862645,-7.00000010430813,34.));
#14516=CARTESIAN_POINT('',(12.5000001862645,0.,34.));
#14517=CARTESIAN_POINT('',(12.5000001862645,6.62499994784594,34.));
#14518=CARTESIAN_POINT('',(12.5000001862645,-7.00000010430813,37.));
#14519=CARTESIAN_POINT('',(12.5000001862645,-7.,0.));
#14520=CARTESIAN_POINT('',(12.5000001862645,0.,37.));
#14521=CARTESIAN_POINT('',(12.5000001862645,0.,37.));
#14522=CARTESIAN_POINT('',(12.5000001862645,0.,0.));
#14523=CARTESIAN_POINT('Origin',(8.00000011920929,0.,0.));
#14524=CARTESIAN_POINT('',(8.00000011920929,0.,34.));
#14525=CARTESIAN_POINT('',(8.00000011920929,-7.00000010430813,34.));
#14526=CARTESIAN_POINT('',(8.00000011920929,10.125,34.));
#14527=CARTESIAN_POINT('',(8.00000011920929,0.,37.));
#14528=CARTESIAN_POINT('',(8.00000011920929,0.,0.));
#14529=CARTESIAN_POINT('',(8.00000011920929,-7.00000010430813,37.));
#14530=CARTESIAN_POINT('',(8.00000011920929,0.,37.));
#14531=CARTESIAN_POINT('',(8.00000011920929,-7.,0.));
#14532=CARTESIAN_POINT('Origin',(10.2500001527369,-3.50000005215406,37.));
#14533=CARTESIAN_POINT('',(15.3750000763685,0.,37.));
#14534=CARTESIAN_POINT('',(3.87500007636845,-7.,37.));
#14535=CARTESIAN_POINT('Origin',(8.00000011920929,47.5,0.));
#14536=CARTESIAN_POINT('',(8.00000011920929,47.5,34.));
#14537=CARTESIAN_POINT('',(8.00000011920929,40.500000603497,34.));
#14538=CARTESIAN_POINT('',(8.00000011920929,33.875,34.));
#14539=CARTESIAN_POINT('',(8.00000011920929,47.5,37.));
#14540=CARTESIAN_POINT('',(8.00000011920929,47.5,0.));
#14541=CARTESIAN_POINT('',(8.00000011920929,40.500000603497,37.));
#14542=CARTESIAN_POINT('',(8.00000011920929,40.500000603497,37.));
#14543=CARTESIAN_POINT('',(8.00000011920929,40.5,0.));
#14544=CARTESIAN_POINT('Origin',(12.5000001862645,40.500000603497,0.));
#14545=CARTESIAN_POINT('',(12.5000001862645,40.500000603497,34.));
#14546=CARTESIAN_POINT('',(12.5000001862645,47.5000007078052,34.));
#14547=CARTESIAN_POINT('',(12.5000001862645,30.3750003017485,34.));
#14548=CARTESIAN_POINT('',(12.5000001862645,40.500000603497,37.));
#14549=CARTESIAN_POINT('',(12.5000001862645,40.5,0.));
#14550=CARTESIAN_POINT('',(12.5000001862645,47.5000007078052,37.));
#14551=CARTESIAN_POINT('',(12.5000001862645,40.500000603497,37.));
#14552=CARTESIAN_POINT('',(12.5000001862645,47.5,0.));
#14553=CARTESIAN_POINT('Origin',(10.2500001527369,44.0000006556511,37.));
#14554=CARTESIAN_POINT('',(5.12500007636845,40.5,37.));
#14555=CARTESIAN_POINT('',(16.6250000763685,47.5,37.));
#14556=CARTESIAN_POINT('Origin',(-2.5,-7.,0.));
#14557=CARTESIAN_POINT('',(20.5,-7.,34.));
#14558=CARTESIAN_POINT('',(3.875,-7.,34.));
#14559=CARTESIAN_POINT('',(20.5,-7.,48.));
#14560=CARTESIAN_POINT('',(20.5,-7.,0.));
#14561=CARTESIAN_POINT('',(0.,-7.,48.));
#14562=CARTESIAN_POINT('',(-2.5,-7.,48.));
#14563=CARTESIAN_POINT('',(0.,-7.,34.));
#14564=CARTESIAN_POINT('',(0.,-7.,0.));
#14565=CARTESIAN_POINT('',(3.875,-7.,34.));
#14566=CARTESIAN_POINT('Origin',(10.25,20.25,34.));
#14567=CARTESIAN_POINT('',(20.5,0.,34.));
#14568=CARTESIAN_POINT('',(15.375,0.,34.));
#14569=CARTESIAN_POINT('',(20.5,40.5,34.));
#14570=CARTESIAN_POINT('',(20.5,30.375,34.));
#14571=CARTESIAN_POINT('',(5.125,40.5,34.));
#14572=CARTESIAN_POINT('',(20.5,47.5,34.));
#14573=CARTESIAN_POINT('',(16.625,47.5,34.));
#14574=CARTESIAN_POINT('',(23.,45.,34.));
#14575=CARTESIAN_POINT('Origin',(20.5,45.,34.));
#14576=CARTESIAN_POINT('',(23.,-4.5,34.));
#14577=CARTESIAN_POINT('',(23.,6.625,34.));
#14578=CARTESIAN_POINT('Origin',(20.5,-4.5,34.));
#14579=CARTESIAN_POINT('Origin',(23.,47.5,0.));
#14580=CARTESIAN_POINT('',(0.,47.5,34.));
#14581=CARTESIAN_POINT('',(16.625,47.5,34.));
#14582=CARTESIAN_POINT('',(0.,47.5,48.));
#14583=CARTESIAN_POINT('',(0.,47.5,0.));
#14584=CARTESIAN_POINT('',(20.5,47.5,48.));
#14585=CARTESIAN_POINT('',(23.,47.5,48.));
#14586=CARTESIAN_POINT('',(20.5,47.5,0.));
#14587=CARTESIAN_POINT('Origin',(20.5,-4.5,0.));
#14588=CARTESIAN_POINT('',(23.,-4.5,48.));
#14589=CARTESIAN_POINT('Origin',(20.5,-4.5,48.));
#14590=CARTESIAN_POINT('',(23.,-4.5,0.));
#14591=CARTESIAN_POINT('Origin',(10.25,20.25,34.));
#14592=CARTESIAN_POINT('',(-2.5,-4.5,34.));
#14593=CARTESIAN_POINT('Origin',(0.,-4.5,34.));
#14594=CARTESIAN_POINT('',(-2.5,45.,34.));
#14595=CARTESIAN_POINT('',(-2.5,33.875,34.));
#14596=CARTESIAN_POINT('Origin',(0.,45.,34.));
#14597=CARTESIAN_POINT('',(0.,40.5,34.));
#14598=CARTESIAN_POINT('',(5.125,40.5,34.));
#14599=CARTESIAN_POINT('',(0.,0.,34.));
#14600=CARTESIAN_POINT('',(0.,10.125,34.));
#14601=CARTESIAN_POINT('',(15.375,0.,34.));
#14602=CARTESIAN_POINT('Origin',(0.,-4.5,0.));
#14603=CARTESIAN_POINT('',(-2.5,-4.49999999999999,48.));
#14604=CARTESIAN_POINT('Origin',(0.,-4.5,48.));
#14605=CARTESIAN_POINT('',(-2.5,-4.5,0.));
#14606=CARTESIAN_POINT('Origin',(20.5,45.,0.));
#14607=CARTESIAN_POINT('',(23.,45.,48.));
#14608=CARTESIAN_POINT('Origin',(20.5,45.,48.));
#14609=CARTESIAN_POINT('',(23.,45.,0.));
#14610=CARTESIAN_POINT('Origin',(0.,45.,0.));
#14611=CARTESIAN_POINT('',(-2.5,45.,48.));
#14612=CARTESIAN_POINT('Origin',(0.,45.,48.));
#14613=CARTESIAN_POINT('',(-2.5,45.,0.));
#14614=CARTESIAN_POINT('Origin',(-2.5,47.5,0.));
#14615=CARTESIAN_POINT('',(-2.5,47.5,48.));
#14616=CARTESIAN_POINT('Origin',(0.,40.5,0.));
#14617=CARTESIAN_POINT('',(20.5,40.5,44.0000006556511));
#14618=CARTESIAN_POINT('',(20.5,40.5,0.));
#14619=CARTESIAN_POINT('',(0.,40.5,44.0000006556511));
#14620=CARTESIAN_POINT('',(10.25,40.5,44.0000006556511));
#14621=CARTESIAN_POINT('',(0.,40.5,0.));
#14622=CARTESIAN_POINT('Origin',(20.5,40.5,0.));
#14623=CARTESIAN_POINT('',(20.5,0.,44.0000006556511));
#14624=CARTESIAN_POINT('',(20.5,0.,0.));
#14625=CARTESIAN_POINT('',(20.5,20.25,44.0000006556511));
#14626=CARTESIAN_POINT('Origin',(23.,-7.,0.));
#14627=CARTESIAN_POINT('',(23.,-7.,48.));
#14628=CARTESIAN_POINT('Origin',(20.5,0.,0.));
#14629=CARTESIAN_POINT('',(0.,0.,44.0000006556511));
#14630=CARTESIAN_POINT('',(0.,0.,0.));
#14631=CARTESIAN_POINT('',(20.5,0.,44.0000006556511));
#14632=CARTESIAN_POINT('Ctrl Pts',(15.750000000001,10.55,48.));
#14633=CARTESIAN_POINT('Ctrl Pts',(15.750000000001,9.72720560793906,48.));
#14634=CARTESIAN_POINT('Ctrl Pts',(15.3752532804694,8.08417843990364,48.));
#14635=CARTESIAN_POINT('Ctrl Pts',(13.7948914977414,6.10034134248491,48.));
#14636=CARTESIAN_POINT('Ctrl Pts',(11.5207971025701,5.01081185724047,48.));
#14637=CARTESIAN_POINT('Ctrl Pts',(8.1285370070997,4.9907492614834,48.));
#14638=CARTESIAN_POINT('Ctrl Pts',(5.53660279398431,7.0536023203576,48.));
#14639=CARTESIAN_POINT('Ctrl Pts',(4.56634261898034,10.2517536322263,48.));
#14640=CARTESIAN_POINT('Ctrl Pts',(4.94402509533652,12.7955192100925,48.));
#14641=CARTESIAN_POINT('Ctrl Pts',(6.70540646471143,14.997617868827,48.));
#14642=CARTESIAN_POINT('Ctrl Pts',(8.98321642576447,16.0952081947059,48.));
#14643=CARTESIAN_POINT('Ctrl Pts',(11.5160452460936,16.0951419141146,48.));
#14644=CARTESIAN_POINT('Ctrl Pts',(13.7964656373741,14.9975095533469,48.));
#14645=CARTESIAN_POINT('Ctrl Pts',(15.3740193452174,13.0173928333756,48.));
#14646=CARTESIAN_POINT('Ctrl Pts',(15.7500000000004,11.372794392061,48.));
#14647=CARTESIAN_POINT('Ctrl Pts',(15.7500000000005,10.55,48.));
#14648=CARTESIAN_POINT('Ctrl Pts',(15.6510758959999,10.55,48.0000000000001));
#14649=CARTESIAN_POINT('Ctrl Pts',(15.6510758959999,9.74167051260331,48.0000000000001));
#14650=CARTESIAN_POINT('Ctrl Pts',(15.2832658384485,8.12825978220392,48.));
#14651=CARTESIAN_POINT('Ctrl Pts',(13.7315756367866,6.17994702742555,48.));
#14652=CARTESIAN_POINT('Ctrl Pts',(11.4979556752745,5.10987643978177,48.));
#14653=CARTESIAN_POINT('Ctrl Pts',(8.16650094681468,5.09025588956548,48.0000000000001));
#14654=CARTESIAN_POINT('Ctrl Pts',(5.62086715907355,7.1160242036676,48.));
#14655=CARTESIAN_POINT('Ctrl Pts',(4.66800171826704,10.2573182829208,48.));
#14656=CARTESIAN_POINT('Ctrl Pts',(5.03882597631234,12.755407130396,48.));
#14657=CARTESIAN_POINT('Ctrl Pts',(6.76869342145174,14.9179714790413,48.));
#14658=CARTESIAN_POINT('Ctrl Pts',(9.0058830713564,15.9961356519322,48.));
#14659=CARTESIAN_POINT('Ctrl Pts',(11.4931688523436,15.9958886723233,48.));
#14660=CARTESIAN_POINT('Ctrl Pts',(13.7331253172905,14.917981958079,48.));
#14661=CARTESIAN_POINT('Ctrl Pts',(15.2820280492007,12.9732602186988,48.));
#14662=CARTESIAN_POINT('Ctrl Pts',(15.6510758959994,11.3583294873967,48.));
#14663=CARTESIAN_POINT('Ctrl Pts',(15.6510758959994,10.55,48.));
#14664=CARTESIAN_POINT('Ctrl Pts',(15.3923003754962,10.55,47.9436260492701));
#14665=CARTESIAN_POINT('Ctrl Pts',(15.3923003754962,9.78073822233648,47.9436260492701));
#14666=CARTESIAN_POINT('Ctrl Pts',(15.0419133799981,8.24456336967255,47.9436260492701));
#14667=CARTESIAN_POINT('Ctrl Pts',(13.5643168674303,6.38975763402554,47.94362604927));
#14668=CARTESIAN_POINT('Ctrl Pts',(11.4381481943789,5.37109580803317,47.94362604927));
#14669=CARTESIAN_POINT('Ctrl Pts',(8.2665213083394,5.35233287665674,47.94362604927));
#14670=CARTESIAN_POINT('Ctrl Pts',(5.84317703504285,7.28102446775963,47.9436260492701));
#14671=CARTESIAN_POINT('Ctrl Pts',(4.93602256262356,10.271137807771,47.9436260492701));
#14672=CARTESIAN_POINT('Ctrl Pts',(5.28914608785536,12.6494614953752,47.94362604927));
#14673=CARTESIAN_POINT('Ctrl Pts',(6.93596320496996,14.708339195902,47.94362604927));
#14674=CARTESIAN_POINT('Ctrl Pts',(9.06561079406436,15.7345263807804,47.94362604927));
#14675=CARTESIAN_POINT('Ctrl Pts',(11.4337129939106,15.7344759084974,47.94362604927));
#14676=CARTESIAN_POINT('Ctrl Pts',(13.5657883872561,14.7082305387944,47.94362604927));
#14677=CARTESIAN_POINT('Ctrl Pts',(15.0407613418517,12.8569071683888,47.94362604927));
#14678=CARTESIAN_POINT('Ctrl Pts',(15.3923003754958,11.3192617776636,47.94362604927));
#14679=CARTESIAN_POINT('Ctrl Pts',(15.3923003754958,10.55,47.94362604927));
#14680=CARTESIAN_POINT('Ctrl Pts',(15.0281467596525,10.5500000000001,47.6492386592192));
#14681=CARTESIAN_POINT('Ctrl Pts',(15.0281467596525,9.8351813731953,47.6492386592192));
#14682=CARTESIAN_POINT('Ctrl Pts',(14.7025915567184,8.40779748592258,47.6492386592192));
#14683=CARTESIAN_POINT('Ctrl Pts',(13.3296554238184,6.68432515607358,47.6492386592192));
#14684=CARTESIAN_POINT('Ctrl Pts',(11.3540105974231,5.73778685594868,47.6492386592191));
#14685=CARTESIAN_POINT('Ctrl Pts',(8.40696326435755,5.72036049408644,47.6492386592192));
#14686=CARTESIAN_POINT('Ctrl Pts',(6.15519800690577,7.51247294245039,47.6492386592192));
#14687=CARTESIAN_POINT('Ctrl Pts',(5.31227848349127,10.2909049305998,47.6492386592192));
#14688=CARTESIAN_POINT('Ctrl Pts',(5.64038914378253,12.5008142376471,47.6492386592191));
#14689=CARTESIAN_POINT('Ctrl Pts',(7.17060253401098,14.4138989474922,47.6492386592192));
#14690=CARTESIAN_POINT('Ctrl Pts',(9.1494722573012,15.3674469150657,47.6492386592191));
#14691=CARTESIAN_POINT('Ctrl Pts',(11.3498778087994,15.3673823944807,47.6492386592191));
#14692=CARTESIAN_POINT('Ctrl Pts',(13.3310231108675,14.4138093056212,47.6492386592191));
#14693=CARTESIAN_POINT('Ctrl Pts',(14.7015185768755,12.6935666860914,47.6492386592191));
#14694=CARTESIAN_POINT('Ctrl Pts',(15.0281467596523,11.2648186268048,47.6492386592192));
#14695=CARTESIAN_POINT('Ctrl Pts',(15.0281467596523,10.55,47.6492386592192));
#14696=CARTESIAN_POINT('Ctrl Pts',(14.7940396113778,10.5500000000001,47.2915073083402));
#14697=CARTESIAN_POINT('Ctrl Pts',(14.7940396113777,9.87018503766087,47.2915073083402));
#14698=CARTESIAN_POINT('Ctrl Pts',(14.4844463707058,8.51274008067943,47.2915073083402));
#14699=CARTESIAN_POINT('Ctrl Pts',(13.1787919280576,6.87370092324979,47.2915073083401));
#14700=CARTESIAN_POINT('Ctrl Pts',(11.299920053258,5.97353074464348,47.2915073083401));
#14701=CARTESIAN_POINT('Ctrl Pts',(8.4972524903823,5.95696284907918,47.2915073083402));
#14702=CARTESIAN_POINT('Ctrl Pts',(6.35579507577226,7.66127109521915,47.2915073083401));
#14703=CARTESIAN_POINT('Ctrl Pts',(5.5541714777809,10.3036108787644,47.2915073083402));
#14704=CARTESIAN_POINT('Ctrl Pts',(5.86620249458568,12.4052491788098,47.2915073083401));
#14705=CARTESIAN_POINT('Ctrl Pts',(7.32145204118974,14.2246057530715,47.2915073083401));
#14706=CARTESIAN_POINT('Ctrl Pts',(9.20338627594739,15.1314523469604,47.2915073083401));
#14707=CARTESIAN_POINT('Ctrl Pts',(11.2959828476953,15.1313805597401,47.2915073083401));
#14708=CARTESIAN_POINT('Ctrl Pts',(13.180092825682,14.224527202056,47.2915073083401));
#14709=CARTESIAN_POINT('Ctrl Pts',(14.483424468601,12.5885559339672,47.2915073083402));
#14710=CARTESIAN_POINT('Ctrl Pts',(14.7940396113777,11.2298149623392,47.2915073083401));
#14711=CARTESIAN_POINT('Ctrl Pts',(14.7940396113777,10.5499999999999,47.2915073083401));
#14712=CARTESIAN_POINT('Ctrl Pts',(14.75,10.5500000000001,47.098924104001));
#14713=CARTESIAN_POINT('Ctrl Pts',(14.75,9.8770148221975,47.098924104001));
#14714=CARTESIAN_POINT('Ctrl Pts',(14.4432654449301,8.5326791961139,47.098924104001));
#14715=CARTESIAN_POINT('Ctrl Pts',(13.1500867921319,6.90963878335433,47.098924104001));
#14716=CARTESIAN_POINT('Ctrl Pts',(11.2897334014464,6.01829216800154,47.098924104001));
#14717=CARTESIAN_POINT('Ctrl Pts',(8.51437909423064,6.00182621508859,47.098924104001));
#14718=CARTESIAN_POINT('Ctrl Pts',(6.39390617821799,7.68960366195097,47.098924104001));
#14719=CARTESIAN_POINT('Ctrl Pts',(5.60009254114068,10.3058541624979,47.098924104001));
#14720=CARTESIAN_POINT('Ctrl Pts',(5.9091464767292,12.3870691089567,47.098924104001));
#14721=CARTESIAN_POINT('Ctrl Pts',(7.35017181376695,14.1887402002674,47.098924104001));
#14722=CARTESIAN_POINT('Ctrl Pts',(9.21361496343313,15.0865701924811,47.098924104001));
#14723=CARTESIAN_POINT('Ctrl Pts',(11.285921316198,15.0866304391206,47.098924104001));
#14724=CARTESIAN_POINT('Ctrl Pts',(13.1513722991924,14.1885780393331,47.098924104001));
#14725=CARTESIAN_POINT('Ctrl Pts',(14.442272255159,12.5686208735571,47.098924104001));
#14726=CARTESIAN_POINT('Ctrl Pts',(14.75,11.2229851778025,47.098924104001));
#14727=CARTESIAN_POINT('Ctrl Pts',(14.75,10.5499999999999,47.098924104001));
#14728=CARTESIAN_POINT('Ctrl Pts',(14.75,10.5500000000001,47.));
#14729=CARTESIAN_POINT('Ctrl Pts',(14.75,9.87680458831385,47.));
#14730=CARTESIAN_POINT('Ctrl Pts',(14.4433890476563,8.53250963264852,47.));
#14731=CARTESIAN_POINT('Ctrl Pts',(13.1503657708791,6.90937018930593,47.));
#14732=CARTESIAN_POINT('Ctrl Pts',(11.2897430839209,6.01793697410591,47.));
#14733=CARTESIAN_POINT('Ctrl Pts',(8.51425755126355,6.00152212303215,47.));
#14734=CARTESIAN_POINT('Ctrl Pts',(6.39358410416935,7.6893109893837,47.));
#14735=CARTESIAN_POINT('Ctrl Pts',(5.59973487007523,10.3059802445489,47.));
#14736=CARTESIAN_POINT('Ctrl Pts',(5.9087478052756,12.3872429900756,47.));
#14737=CARTESIAN_POINT('Ctrl Pts',(7.34987801658229,14.1889600744947,47.));
#14738=CARTESIAN_POINT('Ctrl Pts',(9.2135407119892,15.0869885229411,47.));
#14739=CARTESIAN_POINT('Ctrl Pts',(11.2858552013493,15.0869342933664,47.));
#14740=CARTESIAN_POINT('Ctrl Pts',(13.151653703306,14.1888714527383,47.));
#14741=CARTESIAN_POINT('Ctrl Pts',(14.4423794642685,12.5687759545799,47.));
#14742=CARTESIAN_POINT('Ctrl Pts',(14.75,11.2231954116862,47.));
#14743=CARTESIAN_POINT('Ctrl Pts',(14.75,10.5499999999999,47.));
#14744=CARTESIAN_POINT('',(15.7500000000005,10.55,48.));
#14745=CARTESIAN_POINT('',(14.75,10.5500000000001,47.));
#14746=CARTESIAN_POINT('Ctrl Pts',(15.7500000000007,10.55,48.));
#14747=CARTESIAN_POINT('Ctrl Pts',(15.6510758959996,10.55,48.));
#14748=CARTESIAN_POINT('Ctrl Pts',(15.5216881357479,10.55,47.971813024635));
#14749=CARTESIAN_POINT('Ctrl Pts',(15.3841635324534,10.55,47.8988420589424));
#14750=CARTESIAN_POINT('Ctrl Pts',(15.2466389291587,10.5500000000001,47.8258710932498));
#14751=CARTESIAN_POINT('Ctrl Pts',(15.1009774828213,10.5500000000001,47.7081161372294));
#14752=CARTESIAN_POINT('Ctrl Pts',(14.9899950945022,10.5500000000001,47.5734694583216));
#14753=CARTESIAN_POINT('Ctrl Pts',(14.9345039003426,10.5500000000001,47.5061461188676));
#14754=CARTESIAN_POINT('Ctrl Pts',(14.8876824706877,10.5500000000001,47.4345998486918));
#14755=CARTESIAN_POINT('Ctrl Pts',(14.8515748940979,10.5500000000001,47.3655042014258));
#14756=CARTESIAN_POINT('Ctrl Pts',(14.7793597409185,10.5500000000001,47.2273129068938));
#14757=CARTESIAN_POINT('Ctrl Pts',(14.75,10.5500000000001,47.098924104001));
#14758=CARTESIAN_POINT('Ctrl Pts',(14.75,10.5500000000001,47.));
#14759=CARTESIAN_POINT('Ctrl Pts',(14.75,10.5500000000001,47.));
#14760=CARTESIAN_POINT('Ctrl Pts',(14.75,9.87680458831385,47.));
#14761=CARTESIAN_POINT('Ctrl Pts',(14.4433890476563,8.53250963264852,47.));
#14762=CARTESIAN_POINT('Ctrl Pts',(13.1503657708791,6.90937018930593,47.));
#14763=CARTESIAN_POINT('Ctrl Pts',(11.2897430839209,6.01793697410591,47.));
#14764=CARTESIAN_POINT('Ctrl Pts',(8.51425755126355,6.00152212303215,47.));
#14765=CARTESIAN_POINT('Ctrl Pts',(6.39358410416935,7.6893109893837,47.));
#14766=CARTESIAN_POINT('Ctrl Pts',(5.59973487007523,10.3059802445489,47.));
#14767=CARTESIAN_POINT('Ctrl Pts',(5.9087478052756,12.3872429900756,47.));
#14768=CARTESIAN_POINT('Ctrl Pts',(7.34987801658229,14.1889600744947,47.));
#14769=CARTESIAN_POINT('Ctrl Pts',(9.2135407119892,15.0869885229411,47.));
#14770=CARTESIAN_POINT('Ctrl Pts',(11.2858552013493,15.0869342933664,47.));
#14771=CARTESIAN_POINT('Ctrl Pts',(13.151653703306,14.1888714527383,47.));
#14772=CARTESIAN_POINT('Ctrl Pts',(14.4423794642685,12.5687759545799,47.));
#14773=CARTESIAN_POINT('Ctrl Pts',(14.75,11.2231954116862,47.));
#14774=CARTESIAN_POINT('Ctrl Pts',(14.75,10.5499999999999,47.));
#14775=CARTESIAN_POINT('Ctrl Pts',(15.7500000000005,10.55,48.));
#14776=CARTESIAN_POINT('Ctrl Pts',(15.7500000000004,11.372794392061,48.));
#14777=CARTESIAN_POINT('Ctrl Pts',(15.3740193452174,13.0173928333756,48.));
#14778=CARTESIAN_POINT('Ctrl Pts',(13.7964656373741,14.9975095533469,48.));
#14779=CARTESIAN_POINT('Ctrl Pts',(11.5160452460936,16.0951419141146,48.));
#14780=CARTESIAN_POINT('Ctrl Pts',(8.98321642576447,16.0952081947059,48.));
#14781=CARTESIAN_POINT('Ctrl Pts',(6.70540646471143,14.997617868827,48.));
#14782=CARTESIAN_POINT('Ctrl Pts',(4.94402509533652,12.7955192100925,48.));
#14783=CARTESIAN_POINT('Ctrl Pts',(4.56634261898034,10.2517536322263,48.));
#14784=CARTESIAN_POINT('Ctrl Pts',(5.53660279398431,7.0536023203576,48.));
#14785=CARTESIAN_POINT('Ctrl Pts',(8.1285370070997,4.9907492614834,48.));
#14786=CARTESIAN_POINT('Ctrl Pts',(11.5207971025701,5.01081185724047,48.));
#14787=CARTESIAN_POINT('Ctrl Pts',(13.7948914977414,6.10034134248491,48.));
#14788=CARTESIAN_POINT('Ctrl Pts',(15.3752532804694,8.08417843990364,48.));
#14789=CARTESIAN_POINT('Ctrl Pts',(15.750000000001,9.72720560793906,48.));
#14790=CARTESIAN_POINT('Ctrl Pts',(15.750000000001,10.55,48.));
#14791=CARTESIAN_POINT('Origin',(10.25,10.55,48.));
#14792=CARTESIAN_POINT('',(14.75,10.55,44.0000006556511));
#14793=CARTESIAN_POINT('',(14.75,10.55,48.));
#14794=CARTESIAN_POINT('Origin',(10.25,10.55,44.0000006556511));
#14795=CARTESIAN_POINT('Origin',(10.25,20.25,48.));
#14796=CARTESIAN_POINT('Origin',(0.,0.,0.));
#14797=CARTESIAN_POINT('',(0.,0.,44.0000006556511));
#14798=CARTESIAN_POINT('Origin',(20.5,0.,44.0000006556511));
#14799=CARTESIAN_POINT('',(0.,-2.22044604925031E-16,0.));
#14800=CARTESIAN_POINT('',(0.,0.,0.));
#14801=CARTESIAN_POINT('Origin',(0.,0.,50.5));
#14802=CARTESIAN_POINT('',(3.50000005215406,4.28626386088604E-16,50.5));
#14803=CARTESIAN_POINT('Origin',(0.,0.,50.5));
#14804=CARTESIAN_POINT('',(3.50000005215406,4.28626386088604E-16,50.));
#14805=CARTESIAN_POINT('',(3.50000005215406,-4.28626386088604E-16,50.5));
#14806=CARTESIAN_POINT('Origin',(0.,0.,50.));
#14807=CARTESIAN_POINT('Origin',(0.,0.,50.));
#14808=CARTESIAN_POINT('Origin',(-7.3,0.0377558123502,48.));
#14809=CARTESIAN_POINT('',(-6.3,0.0377558123501998,50.5));
#14810=CARTESIAN_POINT('Origin',(-7.3,0.0377558123502,50.5));
#14811=CARTESIAN_POINT('',(-6.3,0.0377558123502002,48.));
#14812=CARTESIAN_POINT('',(-6.3,0.0377558123502002,48.));
#14813=CARTESIAN_POINT('Origin',(-7.3,0.0377558123502,48.));
#14814=CARTESIAN_POINT('Origin',(7.29999983683228,-1.62092557972222E-15,
48.));
#14815=CARTESIAN_POINT('',(8.29999983683228,-1.11022302462516E-15,50.5));
#14816=CARTESIAN_POINT('Origin',(7.29999983683228,-1.62092557972222E-15,
50.5));
#14817=CARTESIAN_POINT('',(8.29999983683228,-1.49846089980748E-15,48.));
#14818=CARTESIAN_POINT('',(8.29999983683228,-1.49846089980748E-15,48.));
#14819=CARTESIAN_POINT('Origin',(7.29999983683228,-1.62092557972222E-15,
48.));
#14820=CARTESIAN_POINT('Origin',(-8.93992143395286E-16,-7.29999983683228,
48.));
#14821=CARTESIAN_POINT('',(0.999999999999999,-7.29999983683229,50.5));
#14822=CARTESIAN_POINT('Origin',(-8.93992143395286E-16,-7.29999983683228,
50.5));
#14823=CARTESIAN_POINT('',(0.999999999999999,-7.29999983683228,48.));
#14824=CARTESIAN_POINT('',(0.999999999999999,-7.29999983683228,48.));
#14825=CARTESIAN_POINT('Origin',(-8.93992143395286E-16,-7.29999983683228,
48.));
#14826=CARTESIAN_POINT('Origin',(4.69386544105221E-8,7.59999983012677,48.));
#14827=CARTESIAN_POINT('',(1.00000004693865,7.59999983012677,50.5));
#14828=CARTESIAN_POINT('Origin',(4.69386544105221E-8,7.59999983012677,50.5));
#14829=CARTESIAN_POINT('',(1.00000004693865,7.59999983012677,48.));
#14830=CARTESIAN_POINT('',(1.00000004693865,7.59999983012677,48.));
#14831=CARTESIAN_POINT('Origin',(4.69386544105221E-8,7.59999983012677,48.));
#14832=CARTESIAN_POINT('Origin',(0.,0.,50.5));
#14833=CARTESIAN_POINT('',(10.5,1.11022302462516E-15,50.5));
#14834=CARTESIAN_POINT('Origin',(0.,0.,50.5));
#14835=CARTESIAN_POINT('Origin',(0.,0.,48.));
#14836=CARTESIAN_POINT('',(10.5,1.28587913910472E-15,53.));
#14837=CARTESIAN_POINT('Origin',(0.,0.,53.));
#14838=CARTESIAN_POINT('',(10.5,1.28587913910472E-15,48.));
#14839=CARTESIAN_POINT('Origin',(0.,0.,48.));
#14840=CARTESIAN_POINT('',(15.500000230968,1.89820256696382E-15,53.));
#14841=CARTESIAN_POINT('Origin',(0.,0.,53.));
#14842=CARTESIAN_POINT('',(15.500000230968,1.89820256696382E-15,48.));
#14843=CARTESIAN_POINT('',(15.500000230968,1.89820256696382E-15,48.));
#14844=CARTESIAN_POINT('Origin',(0.,0.,48.));
#14845=CARTESIAN_POINT('Origin',(0.,0.,53.));
#14846=CARTESIAN_POINT('Origin',(0.,0.,48.));
#14847=CARTESIAN_POINT('',(0.,0.,0.));
#14848=CARTESIAN_POINT('Origin',(59.4845518777045,-2.5,4.31509869830744));
#14849=CARTESIAN_POINT('',(72.9571792217874,-2.5,16.5));
#14850=CARTESIAN_POINT('',(72.9571792217874,-2.5,-22.7194712039712));
#14851=CARTESIAN_POINT('',(72.9571792217874,-2.5,0.));
#14852=CARTESIAN_POINT('',(26.7133251156471,-2.5,16.5));
#14853=CARTESIAN_POINT('',(29.7422759388522,-2.5,16.5));
#14854=CARTESIAN_POINT('',(19.7566086977486,-2.5,22.3999999999944));
#14855=CARTESIAN_POINT('Origin',(59.4845518777045,2.5,4.31509869830744));
#14856=CARTESIAN_POINT('',(72.9571792217874,2.5,-22.7194712039451));
#14857=CARTESIAN_POINT('',(72.9571792217874,2.5,16.5));
#14858=CARTESIAN_POINT('',(72.9571792217874,2.5,0.));
#14859=CARTESIAN_POINT('',(26.7133251156564,2.5,16.5));
#14860=CARTESIAN_POINT('',(82.0133251156403,2.5,-30.3999999999998));
#14861=CARTESIAN_POINT('',(29.7422759388522,2.5,16.5));
#14862=CARTESIAN_POINT('Origin',(82.0133251156403,-2.5,-30.3999999999998));
#14863=CARTESIAN_POINT('Origin',(0.,0.,39.1556048449303));
#14864=CARTESIAN_POINT('',(26.7133251156564,-1.25,16.5));
#14865=CARTESIAN_POINT('Origin',(0.,0.,20.));
#14866=CARTESIAN_POINT('',(-75.,-9.18485099360515E-15,20.));
#14867=CARTESIAN_POINT('Origin',(0.,0.,20.));
#14868=CARTESIAN_POINT('',(-9.,2.20436423846524E-15,20.));
#14869=CARTESIAN_POINT('Origin',(0.,0.,20.));
#14870=CARTESIAN_POINT('Origin',(0.,0.,0.));
#14871=CARTESIAN_POINT('',(-8.00000011920929,72.5603197215438,-28.));
#14872=CARTESIAN_POINT('',(-8.00000011920929,72.5603197215438,-7.00000010430813));
#14873=CARTESIAN_POINT('',(-8.00000011920929,72.5603197215438,0.));
#14874=CARTESIAN_POINT('',(7.50000011175871,72.613703929242,-7.00000010430813));
#14875=CARTESIAN_POINT('Origin',(0.,0.,-7.00000010430813));
#14876=CARTESIAN_POINT('',(7.50000011175871,72.613703929242,-28.));
#14877=CARTESIAN_POINT('',(7.50000011175871,72.613703929242,0.));
#14878=CARTESIAN_POINT('',(-73.,-8.93992163377568E-15,-28.));
#14879=CARTESIAN_POINT('Origin',(0.,0.,-28.));
#14880=CARTESIAN_POINT('',(-73.,-8.93992163377568E-15,-22.755787560121));
#14881=CARTESIAN_POINT('',(-73.,-8.93992163377568E-15,0.));
#14882=CARTESIAN_POINT('',(-72.9571792217874,-2.5,-22.7194712039485));
#14883=CARTESIAN_POINT('Origin',(0.,0.,39.155604844894));
#14884=CARTESIAN_POINT('',(-72.9571792217874,-2.5,16.5));
#14885=CARTESIAN_POINT('',(-72.9571792217874,-2.5,0.));
#14886=CARTESIAN_POINT('Origin',(0.,0.,16.5));
#14887=CARTESIAN_POINT('',(-72.9571792217874,2.5,16.5));
#14888=CARTESIAN_POINT('Origin',(0.,0.,16.5));
#14889=CARTESIAN_POINT('',(-72.9571792217874,2.5,-22.7194712039154));
#14890=CARTESIAN_POINT('',(-72.9571792217874,2.5,0.));
#14891=CARTESIAN_POINT('Origin',(0.,0.,39.155604844894));
#14892=CARTESIAN_POINT('Origin',(0.,0.,-28.));
#14893=CARTESIAN_POINT('',(-2.5,72.9571792217874,6.88847347770189));
#14894=CARTESIAN_POINT('',(2.5,72.9571792217874,6.88847347770189));
#14895=CARTESIAN_POINT('Origin',(0.,0.,51.1049457333306));
#14896=CARTESIAN_POINT('',(2.5,72.9571792217874,-5.97404744334839));
#14897=CARTESIAN_POINT('',(2.5,72.9571792217874,0.));
#14898=CARTESIAN_POINT('',(-2.5,72.9571792217874,-5.97404744334798));
#14899=CARTESIAN_POINT('Origin',(0.,0.,38.2424248122813));
#14900=CARTESIAN_POINT('',(-2.5,72.9571792217874,0.));
#14901=CARTESIAN_POINT('',(2.5,-72.9571792217874,6.88847347770189));
#14902=CARTESIAN_POINT('',(-2.5,-72.9571792217874,6.88847347770189));
#14903=CARTESIAN_POINT('Origin',(0.,0.,51.1049457333306));
#14904=CARTESIAN_POINT('',(-2.5,-72.9571792217874,-5.97404744334798));
#14905=CARTESIAN_POINT('',(-2.5,-72.9571792217874,0.));
#14906=CARTESIAN_POINT('',(2.5,-72.9571792217874,-5.97404744334798));
#14907=CARTESIAN_POINT('Origin',(0.,0.,38.2424248122053));
#14908=CARTESIAN_POINT('',(2.5,-72.9571792217874,0.));
#14909=CARTESIAN_POINT('Origin',(-60.4566269305494,2.5,11.5565544456406));
#14910=CARTESIAN_POINT('',(-26.7133251156421,2.5,16.5));
#14911=CARTESIAN_POINT('',(-30.2283134652747,2.5,16.5));
#14912=CARTESIAN_POINT('',(-22.5864594439918,2.5,20.0000000000045));
#14913=CARTESIAN_POINT('Origin',(-60.4566269305494,-2.5,11.5565544456406));
#14914=CARTESIAN_POINT('',(-26.7133251156863,-2.5,16.5));
#14915=CARTESIAN_POINT('',(-74.9999999999955,-2.5,-24.4519900917976));
#14916=CARTESIAN_POINT('',(-30.2283134652747,-2.5,16.5));
#14917=CARTESIAN_POINT('Origin',(-22.5864594439918,-2.5,20.0000000000045));
#14918=CARTESIAN_POINT('',(-26.7133251156421,-1.25,16.5));
#14919=CARTESIAN_POINT('Origin',(0.,0.,0.));
#14920=CARTESIAN_POINT('',(-75.,-9.18485099360515E-15,-28.));
#14921=CARTESIAN_POINT('',(-75.,-9.18485099360515E-15,0.));
#14922=CARTESIAN_POINT('',(7.50000011175871,74.6240577717643,-28.));
#14923=CARTESIAN_POINT('Origin',(0.,0.,-28.));
#14924=CARTESIAN_POINT('',(7.50000011175871,74.6240577717643,-7.00000010430813));
#14925=CARTESIAN_POINT('',(7.50000011175871,74.6240577717643,0.));
#14926=CARTESIAN_POINT('',(-8.00000011920929,74.57211273722,-7.00000010430813));
#14927=CARTESIAN_POINT('Origin',(0.,0.,-7.00000010430813));
#14928=CARTESIAN_POINT('',(-8.00000011920929,74.57211273722,-28.));
#14929=CARTESIAN_POINT('',(-8.00000011920929,74.57211273722,0.));
#14930=CARTESIAN_POINT('Origin',(0.,0.,-28.));
#14931=CARTESIAN_POINT('Origin',(0.,0.,20.));
#14932=CARTESIAN_POINT('',(-6.,1.46957615897682E-15,18.5));
#14933=CARTESIAN_POINT('Origin',(3.13651587531082E-17,0.,18.5));
#14934=CARTESIAN_POINT('',(-6.,0.,20.));
#14935=CARTESIAN_POINT('',(-6.,0.,20.));
#14936=CARTESIAN_POINT('Origin',(0.,0.,20.));
#14937=CARTESIAN_POINT('Origin',(9.,-1.10218211923262E-15,18.5));
#14938=CARTESIAN_POINT('',(-9.,2.20436423846524E-15,18.5));
#14939=CARTESIAN_POINT('Origin',(-3.88820179581999E-17,0.,18.5));
#14940=CARTESIAN_POINT('Origin',(0.,0.,20.));
#14941=CARTESIAN_POINT('',(-9.,0.,20.));
#14942=CARTESIAN_POINT('Origin',(5.,14.05,11.5));
#14943=CARTESIAN_POINT('',(4.,14.05,11.5));
#14944=CARTESIAN_POINT('Origin',(5.,14.05,11.5));
#14945=CARTESIAN_POINT('',(4.,14.05,6.5));
#14946=CARTESIAN_POINT('',(4.,14.05,11.5));
#14947=CARTESIAN_POINT('Origin',(5.,14.05,6.5));
#14948=CARTESIAN_POINT('Origin',(5.,14.05,11.5));
#14949=CARTESIAN_POINT('Origin',(-5.,-33.45,11.5));
#14950=CARTESIAN_POINT('',(-6.,-33.45,11.5));
#14951=CARTESIAN_POINT('Origin',(-5.,-33.45,11.5));
#14952=CARTESIAN_POINT('',(-6.,-33.45,6.5));
#14953=CARTESIAN_POINT('',(-6.,-33.45,11.5));
#14954=CARTESIAN_POINT('Origin',(-5.,-33.45,6.5));
#14955=CARTESIAN_POINT('Origin',(-5.,-33.45,11.5));
#14956=CARTESIAN_POINT('Origin',(-5.,14.05,11.5));
#14957=CARTESIAN_POINT('',(-6.,14.05,11.5));
#14958=CARTESIAN_POINT('Origin',(-5.,14.05,11.5));
#14959=CARTESIAN_POINT('',(-6.,14.05,6.5));
#14960=CARTESIAN_POINT('',(-6.,14.05,11.5));
#14961=CARTESIAN_POINT('Origin',(-5.,14.05,6.5));
#14962=CARTESIAN_POINT('Origin',(-5.,14.05,11.5));
#14963=CARTESIAN_POINT('Origin',(5.,-33.45,11.5));
#14964=CARTESIAN_POINT('',(4.,-33.45,11.5));
#14965=CARTESIAN_POINT('Origin',(5.,-33.45,11.5));
#14966=CARTESIAN_POINT('',(4.,-33.45,6.5));
#14967=CARTESIAN_POINT('',(4.,-33.45,11.5));
#14968=CARTESIAN_POINT('Origin',(5.,-33.45,6.5));
#14969=CARTESIAN_POINT('Origin',(5.,-33.45,11.5));
#14970=CARTESIAN_POINT('Origin',(-2.5,78.7013199648116,3.40717605768723));
#14971=CARTESIAN_POINT('',(-2.5,57.0981604599955,16.5));
#14972=CARTESIAN_POINT('',(-2.5,45.7013194730732,23.4071763557105));
#14973=CARTESIAN_POINT('',(2.5,57.0981604599955,16.5));
#14974=CARTESIAN_POINT('',(-1.25,57.0981604599955,16.5));
#14975=CARTESIAN_POINT('',(2.5,45.7013194730732,23.4071763557105));
#14976=CARTESIAN_POINT('Origin',(2.5,56.0305554099814,9.95933442954237));
#14977=CARTESIAN_POINT('',(2.5,35.8750009402634,16.5));
#14978=CARTESIAN_POINT('',(2.5,28.0152777049907,16.5));
#14979=CARTESIAN_POINT('',(2.5,30.100000940256,20.0000000000045));
#14980=CARTESIAN_POINT('Origin',(-2.5,30.100000940256,20.0000000000045));
#14981=CARTESIAN_POINT('',(-2.5,35.8750009402,16.5));
#14982=CARTESIAN_POINT('',(-1.25,35.8750009402634,16.5));
#14983=CARTESIAN_POINT('',(-2.5,74.9999999999909,-7.2121206422571));
#14984=CARTESIAN_POINT('Origin',(-2.5,56.0305554099814,9.95933442954237));
#14985=CARTESIAN_POINT('',(-2.5,28.0152777049907,16.5));
#14986=CARTESIAN_POINT('Origin',(-8.00000011920929,0.,-7.00000010430813));
#14987=CARTESIAN_POINT('',(7.50000011175871,0.,-7.00000010430813));
#14988=CARTESIAN_POINT('',(-8.00000011920929,0.,-7.00000010430813));
#14989=CARTESIAN_POINT('Origin',(-2.5,-74.9999999999909,-7.2121206422571));
#14990=CARTESIAN_POINT('',(-2.5,-36.95,15.8484854183041));
#14991=CARTESIAN_POINT('',(-2.5,-74.9999999999909,-7.2121206422571));
#14992=CARTESIAN_POINT('',(2.5,-36.95,15.8484854183041));
#14993=CARTESIAN_POINT('',(5.125,-36.95,15.8484854183041));
#14994=CARTESIAN_POINT('',(2.5,-74.9999999999909,-7.2121206422571));
#14995=CARTESIAN_POINT('Origin',(-2.5,-56.0305554099814,9.95933442954237));
#14996=CARTESIAN_POINT('',(-2.5,-57.0981604599955,16.5));
#14997=CARTESIAN_POINT('',(-2.5,-45.7013194730732,23.4071763557105));
#14998=CARTESIAN_POINT('',(-2.5,-36.95,16.5));
#14999=CARTESIAN_POINT('',(-2.5,-28.0152777049907,16.5));
#15000=CARTESIAN_POINT('',(-2.5,-36.95,13.2296672147712));
#15001=CARTESIAN_POINT('Origin',(-2.5,-45.7013194730732,23.4071763557105));
#15002=CARTESIAN_POINT('',(2.5,-57.0981604599955,16.5));
#15003=CARTESIAN_POINT('',(2.5,-45.7013194730732,23.4071763557105));
#15004=CARTESIAN_POINT('',(-1.25,-57.0981604599955,16.5));
#15005=CARTESIAN_POINT('Origin',(2.5,-56.0305554099814,9.95933442954237));
#15006=CARTESIAN_POINT('',(2.5,-36.95,16.5));
#15007=CARTESIAN_POINT('',(2.5,-36.95,13.2296672147712));
#15008=CARTESIAN_POINT('',(2.5,-28.0152777049907,16.5));
#15009=CARTESIAN_POINT('Origin',(12.75,-36.95,16.5));
#15010=CARTESIAN_POINT('',(-12.75,-36.95,16.5));
#15011=CARTESIAN_POINT('',(6.375,-36.95,16.5));
#15012=CARTESIAN_POINT('',(-12.75,-36.95,6.5));
#15013=CARTESIAN_POINT('',(-12.75,-36.95,8.5));
#15014=CARTESIAN_POINT('',(-1.5,-36.95,6.5));
#15015=CARTESIAN_POINT('',(6.375,-36.95,6.5));
#15016=CARTESIAN_POINT('',(-1.5,-36.95,11.5));
#15017=CARTESIAN_POINT('',(-1.5,-36.95,11.));
#15018=CARTESIAN_POINT('',(1.5,-36.95,11.5));
#15019=CARTESIAN_POINT('',(6.375,-36.95,11.5));
#15020=CARTESIAN_POINT('',(1.5,-36.95,6.5));
#15021=CARTESIAN_POINT('',(1.5,-36.95,11.));
#15022=CARTESIAN_POINT('',(12.75,-36.95,6.5));
#15023=CARTESIAN_POINT('',(6.375,-36.95,6.5));
#15024=CARTESIAN_POINT('',(12.75,-36.95,16.5));
#15025=CARTESIAN_POINT('',(12.75,-36.95,16.5));
#15026=CARTESIAN_POINT('',(6.375,-36.95,16.5));
#15027=CARTESIAN_POINT('Origin',(0.,0.,20.));
#15028=CARTESIAN_POINT('',(-5.,6.12323399573677E-16,20.));
#15029=CARTESIAN_POINT('Origin',(0.,0.,20.));
#15030=CARTESIAN_POINT('Origin',(-8.00000011920929,0.,-31.5000004693866));
#15031=CARTESIAN_POINT('',(-8.00000011920929,0.,-28.));
#15032=CARTESIAN_POINT('Origin',(7.50000011175871,0.,-7.00000010430813));
#15033=CARTESIAN_POINT('',(7.50000011175871,0.,-28.));
#15034=CARTESIAN_POINT('Origin',(0.,0.,-28.));
#15035=CARTESIAN_POINT('Origin',(0.,-9.7,6.5));
#15036=CARTESIAN_POINT('',(-1.5,-29.95,6.5));
#15037=CARTESIAN_POINT('',(-1.5,-23.325,6.5));
#15038=CARTESIAN_POINT('',(-12.75,17.55,6.5));
#15039=CARTESIAN_POINT('',(-12.75,-23.325,6.5));
#15040=CARTESIAN_POINT('',(-1.5,17.55,6.5));
#15041=CARTESIAN_POINT('',(-6.375,17.55,6.5));
#15042=CARTESIAN_POINT('',(-1.5,10.55,6.5));
#15043=CARTESIAN_POINT('',(-1.5,0.425,6.5));
#15044=CARTESIAN_POINT('',(-10.25,10.55,6.5));
#15045=CARTESIAN_POINT('',(5.125,10.55,6.5));
#15046=CARTESIAN_POINT('',(-10.25,-29.95,6.5));
#15047=CARTESIAN_POINT('',(-10.25,0.425,6.5));
#15048=CARTESIAN_POINT('',(-5.125,-29.95,6.5));
#15049=CARTESIAN_POINT('Origin',(0.,-9.7,6.5));
#15050=CARTESIAN_POINT('',(1.5,-29.95,6.5));
#15051=CARTESIAN_POINT('',(1.5,-19.825,6.5));
#15052=CARTESIAN_POINT('',(10.25,-29.95,6.5));
#15053=CARTESIAN_POINT('',(-5.125,-29.95,6.5));
#15054=CARTESIAN_POINT('',(10.25,10.55,6.5));
#15055=CARTESIAN_POINT('',(10.25,-19.825,6.5));
#15056=CARTESIAN_POINT('',(1.5,10.55,6.5));
#15057=CARTESIAN_POINT('',(5.125,10.55,6.5));
#15058=CARTESIAN_POINT('',(1.5,17.55,6.5));
#15059=CARTESIAN_POINT('',(1.5,3.925,6.5));
#15060=CARTESIAN_POINT('',(12.75,17.55,6.5));
#15061=CARTESIAN_POINT('',(-6.375,17.55,6.5));
#15062=CARTESIAN_POINT('',(12.75,3.925,6.5));
#15063=CARTESIAN_POINT('Origin',(1.5,-36.95,5.5));
#15064=CARTESIAN_POINT('',(1.5,-29.95,11.5));
#15065=CARTESIAN_POINT('',(1.5,-29.95,11.5));
#15066=CARTESIAN_POINT('',(1.5,-29.95,11.));
#15067=CARTESIAN_POINT('Origin',(-1.5,-29.95,5.5));
#15068=CARTESIAN_POINT('',(-1.5,-29.95,11.5));
#15069=CARTESIAN_POINT('',(-1.5,-29.95,11.));
#15070=CARTESIAN_POINT('',(-1.5,-36.95,11.5));
#15071=CARTESIAN_POINT('Origin',(0.,-33.45,11.5));
#15072=CARTESIAN_POINT('',(-5.125,-29.95,11.5));
#15073=CARTESIAN_POINT('Origin',(-1.5,17.55,5.5));
#15074=CARTESIAN_POINT('',(-1.5,17.55,11.5));
#15075=CARTESIAN_POINT('',(-1.5,17.55,11.));
#15076=CARTESIAN_POINT('',(-1.5,10.55,11.5));
#15077=CARTESIAN_POINT('',(-1.5,17.55,11.5));
#15078=CARTESIAN_POINT('',(-1.5,10.55,11.));
#15079=CARTESIAN_POINT('Origin',(1.5,10.55,5.5));
#15080=CARTESIAN_POINT('',(1.5,10.55,11.5));
#15081=CARTESIAN_POINT('',(1.5,10.55,11.));
#15082=CARTESIAN_POINT('',(1.5,17.55,11.5));
#15083=CARTESIAN_POINT('',(1.5,10.55,11.5));
#15084=CARTESIAN_POINT('',(1.5,17.55,11.));
#15085=CARTESIAN_POINT('Origin',(0.,14.05,11.5));
#15086=CARTESIAN_POINT('',(-6.375,17.55,11.5));
#15087=CARTESIAN_POINT('',(5.125,10.55,11.5));
#15088=CARTESIAN_POINT('Origin',(-12.75,17.55,16.5));
#15089=CARTESIAN_POINT('',(-12.75,17.55,16.5));
#15090=CARTESIAN_POINT('',(-12.75,17.55,8.5));
#15091=CARTESIAN_POINT('',(12.75,17.55,16.5));
#15092=CARTESIAN_POINT('',(-6.375,17.55,16.5));
#15093=CARTESIAN_POINT('',(12.75,17.55,16.5));
#15094=CARTESIAN_POINT('Origin',(-12.75,-36.95,16.5));
#15095=CARTESIAN_POINT('',(-12.75,-18.475,16.5));
#15096=CARTESIAN_POINT('Origin',(10.25,-29.95,16.5));
#15097=CARTESIAN_POINT('',(10.25,-29.95,16.5));
#15098=CARTESIAN_POINT('',(10.25,-29.95,8.5));
#15099=CARTESIAN_POINT('',(10.25,10.55,16.5));
#15100=CARTESIAN_POINT('',(10.25,-14.975,16.5));
#15101=CARTESIAN_POINT('',(10.25,10.55,8.5));
#15102=CARTESIAN_POINT('Origin',(-10.25,-29.95,16.5));
#15103=CARTESIAN_POINT('',(-10.25,-29.95,16.5));
#15104=CARTESIAN_POINT('',(-10.25,-29.95,16.5));
#15105=CARTESIAN_POINT('',(-5.125,-29.95,16.5));
#15106=CARTESIAN_POINT('Origin',(10.25,10.55,16.5));
#15107=CARTESIAN_POINT('',(-10.25,10.55,16.5));
#15108=CARTESIAN_POINT('',(5.125,10.55,16.5));
#15109=CARTESIAN_POINT('',(-10.25,10.55,16.5));
#15110=CARTESIAN_POINT('Origin',(0.,0.,16.5));
#15111=CARTESIAN_POINT('',(-5.,6.12323399573677E-16,16.5));
#15112=CARTESIAN_POINT('Origin',(0.,0.,16.5));
#15113=CARTESIAN_POINT('',(-5.,-6.12323399573677E-16,16.5));
#15114=CARTESIAN_POINT('Origin',(-10.25,10.55,16.5));
#15115=CARTESIAN_POINT('',(-10.25,5.275,16.5));
#15116=CARTESIAN_POINT('Origin',(12.75,17.55,16.5));
#15117=CARTESIAN_POINT('',(12.75,8.775,16.5));
#15118=CARTESIAN_POINT('Origin',(0.,0.,16.5));
#15119=CARTESIAN_POINT('Origin',(0.,0.,16.5));
#15120=CARTESIAN_POINT('',(0.,0.,0.));
#15121=CARTESIAN_POINT('Origin',(17.0000002533197,-17.0000002533197,0.));
#15122=CARTESIAN_POINT('',(17.0000002533197,-4.,53.45));
#15123=CARTESIAN_POINT('Origin',(17.0000002533197,-5.,53.45));
#15124=CARTESIAN_POINT('Origin',(17.0000002533197,-17.0000002533197,0.));
#15125=CARTESIAN_POINT('',(17.0000002533197,6.,53.45));
#15126=CARTESIAN_POINT('Origin',(17.0000002533197,5.,53.45));
#15127=CARTESIAN_POINT('Origin',(17.0000002533197,-17.0000002533197,0.));
#15128=CARTESIAN_POINT('',(17.0000002533197,-17.0000002533197,0.));
#15129=CARTESIAN_POINT('',(17.0000002533197,-17.0000002533197,59.));
#15130=CARTESIAN_POINT('',(17.0000002533197,-17.0000002533197,0.));
#15131=CARTESIAN_POINT('',(17.0000002533197,17.0000002533197,0.));
#15132=CARTESIAN_POINT('',(17.0000002533197,0.,0.));
#15133=CARTESIAN_POINT('',(17.0000002533197,17.0000002533197,59.));
#15134=CARTESIAN_POINT('',(17.0000002533197,17.0000002533197,0.));
#15135=CARTESIAN_POINT('',(17.0000002533197,0.,59.));
#15136=CARTESIAN_POINT('',(17.0000002533197,-12.75,2.44999999999999));
#15137=CARTESIAN_POINT('',(17.0000002533197,-12.75,56.95));
#15138=CARTESIAN_POINT('',(17.0000002533197,-12.75,28.475));
#15139=CARTESIAN_POINT('',(17.0000002533197,12.75,56.95));
#15140=CARTESIAN_POINT('',(17.0000002533197,-2.12500012665988,56.95));
#15141=CARTESIAN_POINT('',(17.0000002533197,12.75,2.44999999999999));
#15142=CARTESIAN_POINT('',(17.0000002533197,12.75,1.225));
#15143=CARTESIAN_POINT('',(17.0000002533197,-7.75000012665987,2.44999999999999));
#15144=CARTESIAN_POINT('Origin',(0.,0.,0.));
#15145=CARTESIAN_POINT('',(-4.00000005960464,-4.89858726958405E-16,2.5));
#15146=CARTESIAN_POINT('Origin',(0.,0.,2.5));
#15147=CARTESIAN_POINT('',(-4.00000005960464,-4.89858726958405E-16,3.1));
#15148=CARTESIAN_POINT('',(-4.00000005960464,-4.89858726958405E-16,0.));
#15149=CARTESIAN_POINT('Origin',(0.,0.,3.1));
#15150=CARTESIAN_POINT('Origin',(0.,0.,3.1));
#15151=CARTESIAN_POINT('Origin',(24.0000002533197,3.05311331771918E-15,
5.95));
#15152=CARTESIAN_POINT('',(24.0000002533197,1.5,9.45));
#15153=CARTESIAN_POINT('',(24.0000002533197,1.5,2.44999999999999));
#15154=CARTESIAN_POINT('',(24.0000002533197,1.5,7.7));
#15155=CARTESIAN_POINT('',(24.0000002533197,-1.5,9.45));
#15156=CARTESIAN_POINT('',(24.0000002533197,1.5,9.45));
#15157=CARTESIAN_POINT('',(24.0000002533197,-1.5,2.44999999999999));
#15158=CARTESIAN_POINT('',(24.0000002533197,-1.5,4.19999999999999));
#15159=CARTESIAN_POINT('',(24.0000002533197,12.75,2.44999999999999));
#15160=CARTESIAN_POINT('Origin',(17.0000002533197,-17.0000002533197,0.));
#15161=CARTESIAN_POINT('',(17.0000002533197,-10.25,49.95));
#15162=CARTESIAN_POINT('',(17.0000002533197,-10.25,9.45));
#15163=CARTESIAN_POINT('',(17.0000002533197,-10.25,4.725));
#15164=CARTESIAN_POINT('',(17.0000002533197,10.25,9.45));
#15165=CARTESIAN_POINT('',(17.0000002533197,-9.25000012665987,9.45));
#15166=CARTESIAN_POINT('',(17.0000002533197,10.25,49.95));
#15167=CARTESIAN_POINT('',(17.0000002533197,10.25,24.975));
#15168=CARTESIAN_POINT('',(17.0000002533197,-7.75000012665987,49.95));
#15169=CARTESIAN_POINT('',(17.0000002533197,4.5,39.4));
#15170=CARTESIAN_POINT('Origin',(17.0000002533197,-1.18790739517293E-15,
39.4));
#15171=CARTESIAN_POINT('Origin',(17.0000002533197,-1.5,2.44999999999999));
#15172=CARTESIAN_POINT('',(27.0000002533197,-1.5,9.45));
#15173=CARTESIAN_POINT('',(17.0000002533197,-1.5,9.45));
#15174=CARTESIAN_POINT('',(27.0000002533197,-1.5,2.44999999999999));
#15175=CARTESIAN_POINT('',(27.0000002533197,-1.5,9.45));
#15176=CARTESIAN_POINT('',(17.0000002533197,-1.5,2.44999999999999));
#15177=CARTESIAN_POINT('Origin',(24.0000002533197,-1.11022302462516E-15,
53.45));
#15178=CARTESIAN_POINT('',(24.0000002533197,-1.5,49.95));
#15179=CARTESIAN_POINT('',(24.0000002533197,1.5,49.95));
#15180=CARTESIAN_POINT('',(24.0000002533197,-10.25,49.95));
#15181=CARTESIAN_POINT('',(24.0000002533197,1.5,56.95));
#15182=CARTESIAN_POINT('',(24.0000002533197,1.5,55.2));
#15183=CARTESIAN_POINT('',(24.0000002533197,-1.5,56.95));
#15184=CARTESIAN_POINT('',(24.0000002533197,-12.75,56.95));
#15185=CARTESIAN_POINT('',(24.0000002533197,-1.5,51.7));
#15186=CARTESIAN_POINT('Origin',(17.0000002533197,1.5,56.95));
#15187=CARTESIAN_POINT('',(27.0000002533197,1.5,49.95));
#15188=CARTESIAN_POINT('',(17.0000002533197,1.5,49.95));
#15189=CARTESIAN_POINT('',(27.0000002533197,1.5,56.95));
#15190=CARTESIAN_POINT('',(27.0000002533197,1.5,56.95));
#15191=CARTESIAN_POINT('',(17.0000002533197,1.5,56.95));
#15192=CARTESIAN_POINT('Origin',(17.0000002533197,-1.18790739517293E-15,
39.4));
#15193=CARTESIAN_POINT('',(13.5000002533197,4.5,39.4));
#15194=CARTESIAN_POINT('',(17.0000002533197,4.5,39.4));
#15195=CARTESIAN_POINT('Origin',(13.5000002533197,-1.18790739517293E-15,
39.4));
#15196=CARTESIAN_POINT('Origin',(17.0000002533197,-4.99999999999999,5.95));
#15197=CARTESIAN_POINT('',(27.0000002533197,-3.99999999999999,5.95));
#15198=CARTESIAN_POINT('Origin',(27.0000002533197,-4.99999999999999,5.95));
#15199=CARTESIAN_POINT('',(17.0000002533197,-3.99999999999999,5.95));
#15200=CARTESIAN_POINT('',(17.0000002533197,-3.99999999999999,5.95));
#15201=CARTESIAN_POINT('Origin',(17.0000002533197,-4.99999999999999,5.95));
#15202=CARTESIAN_POINT('Origin',(17.0000002533197,-5.,53.45));
#15203=CARTESIAN_POINT('',(27.0000002533197,-4.,53.45));
#15204=CARTESIAN_POINT('Origin',(27.0000002533197,-5.,53.45));
#15205=CARTESIAN_POINT('',(17.0000002533197,-4.,53.45));
#15206=CARTESIAN_POINT('Origin',(17.0000002533197,-12.75,56.95));
#15207=CARTESIAN_POINT('',(27.0000002533197,-12.75,2.44999999999999));
#15208=CARTESIAN_POINT('',(17.0000002533197,-12.75,2.44999999999999));
#15209=CARTESIAN_POINT('',(27.0000002533197,-12.75,56.95));
#15210=CARTESIAN_POINT('',(27.0000002533197,-12.75,2.44999999999999));
#15211=CARTESIAN_POINT('',(17.0000002533197,-12.75,56.95));
#15212=CARTESIAN_POINT('Origin',(17.0000002533197,-1.5,49.95));
#15213=CARTESIAN_POINT('',(27.0000002533197,-1.5,56.95));
#15214=CARTESIAN_POINT('',(17.0000002533197,-1.5,56.95));
#15215=CARTESIAN_POINT('',(27.0000002533197,-1.5,49.95));
#15216=CARTESIAN_POINT('',(27.0000002533197,-1.5,49.95));
#15217=CARTESIAN_POINT('',(17.0000002533197,-1.5,49.95));
#15218=CARTESIAN_POINT('Origin',(17.0000002533197,-10.25,9.45));
#15219=CARTESIAN_POINT('',(27.0000002533197,-10.25,49.95));
#15220=CARTESIAN_POINT('',(17.0000002533197,-10.25,49.95));
#15221=CARTESIAN_POINT('',(27.0000002533197,-10.25,9.45));
#15222=CARTESIAN_POINT('',(27.0000002533197,-10.25,9.45));
#15223=CARTESIAN_POINT('',(17.0000002533197,-10.25,9.45));
#15224=CARTESIAN_POINT('Origin',(27.0000002533197,-7.125,29.7));
#15225=CARTESIAN_POINT('',(27.0000002533197,-10.25,49.95));
#15226=CARTESIAN_POINT('',(27.0000002533197,-12.75,56.95));
#15227=CARTESIAN_POINT('',(27.0000002533197,12.75,2.44999999999999));
#15228=CARTESIAN_POINT('',(27.0000002533197,10.25,9.45));
#15229=CARTESIAN_POINT('Origin',(17.0000002533197,5.,5.95));
#15230=CARTESIAN_POINT('',(27.0000002533197,6.,5.95));
#15231=CARTESIAN_POINT('Origin',(27.0000002533197,5.,5.95));
#15232=CARTESIAN_POINT('',(17.0000002533197,6.,5.95));
#15233=CARTESIAN_POINT('',(17.0000002533197,6.,5.95));
#15234=CARTESIAN_POINT('Origin',(17.0000002533197,5.,5.95));
#15235=CARTESIAN_POINT('Origin',(17.0000002533197,5.,53.45));
#15236=CARTESIAN_POINT('',(27.0000002533197,6.,53.45));
#15237=CARTESIAN_POINT('Origin',(27.0000002533197,5.,53.45));
#15238=CARTESIAN_POINT('',(17.0000002533197,6.,53.45));
#15239=CARTESIAN_POINT('Origin',(17.0000002533197,12.75,56.95));
#15240=CARTESIAN_POINT('',(27.0000002533197,12.75,56.95));
#15241=CARTESIAN_POINT('',(27.0000002533197,-12.75,56.95));
#15242=CARTESIAN_POINT('',(17.0000002533197,12.75,56.95));
#15243=CARTESIAN_POINT('Origin',(17.0000002533197,12.75,2.44999999999999));
#15244=CARTESIAN_POINT('',(27.0000002533197,12.75,2.44999999999999));
#15245=CARTESIAN_POINT('',(27.0000002533197,12.75,56.95));
#15246=CARTESIAN_POINT('',(17.0000002533197,12.75,2.44999999999999));
#15247=CARTESIAN_POINT('Origin',(17.0000002533197,1.5,2.44999999999999));
#15248=CARTESIAN_POINT('',(27.0000002533197,1.5,2.44999999999999));
#15249=CARTESIAN_POINT('',(27.0000002533197,12.75,2.44999999999999));
#15250=CARTESIAN_POINT('',(17.0000002533197,1.5,2.44999999999999));
#15251=CARTESIAN_POINT('Origin',(17.0000002533197,1.5,9.45));
#15252=CARTESIAN_POINT('',(27.0000002533197,1.5,9.45));
#15253=CARTESIAN_POINT('',(27.0000002533197,1.5,2.44999999999999));
#15254=CARTESIAN_POINT('',(17.0000002533197,1.5,9.45));
#15255=CARTESIAN_POINT('Origin',(17.0000002533197,10.25,9.45));
#15256=CARTESIAN_POINT('',(27.0000002533197,10.25,9.45));
#15257=CARTESIAN_POINT('',(27.0000002533197,10.25,9.45));
#15258=CARTESIAN_POINT('',(17.0000002533197,10.25,9.45));
#15259=CARTESIAN_POINT('Origin',(17.0000002533197,10.25,49.95));
#15260=CARTESIAN_POINT('',(27.0000002533197,10.25,49.95));
#15261=CARTESIAN_POINT('',(27.0000002533197,10.25,49.95));
#15262=CARTESIAN_POINT('',(17.0000002533197,10.25,49.95));
#15263=CARTESIAN_POINT('Origin',(17.0000002533197,1.5,49.95));
#15264=CARTESIAN_POINT('',(27.0000002533197,-10.25,49.95));
#15265=CARTESIAN_POINT('Origin',(27.0000002533197,7.125,29.7));
#15266=CARTESIAN_POINT('Origin',(17.0000002533197,-17.0000002533197,0.));
#15267=CARTESIAN_POINT('Origin',(15.2500002533197,0.,59.));
#15268=CARTESIAN_POINT('',(13.5000002533197,17.0000002533197,59.));
#15269=CARTESIAN_POINT('',(17.0000002533197,17.0000002533197,59.));
#15270=CARTESIAN_POINT('',(13.5000002533197,-17.0000002533197,59.));
#15271=CARTESIAN_POINT('',(13.5000002533197,17.0000002533197,59.));
#15272=CARTESIAN_POINT('',(17.0000002533197,-17.0000002533197,59.));
#15273=CARTESIAN_POINT('Origin',(17.0000002533197,-17.0000002533197,0.));
#15274=CARTESIAN_POINT('Origin',(13.5000002533197,17.0000002533197,0.));
#15275=CARTESIAN_POINT('',(13.5000002533197,-17.0000002533197,4.5));
#15276=CARTESIAN_POINT('',(13.5000002533197,-17.0000002533197,0.));
#15277=CARTESIAN_POINT('',(13.5000002533197,17.0000002533197,4.5));
#15278=CARTESIAN_POINT('',(13.5000002533197,17.0000002533197,0.));
#15279=CARTESIAN_POINT('',(13.5000002533197,17.0000002533197,4.5));
#15280=CARTESIAN_POINT('Origin',(0.,0.,0.));
#15281=CARTESIAN_POINT('',(-10.5,-1.28587913910472E-15,2.5));
#15282=CARTESIAN_POINT('Origin',(0.,0.,2.5));
#15283=CARTESIAN_POINT('',(-10.5,-1.28587913910472E-15,0.));
#15284=CARTESIAN_POINT('',(-10.5,-1.28587913910472E-15,0.));
#15285=CARTESIAN_POINT('Origin',(0.,0.,0.));
#15286=CARTESIAN_POINT('Origin',(13.5000002533197,17.0000002533197,0.));
#15287=CARTESIAN_POINT('',(0.,17.0000002533197,0.));
#15288=CARTESIAN_POINT('',(17.0000002533197,17.0000002533197,0.));
#15289=CARTESIAN_POINT('',(0.,17.0000002533197,4.5));
#15290=CARTESIAN_POINT('',(0.,17.0000002533197,0.));
#15291=CARTESIAN_POINT('',(0.,17.0000002533197,4.5));
#15292=CARTESIAN_POINT('Origin',(0.,-17.0000002533197,0.));
#15293=CARTESIAN_POINT('',(-2.22044604925031E-15,-17.0000002533197,4.5));
#15294=CARTESIAN_POINT('',(17.0000002533197,-17.0000002533197,4.5));
#15295=CARTESIAN_POINT('',(-2.08189958957322E-15,-17.0000002533197,0.));
#15296=CARTESIAN_POINT('',(-2.08189958957322E-15,-17.0000002533197,0.));
#15297=CARTESIAN_POINT('',(17.0000002533197,-17.0000002533197,0.));
#15298=CARTESIAN_POINT('Origin',(0.,0.,0.));
#15299=CARTESIAN_POINT('Origin',(0.,0.,0.));
#15300=CARTESIAN_POINT('Origin',(0.,0.,4.5));
#15301=CARTESIAN_POINT('Origin',(-1.75,0.,0.));
#15302=CARTESIAN_POINT('Origin',(-9.18485099360515E-16,-7.5,2.5));
#15303=CARTESIAN_POINT('',(-1.,-7.5,4.5));
#15304=CARTESIAN_POINT('Origin',(-9.18485099360515E-16,-7.5,4.5));
#15305=CARTESIAN_POINT('',(-1.,-7.5,2.5));
#15306=CARTESIAN_POINT('',(-1.,-7.5,2.5));
#15307=CARTESIAN_POINT('Origin',(-9.18485099360515E-16,-7.5,2.5));
#15308=CARTESIAN_POINT('Origin',(7.5,-1.66533453693773E-15,2.5));
#15309=CARTESIAN_POINT('',(6.5,-1.78779921685247E-15,4.5));
#15310=CARTESIAN_POINT('Origin',(7.5,-1.66533453693773E-15,4.5));
#15311=CARTESIAN_POINT('',(6.5,-1.78779921685247E-15,2.5));
#15312=CARTESIAN_POINT('',(6.5,-1.78779921685247E-15,2.5));
#15313=CARTESIAN_POINT('Origin',(7.5,-1.66533453693773E-15,2.5));
#15314=CARTESIAN_POINT('Origin',(0.,7.5,2.5));
#15315=CARTESIAN_POINT('',(-1.,7.5,4.5));
#15316=CARTESIAN_POINT('Origin',(0.,7.5,4.5));
#15317=CARTESIAN_POINT('',(-1.,7.5,2.5));
#15318=CARTESIAN_POINT('',(-1.,7.5,2.5));
#15319=CARTESIAN_POINT('Origin',(0.,7.5,2.5));
#15320=CARTESIAN_POINT('Origin',(-7.5,-1.66533453693773E-15,2.5));
#15321=CARTESIAN_POINT('',(-8.5,-1.78779921685247E-15,4.5));
#15322=CARTESIAN_POINT('Origin',(-7.5,-1.66533453693773E-15,4.5));
#15323=CARTESIAN_POINT('',(-8.5,-1.78779921685247E-15,2.5));
#15324=CARTESIAN_POINT('',(-8.5,-1.78779921685247E-15,2.5));
#15325=CARTESIAN_POINT('Origin',(-7.5,-1.66533453693773E-15,2.5));
#15326=CARTESIAN_POINT('Origin',(0.,0.,4.5));
#15327=CARTESIAN_POINT('Origin',(0.,0.,2.5));
#15328=CARTESIAN_POINT('',(0.,0.,0.));
#15329=CARTESIAN_POINT('Origin',(-22.,26.5,-5.350000000014));
#15330=CARTESIAN_POINT('',(-22.,16.,-5.350000000014));
#15331=CARTESIAN_POINT('Origin',(-22.,26.5,-5.350000000014));
#15332=CARTESIAN_POINT('',(-22.,18.,-5.350000000014));
#15333=CARTESIAN_POINT('Origin',(-22.,19.,-5.350000000014));
#15334=CARTESIAN_POINT('',(-22.,25.5,2.149999999986));
#15335=CARTESIAN_POINT('Origin',(-22.,26.5,2.149999999986));
#15336=CARTESIAN_POINT('',(-22.,25.5,-12.850000000014));
#15337=CARTESIAN_POINT('Origin',(-22.,26.5,-12.850000000014));
#15338=CARTESIAN_POINT('',(-22.,33.,-5.350000000014));
#15339=CARTESIAN_POINT('Origin',(-22.,34.,-5.350000000014));
#15340=CARTESIAN_POINT('',(-22.,21.,-5.350000000014));
#15341=CARTESIAN_POINT('Origin',(-22.,26.5,-5.350000000014));
#15342=CARTESIAN_POINT('Origin',(-20.,26.5,-5.350000000014));
#15343=CARTESIAN_POINT('',(-21.,21.,-5.350000000014));
#15344=CARTESIAN_POINT('',(-20.,21.,-5.350000000014));
#15345=CARTESIAN_POINT('Origin',(-21.,26.5,-5.350000000014));
#15346=CARTESIAN_POINT('Origin',(-20.,34.,-5.350000000014));
#15347=CARTESIAN_POINT('',(-21.,33.,-5.350000000014));
#15348=CARTESIAN_POINT('',(-20.,33.,-5.350000000014));
#15349=CARTESIAN_POINT('Origin',(-21.,34.,-5.350000000014));
#15350=CARTESIAN_POINT('Origin',(-20.,26.5,-12.850000000014));
#15351=CARTESIAN_POINT('',(-21.,25.5,-12.850000000014));
#15352=CARTESIAN_POINT('',(-20.,25.5,-12.850000000014));
#15353=CARTESIAN_POINT('Origin',(-21.,26.5,-12.850000000014));
#15354=CARTESIAN_POINT('Origin',(-20.,26.5,2.149999999986));
#15355=CARTESIAN_POINT('',(-21.,25.5,2.149999999986));
#15356=CARTESIAN_POINT('',(-20.,25.5,2.149999999986));
#15357=CARTESIAN_POINT('Origin',(-21.,26.5,2.149999999986));
#15358=CARTESIAN_POINT('Origin',(-20.,19.,-5.350000000014));
#15359=CARTESIAN_POINT('',(-21.,18.,-5.350000000014));
#15360=CARTESIAN_POINT('',(-20.,18.,-5.350000000014));
#15361=CARTESIAN_POINT('Origin',(-21.,19.,-5.350000000014));
#15362=CARTESIAN_POINT('Origin',(-21.,26.5,-5.350000000014));
#15363=CARTESIAN_POINT('Origin',(-21.,26.5,-5.350000000014));
#15364=CARTESIAN_POINT('Origin',(-21.,26.5,-5.350000000014));
#15365=CARTESIAN_POINT('Origin',(-21.,26.5,-5.350000000014));
#15366=CARTESIAN_POINT('Origin',(-21.,26.5,-5.350000000014));
#15367=CARTESIAN_POINT('Origin',(-23.5,26.5,-5.350000000014));
#15368=CARTESIAN_POINT('',(-24.5,16.,-5.350000000014));
#15369=CARTESIAN_POINT('Origin',(-24.5,26.5,-5.350000000014));
#15370=CARTESIAN_POINT('',(-23.5,16.,-5.350000000014));
#15371=CARTESIAN_POINT('Origin',(-2.25,4.,-5.350000000007));
#15372=CARTESIAN_POINT('',(1.00000001490116,4.,-19.1));
#15373=CARTESIAN_POINT('Origin',(0.,4.,-19.1));
#15374=CARTESIAN_POINT('Origin',(3.27593018771917E-16,0.,-5.35));
#15375=CARTESIAN_POINT('',(-2.58126853225349E-14,0.,14.65));
#15376=CARTESIAN_POINT('',(-2.8643754035329E-13,0.,-25.35));
#15377=CARTESIAN_POINT('Origin',(3.27593018771917E-16,0.,-5.35));
#15378=CARTESIAN_POINT('',(-2.8643754035329E-13,4.,-25.35));
#15379=CARTESIAN_POINT('',(-2.8643754035329E-13,0.,-25.35));
#15380=CARTESIAN_POINT('',(-2.55351295663786E-14,4.,14.65));
#15381=CARTESIAN_POINT('Origin',(3.27593018771917E-16,4.,-5.35));
#15382=CARTESIAN_POINT('',(-2.58126853225349E-14,0.,14.65));
#15383=CARTESIAN_POINT('Origin',(0.,0.,-6.4));
#15384=CARTESIAN_POINT('',(-2.6,0.,-6.4));
#15385=CARTESIAN_POINT('',(2.6,0.,-6.4));
#15386=CARTESIAN_POINT('Origin',(0.,0.,-6.4));
#15387=CARTESIAN_POINT('',(2.6,4.,-6.4));
#15388=CARTESIAN_POINT('',(2.6,0.,-6.4));
#15389=CARTESIAN_POINT('',(-2.6,4.,-6.4));
#15390=CARTESIAN_POINT('Origin',(0.,4.,-6.4));
#15391=CARTESIAN_POINT('',(-2.6,0.,-6.4));
#15392=CARTESIAN_POINT('Origin',(2.6,0.,-6.4));
#15393=CARTESIAN_POINT('',(2.6,0.,-5.40740233383831));
#15394=CARTESIAN_POINT('',(2.6,0.,-6.4));
#15395=CARTESIAN_POINT('',(2.6,4.,-5.40740233383831));
#15396=CARTESIAN_POINT('',(2.6,0.,-5.40740233383831));
#15397=CARTESIAN_POINT('',(2.6,4.,-6.4));
#15398=CARTESIAN_POINT('Origin',(0.,0.,0.));
#15399=CARTESIAN_POINT('',(-2.6,0.,-5.40740233383831));
#15400=CARTESIAN_POINT('Origin',(0.,0.,0.));
#15401=CARTESIAN_POINT('',(-2.6,4.,-5.40740233383831));
#15402=CARTESIAN_POINT('',(-2.6,0.,-5.40740233383831));
#15403=CARTESIAN_POINT('',(-6.,4.,1.11022302462516E-15));
#15404=CARTESIAN_POINT('Origin',(0.,4.,0.));
#15405=CARTESIAN_POINT('',(0.,4.,6.));
#15406=CARTESIAN_POINT('Origin',(0.,4.,0.));
#15407=CARTESIAN_POINT('',(6.,4.,0.));
#15408=CARTESIAN_POINT('Origin',(0.,4.,0.));
#15409=CARTESIAN_POINT('Origin',(0.,4.,0.));
#15410=CARTESIAN_POINT('Origin',(-2.6,0.,-5.40740233383831));
#15411=CARTESIAN_POINT('',(-2.6,0.,-6.4));
#15412=CARTESIAN_POINT('',(-2.6,4.,-6.4));
#15413=CARTESIAN_POINT('Origin',(-2.25,4.,-5.350000000007));
#15414=CARTESIAN_POINT('',(6.,4.,6.));
#15415=CARTESIAN_POINT('',(1.875,4.,6.));
#15416=CARTESIAN_POINT('',(6.,4.,-11.0250000000035));
#15417=CARTESIAN_POINT('Origin',(-2.25,4.,-5.350000000007));
#15418=CARTESIAN_POINT('',(-6.,4.,6.));
#15419=CARTESIAN_POINT('',(1.875,4.,6.));
#15420=CARTESIAN_POINT('',(-6.,4.,0.324999999996501));
#15421=CARTESIAN_POINT('Origin',(-2.25,4.,-5.350000000007));
#15422=CARTESIAN_POINT('',(-6.,4.,-16.7));
#15423=CARTESIAN_POINT('',(-6.,4.,0.324999999996501));
#15424=CARTESIAN_POINT('',(6.,4.,-16.7));
#15425=CARTESIAN_POINT('',(6.,4.,-11.0250000000035));
#15426=CARTESIAN_POINT('',(-4.125,4.,-16.7));
#15427=CARTESIAN_POINT('Origin',(-2.25,4.,-5.350000000007));
#15428=CARTESIAN_POINT('',(-1.00000001490116,4.,8.4));
#15429=CARTESIAN_POINT('Origin',(0.,4.,8.4));
#15430=CARTESIAN_POINT('Origin',(-2.25,4.,-5.350000000007));
#15431=CARTESIAN_POINT('',(-20.,4.,-25.350000000014));
#15432=CARTESIAN_POINT('',(-20.,4.,14.649999999986));
#15433=CARTESIAN_POINT('',(-20.,4.,4.6499999999895));
#15434=CARTESIAN_POINT('',(-20.,4.,14.649999999986));
#15435=CARTESIAN_POINT('',(-20.,4.,-25.3500000000115));
#15436=CARTESIAN_POINT('',(-8.00000011920929,4.,10.7));
#15437=CARTESIAN_POINT('',(-8.00000011920929,4.,-21.4));
#15438=CARTESIAN_POINT('',(-8.00000011920929,4.,-13.3750000000035));
#15439=CARTESIAN_POINT('',(8.00000000000001,4.,-21.4));
#15440=CARTESIAN_POINT('',(2.875,4.,-21.4));
#15441=CARTESIAN_POINT('',(7.99999999999998,4.,10.7));
#15442=CARTESIAN_POINT('',(7.99999999999999,4.,2.6749999999965));
#15443=CARTESIAN_POINT('',(-5.12500005960464,4.,10.7));
#15444=CARTESIAN_POINT('Origin',(-5.96046423329E-8,7.2,-5.35));
#15445=CARTESIAN_POINT('',(-8.00000011920929,7.2,10.7));
#15446=CARTESIAN_POINT('',(7.99999999999998,7.2,10.7));
#15447=CARTESIAN_POINT('',(-6.,7.2,10.7));
#15448=CARTESIAN_POINT('',(8.00000000000001,7.2,-21.4));
#15449=CARTESIAN_POINT('',(8.00000000000001,7.2,-21.4));
#15450=CARTESIAN_POINT('',(-8.00000011920929,7.2,-21.4));
#15451=CARTESIAN_POINT('',(6.,7.2,-21.4));
#15452=CARTESIAN_POINT('',(-8.00000011920929,7.2,10.7));
#15453=CARTESIAN_POINT('',(6.,7.2,-16.7));
#15454=CARTESIAN_POINT('',(6.,7.2,6.));
#15455=CARTESIAN_POINT('',(6.,7.2,0.));
#15456=CARTESIAN_POINT('',(-6.,7.2,6.));
#15457=CARTESIAN_POINT('',(6.,7.2,6.));
#15458=CARTESIAN_POINT('',(-6.,7.2,-16.7));
#15459=CARTESIAN_POINT('',(-6.,7.2,-16.7));
#15460=CARTESIAN_POINT('',(6.,7.2,-16.7));
#15461=CARTESIAN_POINT('',(-1.00000001490116,7.2,8.4));
#15462=CARTESIAN_POINT('Origin',(0.,7.2,8.4));
#15463=CARTESIAN_POINT('',(1.00000001490116,7.2,-19.1));
#15464=CARTESIAN_POINT('Origin',(0.,7.2,-19.1));
#15465=CARTESIAN_POINT('Origin',(-8.00000011920929,4.,10.7));
#15466=CARTESIAN_POINT('',(7.99999999999998,4.,10.7));
#15467=CARTESIAN_POINT('',(-8.00000011920929,4.,10.7));
#15468=CARTESIAN_POINT('Origin',(7.99999999999998,4.,10.7));
#15469=CARTESIAN_POINT('',(8.00000000000001,4.,-21.4));
#15470=CARTESIAN_POINT('Origin',(8.00000000000001,4.,-21.4));
#15471=CARTESIAN_POINT('',(-8.00000011920929,4.,-21.4));
#15472=CARTESIAN_POINT('Origin',(-8.00000011920929,4.,-21.4));
#15473=CARTESIAN_POINT('Origin',(6.,4.,-16.7));
#15474=CARTESIAN_POINT('',(6.,4.,6.));
#15475=CARTESIAN_POINT('',(6.,4.,-16.7));
#15476=CARTESIAN_POINT('Origin',(6.,4.,6.));
#15477=CARTESIAN_POINT('',(-6.,4.,6.));
#15478=CARTESIAN_POINT('Origin',(-6.,4.,6.));
#15479=CARTESIAN_POINT('',(-6.,4.,-16.7));
#15480=CARTESIAN_POINT('Origin',(-6.,4.,-16.7));
#15481=CARTESIAN_POINT('Origin',(0.,4.,8.4));
#15482=CARTESIAN_POINT('',(-1.00000001490116,4.,8.4));
#15483=CARTESIAN_POINT('Origin',(0.,4.,-19.1));
#15484=CARTESIAN_POINT('',(1.00000001490116,4.,-19.1));
#15485=CARTESIAN_POINT('Origin',(-2.8643754035329E-13,0.,-25.35));
#15486=CARTESIAN_POINT('',(-24.5,26.4999997890917,-25.350000000014));
#15487=CARTESIAN_POINT('',(-20.,26.4999997890917,-25.350000000014));
#15488=CARTESIAN_POINT('',(-20.,26.5,-25.3500000000115));
#15489=CARTESIAN_POINT('',(-20.,0.,-25.350000000014));
#15490=CARTESIAN_POINT('',(-24.5,0.,-25.350000000014));
#15491=CARTESIAN_POINT('',(-20.,0.,-25.3500000000115));
#15492=CARTESIAN_POINT('',(-24.5,0.,-25.350000000014));
#15493=CARTESIAN_POINT('Origin',(-2.25,0.,-5.350000000007));
#15494=CARTESIAN_POINT('',(-24.5,0.,14.649999999986));
#15495=CARTESIAN_POINT('',(-20.,0.,14.649999999986));
#15496=CARTESIAN_POINT('',(-24.5,0.,14.649999999986));
#15497=CARTESIAN_POINT('Origin',(-24.5,0.,14.649999999986));
#15498=CARTESIAN_POINT('',(-24.5,26.4999997890917,14.649999999986));
#15499=CARTESIAN_POINT('',(-20.,26.4999997890917,14.649999999986));
#15500=CARTESIAN_POINT('',(-20.,26.5,14.649999999986));
#15501=CARTESIAN_POINT('',(-24.5,0.,14.649999999986));
#15502=CARTESIAN_POINT('',(-20.,0.,14.649999999986));
#15503=CARTESIAN_POINT('Origin',(-20.,26.5,-5.350000000014));
#15504=CARTESIAN_POINT('Origin',(-24.5,26.5,-5.350000000014));
#15505=CARTESIAN_POINT('Origin',(-20.,26.5,-5.350000000014));
#15506=CARTESIAN_POINT('Origin',(-24.5,0.,-25.350000000014));
#15507=CARTESIAN_POINT('Origin',(-20.,0.,14.649999999986));
#15508=CARTESIAN_POINT('',(0.,0.,0.));
#15509=CARTESIAN_POINT('Origin',(-24.5,18.225,-24.0000003576279));
#15510=CARTESIAN_POINT('',(-23.,19.225,-24.0000003576279));
#15511=CARTESIAN_POINT('Origin',(-23.,18.225,-24.0000003576279));
#15512=CARTESIAN_POINT('',(-21.5,19.225,-24.0000003576279));
#15513=CARTESIAN_POINT('',(-24.5,19.225,-24.0000003576279));
#15514=CARTESIAN_POINT('Origin',(-21.5,18.225,-24.0000003576279));
#15515=CARTESIAN_POINT('Origin',(-21.5,18.225,-24.0000003576279));
#15516=CARTESIAN_POINT('Origin',(-24.5,-7.775,-24.0000003576279));
#15517=CARTESIAN_POINT('',(-23.,-6.775,-24.0000003576279));
#15518=CARTESIAN_POINT('Origin',(-23.,-7.775,-24.0000003576279));
#15519=CARTESIAN_POINT('',(-21.5,-6.775,-24.0000003576279));
#15520=CARTESIAN_POINT('',(-24.5,-6.775,-24.0000003576279));
#15521=CARTESIAN_POINT('Origin',(-21.5,-7.775,-24.0000003576279));
#15522=CARTESIAN_POINT('Origin',(-21.5,-7.775,-24.0000003576279));
#15523=CARTESIAN_POINT('Origin',(-24.5,5.28078075516628,-27.4995558304491));
#15524=CARTESIAN_POINT('',(-24.5,5.28078075516628,-27.4995558304491));
#15525=CARTESIAN_POINT('',(-24.5,21.225,-27.2454148125625));
#15526=CARTESIAN_POINT('',(-24.5,-4.52545523457918,-27.655861182113));
#15527=CARTESIAN_POINT('',(-23.,5.28078075516628,-27.4995558304491));
#15528=CARTESIAN_POINT('',(-24.5,5.28078075516628,-27.4995558304491));
#15529=CARTESIAN_POINT('',(-23.,21.225,-27.2454148125625));
#15530=CARTESIAN_POINT('',(-23.,21.225,-27.2454148125625));
#15531=CARTESIAN_POINT('',(-24.5,21.225,-27.2454148125625));
#15532=CARTESIAN_POINT('Origin',(-24.5,21.225,-20.7545859026933));
#15533=CARTESIAN_POINT('',(-24.5,21.225,-20.7545859026933));
#15534=CARTESIAN_POINT('',(-24.5,5.28078075516628,-20.5004448848066));
#15535=CARTESIAN_POINT('',(-24.5,3.06420635532357,-20.4651140564012));
#15536=CARTESIAN_POINT('',(-23.,21.225,-20.7545859026933));
#15537=CARTESIAN_POINT('',(-24.5,21.225,-20.7545859026933));
#15538=CARTESIAN_POINT('',(-23.,5.28078075516628,-20.5004448848066));
#15539=CARTESIAN_POINT('',(-23.,21.225,-20.7545859026933));
#15540=CARTESIAN_POINT('',(-24.5,5.28078075516628,-20.5004448848066));
#15541=CARTESIAN_POINT('Origin',(-24.5,21.225,-27.2454148125625));
#15542=CARTESIAN_POINT('',(-24.5,21.225,-13.6227074062812));
#15543=CARTESIAN_POINT('',(-23.,21.225,-23.7545859026933));
#15544=CARTESIAN_POINT('Origin',(-23.,13.2528903775831,-24.0000003576279));
#15545=CARTESIAN_POINT('',(-23.,8.72499999999999,-24.0000003576279));
#15546=CARTESIAN_POINT('Origin',(-23.,5.225,-24.0000003576279));
#15547=CARTESIAN_POINT('Origin',(-23.,5.225,-24.0000003576279));
#15548=CARTESIAN_POINT('Origin',(-24.5,5.11530260418525,-20.5017198541017));
#15549=CARTESIAN_POINT('',(-24.5,5.11530260418525,-20.5017198541017));
#15550=CARTESIAN_POINT('',(-24.5,-10.775,-21.0000003129244));
#15551=CARTESIAN_POINT('',(-24.5,-4.4989535274146,-20.8031990691816));
#15552=CARTESIAN_POINT('',(-23.,5.11530260418525,-20.5017198541017));
#15553=CARTESIAN_POINT('',(-24.5,5.11530260418524,-20.5017198541017));
#15554=CARTESIAN_POINT('',(-23.,-10.775,-21.0000003129244));
#15555=CARTESIAN_POINT('',(-23.,-10.775,-21.0000003129244));
#15556=CARTESIAN_POINT('',(-24.5,-10.775,-21.0000003129244));
#15557=CARTESIAN_POINT('Origin',(-24.5,-10.775,-27.0000004023314));
#15558=CARTESIAN_POINT('',(-24.5,-10.775,-27.0000004023314));
#15559=CARTESIAN_POINT('',(-24.5,5.11530260418527,-27.4982808611541));
#15560=CARTESIAN_POINT('',(-24.5,-13.1959460052487,-26.9240855430408));
#15561=CARTESIAN_POINT('',(-23.,-10.775,-27.0000004023314));
#15562=CARTESIAN_POINT('',(-24.5,-10.775,-27.0000004023314));
#15563=CARTESIAN_POINT('',(-23.,5.11530260418526,-27.4982808611541));
#15564=CARTESIAN_POINT('',(-23.,-10.775,-27.0000004023314));
#15565=CARTESIAN_POINT('',(-24.5,5.11530260418524,-27.4982808611541));
#15566=CARTESIAN_POINT('Origin',(-24.5,-10.775,-21.0000003129244));
#15567=CARTESIAN_POINT('',(-24.5,-10.775,-10.5000001564622));
#15568=CARTESIAN_POINT('',(-23.,-10.775,-24.0000003576279));
#15569=CARTESIAN_POINT('Origin',(-23.,-2.82984869790737,-24.0000003576279));
#15570=CARTESIAN_POINT('Origin',(-23.,5.225,-24.0000003576279));
#15571=CARTESIAN_POINT('Origin',(-24.5,-14.775,0.));
#15572=CARTESIAN_POINT('',(-24.5,-14.775,0.));
#15573=CARTESIAN_POINT('',(-24.5,25.225,0.));
#15574=CARTESIAN_POINT('',(-24.5,-14.775,0.));
#15575=CARTESIAN_POINT('',(-24.5,25.225,-44.));
#15576=CARTESIAN_POINT('',(-24.5,25.225,0.));
#15577=CARTESIAN_POINT('',(-24.5,-14.775,-44.));
#15578=CARTESIAN_POINT('',(-24.5,-14.775,-44.));
#15579=CARTESIAN_POINT('',(-24.5,-14.775,0.));
#15580=CARTESIAN_POINT('Origin',(-24.5,5.225,-24.0000003576279));
#15581=CARTESIAN_POINT('Origin',(-24.5,5.225,-24.0000003576279));
#15582=CARTESIAN_POINT('Origin',(-24.5,5.225,-24.0000003576279));
#15583=CARTESIAN_POINT('',(-20.,8.72499999999999,-24.0000003576279));
#15584=CARTESIAN_POINT('',(-24.5,8.72499999999999,-24.0000003576279));
#15585=CARTESIAN_POINT('Origin',(-20.,5.225,-24.0000003576279));
#15586=CARTESIAN_POINT('Origin',(-20.,25.225,0.));
#15587=CARTESIAN_POINT('',(-20.,-14.775,-4.));
#15588=CARTESIAN_POINT('',(-20.,25.225,-4.));
#15589=CARTESIAN_POINT('',(-20.,15.225,-4.));
#15590=CARTESIAN_POINT('',(-20.,-14.775,-44.));
#15591=CARTESIAN_POINT('',(-20.,-14.775,0.));
#15592=CARTESIAN_POINT('',(-20.,25.225,-44.));
#15593=CARTESIAN_POINT('',(-20.,25.225,-44.));
#15594=CARTESIAN_POINT('',(-20.,25.225,0.));
#15595=CARTESIAN_POINT('Origin',(-22.25,5.225,-44.));
#15596=CARTESIAN_POINT('',(-24.5,25.225,-44.));
#15597=CARTESIAN_POINT('',(-20.,-14.775,-44.));
#15598=CARTESIAN_POINT('Origin',(0.,-14.775,0.));
#15599=CARTESIAN_POINT('',(1.66533453693773E-15,-14.775,-4.));
#15600=CARTESIAN_POINT('',(-20.,-14.775,-4.));
#15601=CARTESIAN_POINT('',(1.5445857754241E-15,-14.775,0.));
#15602=CARTESIAN_POINT('',(1.5445857754241E-15,-14.775,0.));
#15603=CARTESIAN_POINT('',(-20.,-14.775,0.));
#15604=CARTESIAN_POINT('Origin',(0.249999999999999,19.1,-5.5));
#15605=CARTESIAN_POINT('',(-0.750000014901162,19.1,-5.5));
#15606=CARTESIAN_POINT('Origin',(0.249999999999999,19.1,-5.5));
#15607=CARTESIAN_POINT('Origin',(-3.87481713381987E-12,-8.65,-5.5));
#15608=CARTESIAN_POINT('',(-1.00000001490504,-8.65,-5.5));
#15609=CARTESIAN_POINT('Origin',(-3.87477091979511E-12,-8.65,-5.5));
#15610=CARTESIAN_POINT('Origin',(-6.25,-6.25,0.));
#15611=CARTESIAN_POINT('',(0.,-6.25,-4.));
#15612=CARTESIAN_POINT('',(-6.25,-6.25,-4.));
#15613=CARTESIAN_POINT('',(-4.25,-6.25,-4.));
#15614=CARTESIAN_POINT('',(6.25,-6.25,-4.));
#15615=CARTESIAN_POINT('',(-4.25,-6.25,-4.));
#15616=CARTESIAN_POINT('',(6.25,-6.25,-7.2));
#15617=CARTESIAN_POINT('',(6.25,-6.25,0.));
#15618=CARTESIAN_POINT('',(-6.25,-6.25,-7.2));
#15619=CARTESIAN_POINT('',(6.25,-6.25,-7.2));
#15620=CARTESIAN_POINT('',(-6.25,-6.25,0.));
#15621=CARTESIAN_POINT('Origin',(6.25,-6.25,0.));
#15622=CARTESIAN_POINT('',(6.25,0.,-4.));
#15623=CARTESIAN_POINT('',(6.25,-0.512500000000001,-4.));
#15624=CARTESIAN_POINT('',(6.25,16.7,-4.));
#15625=CARTESIAN_POINT('',(6.25,-0.512500000000001,-4.));
#15626=CARTESIAN_POINT('',(6.25,16.7,-7.2));
#15627=CARTESIAN_POINT('',(6.25,16.7,0.));
#15628=CARTESIAN_POINT('',(6.25,0.,-7.2));
#15629=CARTESIAN_POINT('Origin',(8.25,-10.95,0.));
#15630=CARTESIAN_POINT('',(-8.00000011920388,-10.95,-4.));
#15631=CARTESIAN_POINT('',(8.25,-10.95,-4.));
#15632=CARTESIAN_POINT('',(3.,-10.95,-4.));
#15633=CARTESIAN_POINT('',(-8.00000011920388,-10.95,-7.2));
#15634=CARTESIAN_POINT('',(-8.00000011920388,-10.95,0.));
#15635=CARTESIAN_POINT('',(8.25,-10.95,-7.2));
#15636=CARTESIAN_POINT('',(-6.00000000000388,-10.95,-7.2));
#15637=CARTESIAN_POINT('',(8.25,-10.95,0.));
#15638=CARTESIAN_POINT('Origin',(-8.00000011920388,-10.95,0.));
#15639=CARTESIAN_POINT('',(-8.00000011920929,21.4,-4.));
#15640=CARTESIAN_POINT('',(-8.00000011920523,-2.86250000000048,-4.));
#15641=CARTESIAN_POINT('',(-8.00000011920929,21.4,-7.2));
#15642=CARTESIAN_POINT('',(-8.00000011920929,21.4,0.));
#15643=CARTESIAN_POINT('',(-8.00000011920388,-10.95,-7.2));
#15644=CARTESIAN_POINT('Origin',(-3.87477091979511E-12,-8.65,0.));
#15645=CARTESIAN_POINT('',(-1.00000001490504,-8.65,-7.2));
#15646=CARTESIAN_POINT('Origin',(-3.87477091979511E-12,-8.65,-7.2));
#15647=CARTESIAN_POINT('',(-1.00000001490504,-8.65,0.));
#15648=CARTESIAN_POINT('Origin',(0.249999999999999,19.1,0.));
#15649=CARTESIAN_POINT('',(-0.750000014901162,19.1,-7.2));
#15650=CARTESIAN_POINT('Origin',(0.249999999999999,19.1,-7.2));
#15651=CARTESIAN_POINT('',(-0.750000014901162,19.1,0.));
#15652=CARTESIAN_POINT('Origin',(-6.25,16.7,0.));
#15653=CARTESIAN_POINT('',(-6.25,-1.11022302462516E-15,-4.));
#15654=CARTESIAN_POINT('',(-6.25,10.9625,-4.));
#15655=CARTESIAN_POINT('',(-6.25,16.7,-7.2));
#15656=CARTESIAN_POINT('',(-6.25,16.7,-7.2));
#15657=CARTESIAN_POINT('',(-6.25,16.7,-4.));
#15658=CARTESIAN_POINT('',(-6.25,16.7,0.));
#15659=CARTESIAN_POINT('',(-6.25,10.9625,-4.));
#15660=CARTESIAN_POINT('Origin',(6.25,16.7,0.));
#15661=CARTESIAN_POINT('',(2.,16.7,-4.));
#15662=CARTESIAN_POINT('',(6.25,16.7,-7.2));
#15663=CARTESIAN_POINT('Origin',(8.25,21.4,0.));
#15664=CARTESIAN_POINT('',(8.25,21.4,-4.));
#15665=CARTESIAN_POINT('',(8.25,13.3125,-4.));
#15666=CARTESIAN_POINT('',(8.25,21.4,-7.2));
#15667=CARTESIAN_POINT('',(8.25,21.4,-7.2));
#15668=CARTESIAN_POINT('',(8.25,21.4,0.));
#15669=CARTESIAN_POINT('Origin',(-8.00000011920929,21.4,0.));
#15670=CARTESIAN_POINT('',(-5.12500005960464,21.4,-4.));
#15671=CARTESIAN_POINT('',(6.25,21.4,-7.2));
#15672=CARTESIAN_POINT('Origin',(0.124999940395356,5.225,-7.2));
#15673=CARTESIAN_POINT('Origin',(0.,0.,0.));
#15674=CARTESIAN_POINT('',(2.75,5.61248608016091,0.));
#15675=CARTESIAN_POINT('',(-2.75,5.61248608016091,0.));
#15676=CARTESIAN_POINT('Origin',(0.,0.,0.));
#15677=CARTESIAN_POINT('',(2.75,5.61248608016091,-4.));
#15678=CARTESIAN_POINT('',(2.75,5.61248608016091,0.));
#15679=CARTESIAN_POINT('Origin',(0.,0.,-4.));
#15680=CARTESIAN_POINT('Origin',(0.,0.,-4.));
#15681=CARTESIAN_POINT('Origin',(0.,0.,-4.));
#15682=CARTESIAN_POINT('',(-2.75,5.61248608016091,-4.));
#15683=CARTESIAN_POINT('Origin',(0.,0.,-4.));
#15684=CARTESIAN_POINT('',(-2.75,5.61248608016091,0.));
#15685=CARTESIAN_POINT('Origin',(-2.25,5.225,0.));
#15686=CARTESIAN_POINT('',(0.,25.225,0.));
#15687=CARTESIAN_POINT('Origin',(3.19938976277246E-16,5.225,0.));
#15688=CARTESIAN_POINT('',(-20.,25.225,0.));
#15689=CARTESIAN_POINT('',(-2.75,6.4,0.));
#15690=CARTESIAN_POINT('',(-2.75,6.4,0.));
#15691=CARTESIAN_POINT('',(2.75,6.4,0.));
#15692=CARTESIAN_POINT('Origin',(0.,6.4,0.));
#15693=CARTESIAN_POINT('',(2.75,6.4,0.));
#15694=CARTESIAN_POINT('Origin',(-2.25,5.225,-4.));
#15695=CARTESIAN_POINT('',(0.,25.225,-4.));
#15696=CARTESIAN_POINT('',(-20.,25.225,-4.));
#15697=CARTESIAN_POINT('Origin',(3.19938976277246E-16,5.225,-4.));
#15698=CARTESIAN_POINT('Origin',(-2.25,5.225,-4.));
#15699=CARTESIAN_POINT('Origin',(-2.25,5.225,-4.));
#15700=CARTESIAN_POINT('Origin',(-2.25,5.225,-4.));
#15701=CARTESIAN_POINT('',(2.75,6.4,-4.));
#15702=CARTESIAN_POINT('',(2.75,6.4,-4.));
#15703=CARTESIAN_POINT('',(-2.75,6.4,-4.));
#15704=CARTESIAN_POINT('Origin',(0.,6.4,-4.));
#15705=CARTESIAN_POINT('',(-2.75,6.4,-4.));
#15706=CARTESIAN_POINT('Origin',(2.75,5.61248608016091,0.));
#15707=CARTESIAN_POINT('',(2.75,6.4,0.));
#15708=CARTESIAN_POINT('Origin',(-2.75,6.4,0.));
#15709=CARTESIAN_POINT('',(-2.75,6.4,0.));
#15710=CARTESIAN_POINT('Origin',(0.,6.4,0.));
#15711=CARTESIAN_POINT('Origin',(-24.5,25.225,0.));
#15712=CARTESIAN_POINT('',(0.,25.225,0.));
#15713=CARTESIAN_POINT('Origin',(3.19938976277246E-16,5.225,0.));
#15714=CARTESIAN_POINT('',(0.,0.,0.));
#15715=CARTESIAN_POINT('',(0.,0.,0.));
#15716=CARTESIAN_POINT('Origin',(99.,88.,3.));
#15717=CARTESIAN_POINT('',(98.2,88.,3.));
#15718=CARTESIAN_POINT('Origin',(99.,88.,3.));
#15719=CARTESIAN_POINT('',(98.2,88.,13.));
#15720=CARTESIAN_POINT('',(98.2,88.,3.));
#15721=CARTESIAN_POINT('Origin',(99.,88.,13.));
#15722=CARTESIAN_POINT('Origin',(99.,88.,3.));
#15723=CARTESIAN_POINT('Origin',(99.,88.,3.));
#15724=CARTESIAN_POINT('',(96.5,88.,13.));
#15725=CARTESIAN_POINT('Origin',(99.,88.,13.));
#15726=CARTESIAN_POINT('',(96.5,88.,3.));
#15727=CARTESIAN_POINT('',(96.5,88.,3.));
#15728=CARTESIAN_POINT('Origin',(99.,88.,3.));
#15729=CARTESIAN_POINT('Origin',(99.,88.,13.));
#15730=CARTESIAN_POINT('Origin',(42.,88.,3.));
#15731=CARTESIAN_POINT('',(41.2,88.,3.));
#15732=CARTESIAN_POINT('Origin',(42.,88.,3.));
#15733=CARTESIAN_POINT('',(41.2,88.,13.));
#15734=CARTESIAN_POINT('',(41.2,88.,3.));
#15735=CARTESIAN_POINT('Origin',(42.,88.,13.));
#15736=CARTESIAN_POINT('Origin',(42.,88.,3.));
#15737=CARTESIAN_POINT('Origin',(42.,88.,3.));
#15738=CARTESIAN_POINT('',(39.5,88.,13.));
#15739=CARTESIAN_POINT('Origin',(42.,88.,13.));
#15740=CARTESIAN_POINT('',(39.5,88.,3.));
#15741=CARTESIAN_POINT('',(39.5,88.,3.));
#15742=CARTESIAN_POINT('Origin',(42.,88.,3.));
#15743=CARTESIAN_POINT('Origin',(42.,88.,13.));
#15744=CARTESIAN_POINT('Origin',(99.,68.,3.));
#15745=CARTESIAN_POINT('',(98.2,68.,3.));
#15746=CARTESIAN_POINT('Origin',(99.,68.,3.));
#15747=CARTESIAN_POINT('',(98.2,68.,13.));
#15748=CARTESIAN_POINT('',(98.2,68.,3.));
#15749=CARTESIAN_POINT('Origin',(99.,68.,13.));
#15750=CARTESIAN_POINT('Origin',(99.,68.,3.));
#15751=CARTESIAN_POINT('Origin',(99.,68.,3.));
#15752=CARTESIAN_POINT('',(96.5,68.,13.));
#15753=CARTESIAN_POINT('Origin',(99.,68.,13.));
#15754=CARTESIAN_POINT('',(96.5,68.,3.));
#15755=CARTESIAN_POINT('',(96.5,68.,3.));
#15756=CARTESIAN_POINT('Origin',(99.,68.,3.));
#15757=CARTESIAN_POINT('Origin',(99.,68.,13.));
#15758=CARTESIAN_POINT('Origin',(42.,68.,3.));
#15759=CARTESIAN_POINT('',(41.2,68.,3.));
#15760=CARTESIAN_POINT('Origin',(42.,68.,3.));
#15761=CARTESIAN_POINT('',(41.2,68.,13.));
#15762=CARTESIAN_POINT('',(41.2,68.,3.));
#15763=CARTESIAN_POINT('Origin',(42.,68.,13.));
#15764=CARTESIAN_POINT('Origin',(42.,68.,3.));
#15765=CARTESIAN_POINT('Origin',(42.,68.,3.));
#15766=CARTESIAN_POINT('',(39.5,68.,13.));
#15767=CARTESIAN_POINT('Origin',(42.,68.,13.));
#15768=CARTESIAN_POINT('',(39.5,68.,3.));
#15769=CARTESIAN_POINT('',(39.5,68.,3.));
#15770=CARTESIAN_POINT('Origin',(42.,68.,3.));
#15771=CARTESIAN_POINT('Origin',(42.,68.,13.));
#15772=CARTESIAN_POINT('Origin',(173.2,116.8,3.));
#15773=CARTESIAN_POINT('',(172.4,116.8,3.));
#15774=CARTESIAN_POINT('Origin',(173.2,116.8,3.));
#15775=CARTESIAN_POINT('',(172.4,116.8,25.));
#15776=CARTESIAN_POINT('',(172.4,116.8,3.));
#15777=CARTESIAN_POINT('Origin',(173.2,116.8,25.));
#15778=CARTESIAN_POINT('Origin',(173.2,112.8,3.));
#15779=CARTESIAN_POINT('Origin',(173.2,116.8,3.));
#15780=CARTESIAN_POINT('',(170.7,116.8,25.));
#15781=CARTESIAN_POINT('Origin',(173.2,116.8,25.));
#15782=CARTESIAN_POINT('',(170.7,116.8,3.));
#15783=CARTESIAN_POINT('',(170.7,116.8,3.));
#15784=CARTESIAN_POINT('Origin',(173.2,116.8,3.));
#15785=CARTESIAN_POINT('Origin',(173.2,116.8,25.));
#15786=CARTESIAN_POINT('Origin',(151.,116.8,3.));
#15787=CARTESIAN_POINT('',(150.2,116.8,3.));
#15788=CARTESIAN_POINT('Origin',(151.,116.8,3.));
#15789=CARTESIAN_POINT('',(150.2,116.8,25.));
#15790=CARTESIAN_POINT('',(150.2,116.8,3.));
#15791=CARTESIAN_POINT('Origin',(151.,116.8,25.));
#15792=CARTESIAN_POINT('Origin',(151.,112.8,3.));
#15793=CARTESIAN_POINT('Origin',(151.,116.8,3.));
#15794=CARTESIAN_POINT('',(148.5,116.8,25.));
#15795=CARTESIAN_POINT('Origin',(151.,116.8,25.));
#15796=CARTESIAN_POINT('',(148.5,116.8,3.));
#15797=CARTESIAN_POINT('',(148.5,116.8,3.));
#15798=CARTESIAN_POINT('Origin',(151.,116.8,3.));
#15799=CARTESIAN_POINT('Origin',(151.,116.8,25.));
#15800=CARTESIAN_POINT('Origin',(173.2,71.,3.));
#15801=CARTESIAN_POINT('',(172.4,71.,3.));
#15802=CARTESIAN_POINT('Origin',(173.2,71.,3.));
#15803=CARTESIAN_POINT('',(172.4,71.,25.));
#15804=CARTESIAN_POINT('',(172.4,71.,3.));
#15805=CARTESIAN_POINT('Origin',(173.2,71.,25.));
#15806=CARTESIAN_POINT('Origin',(173.2,67.,3.));
#15807=CARTESIAN_POINT('Origin',(173.2,71.,3.));
#15808=CARTESIAN_POINT('',(170.7,71.,25.));
#15809=CARTESIAN_POINT('Origin',(173.2,71.,25.));
#15810=CARTESIAN_POINT('',(170.7,71.,3.));
#15811=CARTESIAN_POINT('',(170.7,71.,3.));
#15812=CARTESIAN_POINT('Origin',(173.2,71.,3.));
#15813=CARTESIAN_POINT('Origin',(173.2,71.,25.));
#15814=CARTESIAN_POINT('Origin',(151.,71.,3.));
#15815=CARTESIAN_POINT('',(150.2,71.,3.));
#15816=CARTESIAN_POINT('Origin',(151.,71.,3.));
#15817=CARTESIAN_POINT('',(150.2,71.,25.));
#15818=CARTESIAN_POINT('',(150.2,71.,3.));
#15819=CARTESIAN_POINT('Origin',(151.,71.,25.));
#15820=CARTESIAN_POINT('Origin',(151.,67.,3.));
#15821=CARTESIAN_POINT('Origin',(151.,71.,3.));
#15822=CARTESIAN_POINT('',(148.5,71.,25.));
#15823=CARTESIAN_POINT('Origin',(151.,71.,25.));
#15824=CARTESIAN_POINT('',(148.5,71.,3.));
#15825=CARTESIAN_POINT('',(148.5,71.,3.));
#15826=CARTESIAN_POINT('Origin',(151.,71.,3.));
#15827=CARTESIAN_POINT('Origin',(151.,71.,25.));
#15828=CARTESIAN_POINT('Origin',(74.5,124.5,24.));
#15829=CARTESIAN_POINT('',(75.8228756555323,123.,24.));
#15830=CARTESIAN_POINT('',(73.1771243444677,123.,24.));
#15831=CARTESIAN_POINT('',(130.25,123.,24.));
#15832=CARTESIAN_POINT('',(75.8228756555323,126.,24.));
#15833=CARTESIAN_POINT('Origin',(74.5,124.5,24.));
#15834=CARTESIAN_POINT('',(73.1771243444677,126.,24.));
#15835=CARTESIAN_POINT('',(130.25,126.,24.));
#15836=CARTESIAN_POINT('Origin',(74.5,124.5,24.));
#15837=CARTESIAN_POINT('Origin',(74.5,124.5,24.));
#15838=CARTESIAN_POINT('',(73.1771243444677,123.,32.));
#15839=CARTESIAN_POINT('',(73.1771243444677,123.,24.));
#15840=CARTESIAN_POINT('',(73.1771243444677,126.,32.));
#15841=CARTESIAN_POINT('',(73.1771243444677,126.,24.));
#15842=CARTESIAN_POINT('Origin',(74.5,124.5,32.));
#15843=CARTESIAN_POINT('Origin',(74.5,124.5,24.));
#15844=CARTESIAN_POINT('',(75.8228756555323,123.,32.));
#15845=CARTESIAN_POINT('',(75.8228756555323,123.,24.));
#15846=CARTESIAN_POINT('',(75.8228756555323,126.,32.));
#15847=CARTESIAN_POINT('Origin',(74.5,124.5,32.));
#15848=CARTESIAN_POINT('',(75.8228756555323,126.,24.));
#15849=CARTESIAN_POINT('Origin',(74.5,124.5,32.));
#15850=CARTESIAN_POINT('',(130.25,123.,32.));
#15851=CARTESIAN_POINT('',(130.25,126.,32.));
#15852=CARTESIAN_POINT('Origin',(66.5,124.5,24.));
#15853=CARTESIAN_POINT('',(67.8228756555323,123.,24.));
#15854=CARTESIAN_POINT('',(65.1771243444677,123.,24.));
#15855=CARTESIAN_POINT('',(126.25,123.,24.));
#15856=CARTESIAN_POINT('',(67.8228756555323,126.,24.));
#15857=CARTESIAN_POINT('Origin',(66.5,124.5,24.));
#15858=CARTESIAN_POINT('',(65.1771243444677,126.,24.));
#15859=CARTESIAN_POINT('',(126.25,126.,24.));
#15860=CARTESIAN_POINT('Origin',(66.5,124.5,24.));
#15861=CARTESIAN_POINT('Origin',(66.5,124.5,24.));
#15862=CARTESIAN_POINT('',(65.1771243444677,123.,32.));
#15863=CARTESIAN_POINT('',(65.1771243444677,123.,24.));
#15864=CARTESIAN_POINT('',(65.1771243444677,126.,32.));
#15865=CARTESIAN_POINT('',(65.1771243444677,126.,24.));
#15866=CARTESIAN_POINT('Origin',(66.5,124.5,32.));
#15867=CARTESIAN_POINT('Origin',(66.5,124.5,24.));
#15868=CARTESIAN_POINT('',(67.8228756555323,123.,32.));
#15869=CARTESIAN_POINT('',(67.8228756555323,123.,24.));
#15870=CARTESIAN_POINT('',(67.8228756555323,126.,32.));
#15871=CARTESIAN_POINT('Origin',(66.5,124.5,32.));
#15872=CARTESIAN_POINT('',(67.8228756555323,126.,24.));
#15873=CARTESIAN_POINT('Origin',(66.5,124.5,32.));
#15874=CARTESIAN_POINT('',(126.25,123.,32.));
#15875=CARTESIAN_POINT('',(126.25,126.,32.));
#15876=CARTESIAN_POINT('Origin',(168.,121.,27.));
#15877=CARTESIAN_POINT('',(168.,123.,35.));
#15878=CARTESIAN_POINT('',(168.,123.,27.));
#15879=CARTESIAN_POINT('',(168.,123.,13.5));
#15880=CARTESIAN_POINT('',(168.,126.,35.));
#15881=CARTESIAN_POINT('',(168.,121.,35.));
#15882=CARTESIAN_POINT('',(168.,126.,27.));
#15883=CARTESIAN_POINT('',(168.,126.,13.5));
#15884=CARTESIAN_POINT('',(168.,121.,27.));
#15885=CARTESIAN_POINT('Origin',(162.,124.5,27.));
#15886=CARTESIAN_POINT('',(156.,123.,27.));
#15887=CARTESIAN_POINT('',(174.,123.,27.));
#15888=CARTESIAN_POINT('',(156.,126.,27.));
#15889=CARTESIAN_POINT('',(174.,126.,27.));
#15890=CARTESIAN_POINT('',(156.,128.,27.));
#15891=CARTESIAN_POINT('Origin',(156.,128.,27.));
#15892=CARTESIAN_POINT('',(156.,123.,35.));
#15893=CARTESIAN_POINT('',(156.,123.,13.5));
#15894=CARTESIAN_POINT('',(156.,126.,35.));
#15895=CARTESIAN_POINT('',(156.,126.,13.5));
#15896=CARTESIAN_POINT('',(156.,128.,35.));
#15897=CARTESIAN_POINT('Origin',(162.,124.5,35.));
#15898=CARTESIAN_POINT('',(174.,123.,35.));
#15899=CARTESIAN_POINT('',(174.,126.,35.));
#15900=CARTESIAN_POINT('Origin',(5.,107.,25.));
#15901=CARTESIAN_POINT('',(3.,107.,31.));
#15902=CARTESIAN_POINT('',(3.,107.,25.));
#15903=CARTESIAN_POINT('',(3.,107.,12.5));
#15904=CARTESIAN_POINT('',(0.,107.,31.));
#15905=CARTESIAN_POINT('',(5.,107.,31.));
#15906=CARTESIAN_POINT('',(0.,107.,25.));
#15907=CARTESIAN_POINT('',(0.,107.,12.5));
#15908=CARTESIAN_POINT('',(5.,107.,25.));
#15909=CARTESIAN_POINT('Origin',(3.,126.,0.));
#15910=CARTESIAN_POINT('',(3.,11.,31.));
#15911=CARTESIAN_POINT('',(3.,113.5,31.));
#15912=CARTESIAN_POINT('',(3.,11.,25.));
#15913=CARTESIAN_POINT('',(3.,113.5,25.));
#15914=CARTESIAN_POINT('',(3.,11.,3.));
#15915=CARTESIAN_POINT('',(3.,11.,1.5));
#15916=CARTESIAN_POINT('',(3.,115.,3.));
#15917=CARTESIAN_POINT('',(3.00000000000001,94.5,3.));
#15918=CARTESIAN_POINT('',(3.,115.,73.));
#15919=CARTESIAN_POINT('',(3.,115.,1.5));
#15920=CARTESIAN_POINT('',(3.,11.,73.));
#15921=CARTESIAN_POINT('',(3.00000000000001,94.5,73.));
#15922=CARTESIAN_POINT('',(3.,11.,1.5));
#15923=CARTESIAN_POINT('Origin',(0.,126.,0.));
#15924=CARTESIAN_POINT('',(0.,126.,0.));
#15925=CARTESIAN_POINT('',(0.,0.,0.));
#15926=CARTESIAN_POINT('',(0.,126.,0.));
#15927=CARTESIAN_POINT('',(0.,0.,73.));
#15928=CARTESIAN_POINT('',(0.,0.,0.));
#15929=CARTESIAN_POINT('',(0.,126.,73.));
#15930=CARTESIAN_POINT('',(0.,126.,73.));
#15931=CARTESIAN_POINT('',(0.,126.,0.));
#15932=CARTESIAN_POINT('',(0.,11.,25.));
#15933=CARTESIAN_POINT('',(0.,113.5,25.));
#15934=CARTESIAN_POINT('',(0.,11.,31.));
#15935=CARTESIAN_POINT('',(0.,113.5,31.));
#15936=CARTESIAN_POINT('',(0.,11.,12.5));
#15937=CARTESIAN_POINT('Origin',(1.5,17.,25.));
#15938=CARTESIAN_POINT('',(-2.,11.,25.));
#15939=CARTESIAN_POINT('Origin',(1.5,17.,31.));
#15940=CARTESIAN_POINT('',(-2.,11.,31.));
#15941=CARTESIAN_POINT('Origin',(179.,119.,61.));
#15942=CARTESIAN_POINT('',(178.2,119.,61.));
#15943=CARTESIAN_POINT('Origin',(179.,119.,61.));
#15944=CARTESIAN_POINT('',(178.2,119.,73.));
#15945=CARTESIAN_POINT('',(178.2,119.,61.));
#15946=CARTESIAN_POINT('Origin',(179.,119.,73.));
#15947=CARTESIAN_POINT('Origin',(179.,119.,61.));
#15948=CARTESIAN_POINT('Origin',(182.99999960861,123.000157063517,3.));
#15949=CARTESIAN_POINT('',(182.933755415523,123.,3.));
#15950=CARTESIAN_POINT('',(182.933755415523,123.,73.));
#15951=CARTESIAN_POINT('',(182.933755415525,123.,1.5));
#15952=CARTESIAN_POINT('',(177.449505324094,122.986996964311,3.));
#15953=CARTESIAN_POINT('',(137.929123649081,122.893295013307,3.));
#15954=CARTESIAN_POINT('',(177.449505324094,122.986996964311,73.));
#15955=CARTESIAN_POINT('',(177.449505324094,122.986996964311,3.));
#15956=CARTESIAN_POINT('',(182.99999960861,123.000157063517,73.));
#15957=CARTESIAN_POINT('Origin',(177.445961366143,116.986998010948,3.));
#15958=CARTESIAN_POINT('',(182.999999627522,117.000166796179,3.));
#15959=CARTESIAN_POINT('',(177.445961366143,116.986998010948,3.));
#15960=CARTESIAN_POINT('',(135.159216043503,116.886734915684,3.));
#15961=CARTESIAN_POINT('',(182.999999627522,117.000166796179,73.));
#15962=CARTESIAN_POINT('',(183.,117.000166797062,1.5));
#15963=CARTESIAN_POINT('',(177.445961366143,116.986998010948,73.));
#15964=CARTESIAN_POINT('',(177.445961366143,116.986998010948,73.));
#15965=CARTESIAN_POINT('',(177.445961366143,116.986998010948,3.));
#15966=CARTESIAN_POINT('Origin',(177.449505324094,122.986996964311,3.));
#15967=CARTESIAN_POINT('',(177.431774646289,92.9685684926113,3.));
#15968=CARTESIAN_POINT('',(177.449505324094,122.986996964311,73.));
#15969=CARTESIAN_POINT('Origin',(183.,0.,0.));
#15970=CARTESIAN_POINT('',(183.,11.,3.));
#15971=CARTESIAN_POINT('',(183.,31.5,3.));
#15972=CARTESIAN_POINT('',(183.,11.,73.));
#15973=CARTESIAN_POINT('',(183.,11.,1.5));
#15974=CARTESIAN_POINT('',(183.,31.5,73.));
#15975=CARTESIAN_POINT('Origin',(93.,63.,73.));
#15976=CARTESIAN_POINT('',(186.,0.,73.));
#15977=CARTESIAN_POINT('',(0.,0.,73.));
#15978=CARTESIAN_POINT('',(186.,126.,73.));
#15979=CARTESIAN_POINT('',(186.,0.,73.));
#15980=CARTESIAN_POINT('',(186.,126.,73.));
#15981=CARTESIAN_POINT('',(175.,11.,73.));
#15982=CARTESIAN_POINT('',(183.,11.,73.));
#15983=CARTESIAN_POINT('',(175.,3.,73.));
#15984=CARTESIAN_POINT('',(175.,11.,73.));
#15985=CARTESIAN_POINT('',(11.,3.,73.));
#15986=CARTESIAN_POINT('',(46.5,3.,73.));
#15987=CARTESIAN_POINT('',(11.,11.,73.));
#15988=CARTESIAN_POINT('',(11.,3.,73.));
#15989=CARTESIAN_POINT('',(11.,11.,73.));
#15990=CARTESIAN_POINT('',(11.,115.,73.));
#15991=CARTESIAN_POINT('',(3.,115.,73.));
#15992=CARTESIAN_POINT('',(11.,123.,73.));
#15993=CARTESIAN_POINT('',(11.,115.,73.));
#15994=CARTESIAN_POINT('',(139.5,123.,73.));
#15995=CARTESIAN_POINT('',(6.2,7.,73.));
#15996=CARTESIAN_POINT('Origin',(7.,7.,73.));
#15997=CARTESIAN_POINT('',(178.2,7.,73.));
#15998=CARTESIAN_POINT('Origin',(179.,7.,73.));
#15999=CARTESIAN_POINT('',(6.2,119.,73.));
#16000=CARTESIAN_POINT('Origin',(7.,119.,73.));
#16001=CARTESIAN_POINT('Origin',(93.,63.,3.));
#16002=CARTESIAN_POINT('',(11.,123.,3.));
#16003=CARTESIAN_POINT('',(139.5,123.,3.));
#16004=CARTESIAN_POINT('',(11.,115.,3.));
#16005=CARTESIAN_POINT('',(11.,89.,3.));
#16006=CARTESIAN_POINT('',(48.,115.,3.));
#16007=CARTESIAN_POINT('',(11.,11.,3.));
#16008=CARTESIAN_POINT('',(52.,11.,3.));
#16009=CARTESIAN_POINT('',(11.,3.,3.));
#16010=CARTESIAN_POINT('',(11.,33.,3.));
#16011=CARTESIAN_POINT('',(175.,3.,3.));
#16012=CARTESIAN_POINT('',(46.5,3.,3.));
#16013=CARTESIAN_POINT('',(175.,11.,3.));
#16014=CARTESIAN_POINT('',(175.,37.,3.));
#16015=CARTESIAN_POINT('',(138.,11.,3.));
#16016=CARTESIAN_POINT('Origin',(7.,119.,61.));
#16017=CARTESIAN_POINT('',(6.2,119.,61.));
#16018=CARTESIAN_POINT('Origin',(7.,119.,61.));
#16019=CARTESIAN_POINT('',(6.2,119.,61.));
#16020=CARTESIAN_POINT('Origin',(7.,119.,61.));
#16021=CARTESIAN_POINT('Origin',(11.,115.,3.));
#16022=CARTESIAN_POINT('',(11.,123.,1.5));
#16023=CARTESIAN_POINT('',(11.,115.,3.));
#16024=CARTESIAN_POINT('Origin',(3.,115.,3.));
#16025=CARTESIAN_POINT('Origin',(186.,123.,0.));
#16026=CARTESIAN_POINT('Origin',(179.,7.,61.));
#16027=CARTESIAN_POINT('',(178.2,7.,61.));
#16028=CARTESIAN_POINT('Origin',(179.,7.,61.));
#16029=CARTESIAN_POINT('',(178.2,7.,61.));
#16030=CARTESIAN_POINT('Origin',(179.,7.,61.));
#16031=CARTESIAN_POINT('Origin',(183.,11.,3.));
#16032=CARTESIAN_POINT('',(175.,11.,3.));
#16033=CARTESIAN_POINT('Origin',(175.,11.,3.));
#16034=CARTESIAN_POINT('',(175.,3.,1.5));
#16035=CARTESIAN_POINT('Origin',(0.,3.,0.));
#16036=CARTESIAN_POINT('',(11.,3.,1.5));
#16037=CARTESIAN_POINT('Origin',(7.,7.,61.));
#16038=CARTESIAN_POINT('',(6.2,7.,61.));
#16039=CARTESIAN_POINT('Origin',(7.,7.,61.));
#16040=CARTESIAN_POINT('',(6.2,7.,61.));
#16041=CARTESIAN_POINT('Origin',(7.,7.,61.));
#16042=CARTESIAN_POINT('Origin',(11.,11.,3.));
#16043=CARTESIAN_POINT('',(11.,11.,3.));
#16044=CARTESIAN_POINT('Origin',(11.,3.,3.));
#16045=CARTESIAN_POINT('Origin',(186.,126.,0.));
#16046=CARTESIAN_POINT('',(186.,126.,0.));
#16047=CARTESIAN_POINT('',(186.,126.,0.));
#16048=CARTESIAN_POINT('',(186.,126.,0.));
#16049=CARTESIAN_POINT('Origin',(186.,0.,0.));
#16050=CARTESIAN_POINT('',(186.,0.,0.));
#16051=CARTESIAN_POINT('',(186.,0.,0.));
#16052=CARTESIAN_POINT('',(186.,0.,0.));
#16053=CARTESIAN_POINT('Origin',(0.,0.,0.));
#16054=CARTESIAN_POINT('',(0.,0.,0.));
#16055=CARTESIAN_POINT('Origin',(93.,63.,0.));
#16056=CARTESIAN_POINT('',(0.,0.,0.));
#16057=CARTESIAN_POINT('Origin',(93.,63.,2.5));
#16058=CARTESIAN_POINT('',(0.,126.,2.5));
#16059=CARTESIAN_POINT('',(186.,126.,2.5));
#16060=CARTESIAN_POINT('',(139.5,126.,2.5));
#16061=CARTESIAN_POINT('',(0.,0.,2.5));
#16062=CARTESIAN_POINT('',(0.,94.5,2.5));
#16063=CARTESIAN_POINT('',(186.,0.,2.5));
#16064=CARTESIAN_POINT('',(46.5,0.,2.5));
#16065=CARTESIAN_POINT('',(186.,31.5,2.5));
#16066=CARTESIAN_POINT('',(112.441614574106,57.5855757973688,2.5));
#16067=CARTESIAN_POINT('',(111.85027162189,56.7642661415142,2.5));
#16068=CARTESIAN_POINT('Origin',(111.,58.,2.5));
#16069=CARTESIAN_POINT('',(134.558385425894,57.5855757973688,2.5));
#16070=CARTESIAN_POINT('Origin',(123.5,49.,2.5));
#16071=CARTESIAN_POINT('',(135.14972837811,56.7642661415142,2.5));
#16072=CARTESIAN_POINT('Origin',(136.,58.,2.5));
#16073=CARTESIAN_POINT('',(135.14972837811,41.2357338584858,2.5));
#16074=CARTESIAN_POINT('Origin',(123.5,49.,2.5));
#16075=CARTESIAN_POINT('',(134.558385425894,40.4144242026312,2.5));
#16076=CARTESIAN_POINT('Origin',(136.,40.,2.5));
#16077=CARTESIAN_POINT('',(112.441614574106,40.4144242026312,2.5));
#16078=CARTESIAN_POINT('Origin',(123.5,49.,2.5));
#16079=CARTESIAN_POINT('',(111.85027162189,41.2357338584858,2.5));
#16080=CARTESIAN_POINT('Origin',(111.,40.,2.5));
#16081=CARTESIAN_POINT('Origin',(123.5,49.,2.5));
#16082=CARTESIAN_POINT('',(5.9,119.,2.5));
#16083=CARTESIAN_POINT('Origin',(7.,119.,2.5));
#16084=CARTESIAN_POINT('',(177.9,119.,2.5));
#16085=CARTESIAN_POINT('Origin',(179.,119.,2.5));
#16086=CARTESIAN_POINT('',(5.9,7.,2.5));
#16087=CARTESIAN_POINT('Origin',(7.,7.,2.5));
#16088=CARTESIAN_POINT('',(177.9,7.,2.5));
#16089=CARTESIAN_POINT('Origin',(179.,7.,2.5));
#16090=CARTESIAN_POINT('',(43.5,49.,2.5));
#16091=CARTESIAN_POINT('Origin',(57.5,49.,2.5));
#16092=CARTESIAN_POINT('Origin',(0.,126.,0.));
#16093=CARTESIAN_POINT('',(0.,126.,0.));
#16094=CARTESIAN_POINT('',(0.,126.,0.));
#16095=CARTESIAN_POINT('',(0.,0.,0.));
#16096=CARTESIAN_POINT('',(0.,126.,0.));
#16097=CARTESIAN_POINT('',(0.,0.,0.));
#16098=CARTESIAN_POINT('Origin',(186.,126.,0.));
#16099=CARTESIAN_POINT('',(186.,126.,0.));
#16100=CARTESIAN_POINT('',(186.,126.,0.));
#16101=CARTESIAN_POINT('',(186.,126.,0.));
#16102=CARTESIAN_POINT('Origin',(136.,40.,3.));
#16103=CARTESIAN_POINT('',(135.14972837811,41.2357338584858,0.));
#16104=CARTESIAN_POINT('',(135.14972837811,41.2357338584858,3.));
#16105=CARTESIAN_POINT('',(134.558385425894,40.4144242026312,0.));
#16106=CARTESIAN_POINT('Origin',(136.,40.,0.));
#16107=CARTESIAN_POINT('',(134.558385425894,40.4144242026312,3.));
#16108=CARTESIAN_POINT('Origin',(123.5,49.,0.));
#16109=CARTESIAN_POINT('',(135.14972837811,56.7642661415142,0.));
#16110=CARTESIAN_POINT('',(135.14972837811,56.7642661415142,3.));
#16111=CARTESIAN_POINT('',(135.14972837811,56.7642661415142,-5.));
#16112=CARTESIAN_POINT('',(135.14972837811,56.7642661415142,0.));
#16113=CARTESIAN_POINT('',(135.898516342222,55.5020606358032,-5.));
#16114=CARTESIAN_POINT('Origin',(123.5,49.,-5.));
#16115=CARTESIAN_POINT('',(135.898516342222,55.5020606358032,0.));
#16116=CARTESIAN_POINT('',(135.898516342222,55.5020606358032,0.));
#16117=CARTESIAN_POINT('',(135.898516342222,42.4979393641968,0.));
#16118=CARTESIAN_POINT('Origin',(123.5,49.,0.));
#16119=CARTESIAN_POINT('',(135.898516342222,42.4979393641968,-5.));
#16120=CARTESIAN_POINT('',(135.898516342222,42.4979393641968,0.));
#16121=CARTESIAN_POINT('',(135.14972837811,41.2357338584858,-5.));
#16122=CARTESIAN_POINT('Origin',(123.5,49.,-5.));
#16123=CARTESIAN_POINT('',(135.14972837811,41.2357338584858,0.));
#16124=CARTESIAN_POINT('Origin',(136.,58.,3.));
#16125=CARTESIAN_POINT('',(134.558385425894,57.5855757973688,0.));
#16126=CARTESIAN_POINT('',(134.558385425894,57.5855757973688,3.));
#16127=CARTESIAN_POINT('Origin',(136.,58.,0.));
#16128=CARTESIAN_POINT('Origin',(123.5,49.,0.));
#16129=CARTESIAN_POINT('',(112.441614574106,57.5855757973688,0.));
#16130=CARTESIAN_POINT('',(112.441614574106,57.5855757973688,3.));
#16131=CARTESIAN_POINT('',(112.441614574106,57.5855757973688,-5.));
#16132=CARTESIAN_POINT('',(112.441614574106,57.5855757973688,0.));
#16133=CARTESIAN_POINT('',(113.401150694171,58.6960426307932,-5.));
#16134=CARTESIAN_POINT('Origin',(123.5,49.,-5.));
#16135=CARTESIAN_POINT('',(113.401150694171,58.6960426307932,0.));
#16136=CARTESIAN_POINT('',(113.401150694171,58.6960426307932,0.));
#16137=CARTESIAN_POINT('',(133.598849305829,58.6960426307932,0.));
#16138=CARTESIAN_POINT('Origin',(123.5,49.,0.));
#16139=CARTESIAN_POINT('',(133.598849305829,58.6960426307932,-5.));
#16140=CARTESIAN_POINT('',(133.598849305829,58.6960426307932,0.));
#16141=CARTESIAN_POINT('',(134.558385425894,57.5855757973688,-5.));
#16142=CARTESIAN_POINT('Origin',(123.5,49.,-5.));
#16143=CARTESIAN_POINT('',(134.558385425894,57.5855757973688,0.));
#16144=CARTESIAN_POINT('Origin',(111.,40.,3.));
#16145=CARTESIAN_POINT('',(112.441614574106,40.4144242026312,0.));
#16146=CARTESIAN_POINT('',(112.441614574106,40.4144242026312,3.));
#16147=CARTESIAN_POINT('',(111.85027162189,41.2357338584858,0.));
#16148=CARTESIAN_POINT('Origin',(111.,40.,0.));
#16149=CARTESIAN_POINT('',(111.85027162189,41.2357338584858,3.));
#16150=CARTESIAN_POINT('Origin',(111.,58.,3.));
#16151=CARTESIAN_POINT('',(111.85027162189,56.7642661415142,0.));
#16152=CARTESIAN_POINT('',(111.85027162189,56.7642661415142,3.));
#16153=CARTESIAN_POINT('Origin',(111.,58.,0.));
#16154=CARTESIAN_POINT('Origin',(93.,63.,0.));
#16155=CARTESIAN_POINT('Origin',(136.,40.,0.));
#16156=CARTESIAN_POINT('Origin',(93.,63.,0.));
#16157=CARTESIAN_POINT('Origin',(136.,58.,0.));
#16158=CARTESIAN_POINT('Origin',(93.,63.,0.));
#16159=CARTESIAN_POINT('Origin',(111.,40.,0.));
#16160=CARTESIAN_POINT('Origin',(93.,63.,0.));
#16161=CARTESIAN_POINT('Origin',(111.,58.,0.));
#16162=CARTESIAN_POINT('Origin',(136.,40.,0.));
#16163=CARTESIAN_POINT('',(134.558385425894,40.4144242026312,-5.));
#16164=CARTESIAN_POINT('Origin',(136.,40.,-5.));
#16165=CARTESIAN_POINT('',(134.558385425894,40.4144242026312,0.));
#16166=CARTESIAN_POINT('Origin',(136.,40.,0.));
#16167=CARTESIAN_POINT('',(133.598849305829,39.3039573692068,0.));
#16168=CARTESIAN_POINT('Origin',(136.,40.,0.));
#16169=CARTESIAN_POINT('',(133.598849305829,39.3039573692068,-5.));
#16170=CARTESIAN_POINT('',(133.598849305829,39.3039573692068,0.));
#16171=CARTESIAN_POINT('Origin',(136.,40.,-5.));
#16172=CARTESIAN_POINT('Origin',(123.5,49.,-5.));
#16173=CARTESIAN_POINT('Origin',(123.5,49.,-5.));
#16174=CARTESIAN_POINT('Origin',(111.,40.,0.));
#16175=CARTESIAN_POINT('',(112.441614574106,40.4144242026312,-5.));
#16176=CARTESIAN_POINT('',(112.441614574106,40.4144242026312,0.));
#16177=CARTESIAN_POINT('',(111.85027162189,41.2357338584858,-5.));
#16178=CARTESIAN_POINT('Origin',(111.,40.,-5.));
#16179=CARTESIAN_POINT('',(111.85027162189,41.2357338584858,0.));
#16180=CARTESIAN_POINT('Origin',(123.5,49.,0.));
#16181=CARTESIAN_POINT('',(111.101483657778,42.4979393641968,-5.));
#16182=CARTESIAN_POINT('Origin',(123.5,49.,-5.));
#16183=CARTESIAN_POINT('',(111.101483657778,42.4979393641968,0.));
#16184=CARTESIAN_POINT('',(111.101483657778,42.4979393641968,0.));
#16185=CARTESIAN_POINT('',(111.101483657778,55.5020606358032,0.));
#16186=CARTESIAN_POINT('Origin',(123.5,49.,0.));
#16187=CARTESIAN_POINT('',(111.101483657778,55.5020606358032,-5.));
#16188=CARTESIAN_POINT('',(111.101483657778,55.5020606358032,0.));
#16189=CARTESIAN_POINT('',(111.85027162189,56.7642661415142,-5.));
#16190=CARTESIAN_POINT('Origin',(123.5,49.,-5.));
#16191=CARTESIAN_POINT('',(111.85027162189,56.7642661415142,0.));
#16192=CARTESIAN_POINT('Origin',(111.,40.,0.));
#16193=CARTESIAN_POINT('',(113.401150694171,39.3039573692068,0.));
#16194=CARTESIAN_POINT('Origin',(111.,40.,0.));
#16195=CARTESIAN_POINT('',(113.401150694171,39.3039573692068,-5.));
#16196=CARTESIAN_POINT('Origin',(111.,40.,-5.));
#16197=CARTESIAN_POINT('',(113.401150694171,39.3039573692068,0.));
#16198=CARTESIAN_POINT('Origin',(123.5,49.,0.));
#16199=CARTESIAN_POINT('Origin',(123.5,49.,0.));
#16200=CARTESIAN_POINT('Origin',(123.5,49.,-5.));
#16201=CARTESIAN_POINT('Origin',(123.5,49.,-5.));
#16202=CARTESIAN_POINT('Origin',(136.,58.,0.));
#16203=CARTESIAN_POINT('Origin',(136.,58.,-5.));
#16204=CARTESIAN_POINT('Origin',(136.,58.,0.));
#16205=CARTESIAN_POINT('Origin',(136.,58.,0.));
#16206=CARTESIAN_POINT('Origin',(136.,58.,-5.));
#16207=CARTESIAN_POINT('Origin',(123.5,49.,-5.));
#16208=CARTESIAN_POINT('Origin',(111.,58.,0.));
#16209=CARTESIAN_POINT('Origin',(111.,58.,-5.));
#16210=CARTESIAN_POINT('Origin',(111.,58.,0.));
#16211=CARTESIAN_POINT('Origin',(111.,58.,0.));
#16212=CARTESIAN_POINT('Origin',(111.,58.,-5.));
#16213=CARTESIAN_POINT('Origin',(123.5,49.,-5.));
#16214=CARTESIAN_POINT('Origin',(70.,40.,0.));
#16215=CARTESIAN_POINT('',(69.1497283781098,41.2357338584858,0.));
#16216=CARTESIAN_POINT('',(68.5583854258945,40.4144242026312,0.));
#16217=CARTESIAN_POINT('Origin',(70.,40.,0.));
#16218=CARTESIAN_POINT('',(69.1497283781098,41.2357338584858,-5.));
#16219=CARTESIAN_POINT('',(69.1497283781098,41.2357338584858,0.));
#16220=CARTESIAN_POINT('',(68.5583854258945,40.4144242026312,-5.));
#16221=CARTESIAN_POINT('Origin',(70.,40.,-5.));
#16222=CARTESIAN_POINT('',(68.5583854258945,40.4144242026312,0.));
#16223=CARTESIAN_POINT('Origin',(70.,40.,0.));
#16224=CARTESIAN_POINT('',(67.5988493058289,39.3039573692068,0.));
#16225=CARTESIAN_POINT('',(69.8985163422217,42.4979393641968,0.));
#16226=CARTESIAN_POINT('Origin',(70.,40.,0.));
#16227=CARTESIAN_POINT('',(67.5988493058289,39.3039573692068,-5.));
#16228=CARTESIAN_POINT('',(67.5988493058289,39.3039573692068,0.));
#16229=CARTESIAN_POINT('',(69.8985163422217,42.4979393641968,-5.));
#16230=CARTESIAN_POINT('Origin',(70.,40.,-5.));
#16231=CARTESIAN_POINT('',(69.8985163422217,42.4979393641968,0.));
#16232=CARTESIAN_POINT('Origin',(57.5,49.,-5.));
#16233=CARTESIAN_POINT('Origin',(57.5,49.,-5.));
#16234=CARTESIAN_POINT('Origin',(57.5,49.,-5.));
#16235=CARTESIAN_POINT('Origin',(93.,63.,0.));
#16236=CARTESIAN_POINT('Origin',(57.5,49.,0.));
#16237=CARTESIAN_POINT('Origin',(93.,63.,0.));
#16238=CARTESIAN_POINT('',(186.,0.,0.));
#16239=CARTESIAN_POINT('',(186.,0.,0.));
#16240=CARTESIAN_POINT('',(0.,0.,0.));
#16241=CARTESIAN_POINT('',(69.8985163422217,55.5020606358032,0.));
#16242=CARTESIAN_POINT('Origin',(57.5,49.,0.));
#16243=CARTESIAN_POINT('',(67.5988493058289,58.6960426307932,0.));
#16244=CARTESIAN_POINT('Origin',(70.,58.,0.));
#16245=CARTESIAN_POINT('',(47.4011506941711,58.6960426307932,0.));
#16246=CARTESIAN_POINT('Origin',(57.5,49.,0.));
#16247=CARTESIAN_POINT('',(45.1014836577783,55.5020606358032,0.));
#16248=CARTESIAN_POINT('Origin',(45.,58.,0.));
#16249=CARTESIAN_POINT('',(43.5,49.,0.));
#16250=CARTESIAN_POINT('Origin',(57.5,49.,0.));
#16251=CARTESIAN_POINT('',(45.1014836577783,42.4979393641968,0.));
#16252=CARTESIAN_POINT('Origin',(57.5,49.,0.));
#16253=CARTESIAN_POINT('',(47.4011506941711,39.3039573692068,0.));
#16254=CARTESIAN_POINT('Origin',(45.,40.,0.));
#16255=CARTESIAN_POINT('Origin',(57.5,49.,0.));
#16256=CARTESIAN_POINT('',(5.9,119.,0.));
#16257=CARTESIAN_POINT('Origin',(7.,119.,0.));
#16258=CARTESIAN_POINT('',(177.9,119.,0.));
#16259=CARTESIAN_POINT('Origin',(179.,119.,0.));
#16260=CARTESIAN_POINT('',(5.9,7.,0.));
#16261=CARTESIAN_POINT('Origin',(7.,7.,0.));
#16262=CARTESIAN_POINT('',(177.9,7.,0.));
#16263=CARTESIAN_POINT('Origin',(179.,7.,0.));
#16264=CARTESIAN_POINT('Origin',(45.,58.,0.));
#16265=CARTESIAN_POINT('',(45.8502716218902,56.7642661415142,0.));
#16266=CARTESIAN_POINT('',(46.4416145741056,57.5855757973689,0.));
#16267=CARTESIAN_POINT('Origin',(45.,58.,0.));
#16268=CARTESIAN_POINT('',(45.8502716218902,56.7642661415142,-5.));
#16269=CARTESIAN_POINT('',(45.8502716218902,56.7642661415142,0.));
#16270=CARTESIAN_POINT('',(46.4416145741056,57.5855757973689,-5.));
#16271=CARTESIAN_POINT('Origin',(45.,58.,-5.));
#16272=CARTESIAN_POINT('',(46.4416145741056,57.5855757973689,0.));
#16273=CARTESIAN_POINT('Origin',(45.,58.,0.));
#16274=CARTESIAN_POINT('',(47.4011506941711,58.6960426307932,-5.));
#16275=CARTESIAN_POINT('',(47.4011506941711,58.6960426307932,0.));
#16276=CARTESIAN_POINT('',(45.1014836577783,55.5020606358032,-5.));
#16277=CARTESIAN_POINT('Origin',(45.,58.,-5.));
#16278=CARTESIAN_POINT('',(45.1014836577783,55.5020606358032,0.));
#16279=CARTESIAN_POINT('Origin',(57.5,49.,-5.));
#16280=CARTESIAN_POINT('Origin',(57.5,49.,-5.));
#16281=CARTESIAN_POINT('Origin',(57.5,49.,-5.));
#16282=CARTESIAN_POINT('Origin',(93.,63.,0.));
#16283=CARTESIAN_POINT('Origin',(57.5,49.,0.));
#16284=CARTESIAN_POINT('Origin',(45.,40.,0.));
#16285=CARTESIAN_POINT('',(46.4416145741055,40.4144242026312,0.));
#16286=CARTESIAN_POINT('',(45.8502716218902,41.2357338584858,0.));
#16287=CARTESIAN_POINT('Origin',(45.,40.,0.));
#16288=CARTESIAN_POINT('',(46.4416145741055,40.4144242026312,-5.));
#16289=CARTESIAN_POINT('',(46.4416145741055,40.4144242026312,0.));
#16290=CARTESIAN_POINT('',(45.8502716218902,41.2357338584858,-5.));
#16291=CARTESIAN_POINT('Origin',(45.,40.,-5.));
#16292=CARTESIAN_POINT('',(45.8502716218902,41.2357338584858,0.));
#16293=CARTESIAN_POINT('Origin',(45.,40.,0.));
#16294=CARTESIAN_POINT('',(45.1014836577783,42.4979393641968,-5.));
#16295=CARTESIAN_POINT('',(45.1014836577783,42.4979393641968,0.));
#16296=CARTESIAN_POINT('',(47.4011506941711,39.3039573692068,-5.));
#16297=CARTESIAN_POINT('Origin',(45.,40.,-5.));
#16298=CARTESIAN_POINT('',(47.4011506941711,39.3039573692068,0.));
#16299=CARTESIAN_POINT('Origin',(57.5,49.,-5.));
#16300=CARTESIAN_POINT('Origin',(57.5,49.,-5.));
#16301=CARTESIAN_POINT('Origin',(57.5,49.,-5.));
#16302=CARTESIAN_POINT('Origin',(93.,63.,0.));
#16303=CARTESIAN_POINT('Origin',(57.5,49.,0.));
#16304=CARTESIAN_POINT('Origin',(70.,58.,0.));
#16305=CARTESIAN_POINT('',(68.5583854258944,57.5855757973688,0.));
#16306=CARTESIAN_POINT('',(69.1497283781098,56.7642661415142,0.));
#16307=CARTESIAN_POINT('Origin',(70.,58.,0.));
#16308=CARTESIAN_POINT('',(68.5583854258944,57.5855757973688,-5.));
#16309=CARTESIAN_POINT('',(68.5583854258944,57.5855757973688,0.));
#16310=CARTESIAN_POINT('',(69.1497283781098,56.7642661415142,-5.));
#16311=CARTESIAN_POINT('Origin',(70.,58.,-5.));
#16312=CARTESIAN_POINT('',(69.1497283781098,56.7642661415142,0.));
#16313=CARTESIAN_POINT('Origin',(70.,58.,0.));
#16314=CARTESIAN_POINT('',(69.8985163422217,55.5020606358032,-5.));
#16315=CARTESIAN_POINT('',(69.8985163422217,55.5020606358032,0.));
#16316=CARTESIAN_POINT('',(67.5988493058289,58.6960426307932,-5.));
#16317=CARTESIAN_POINT('Origin',(70.,58.,-5.));
#16318=CARTESIAN_POINT('',(67.5988493058289,58.6960426307932,0.));
#16319=CARTESIAN_POINT('Origin',(57.5,49.,-5.));
#16320=CARTESIAN_POINT('Origin',(57.5,49.,-5.));
#16321=CARTESIAN_POINT('Origin',(57.5,49.,-5.));
#16322=CARTESIAN_POINT('Origin',(93.,63.,0.));
#16323=CARTESIAN_POINT('Origin',(57.5,49.,0.));
#16324=CARTESIAN_POINT('Origin',(7.,119.,3.));
#16325=CARTESIAN_POINT('',(5.9,119.,3.));
#16326=CARTESIAN_POINT('Origin',(179.,119.,3.));
#16327=CARTESIAN_POINT('',(177.9,119.,3.));
#16328=CARTESIAN_POINT('Origin',(7.,7.,3.));
#16329=CARTESIAN_POINT('',(5.9,7.,3.));
#16330=CARTESIAN_POINT('Origin',(179.,7.,3.));
#16331=CARTESIAN_POINT('',(177.9,7.,3.));
#16332=CARTESIAN_POINT('Origin',(57.5,49.,3.));
#16333=CARTESIAN_POINT('',(43.5,49.,3.));
#16334=CARTESIAN_POINT('Origin',(186.,0.,0.));
#16335=CARTESIAN_POINT('',(186.,0.,0.));
#16336=CARTESIAN_POINT('Origin',(0.,0.,0.));
#16337=CARTESIAN_POINT('',(0.,0.,0.));
#16338=CARTESIAN_POINT('',(0.,0.,0.));
#16339=CARTESIAN_POINT('Origin',(0.967527288054152,20.5,0.));
#16340=CARTESIAN_POINT('',(0.967527288054152,17.5,35.));
#16341=CARTESIAN_POINT('',(-2.03247271194585,20.5,35.));
#16342=CARTESIAN_POINT('Origin',(0.967527288054152,20.5,35.));
#16343=CARTESIAN_POINT('',(-2.03247271194585,20.5,0.));
#16344=CARTESIAN_POINT('',(-2.03247271194585,20.5,0.));
#16345=CARTESIAN_POINT('',(0.967527288054152,17.5,0.));
#16346=CARTESIAN_POINT('Origin',(0.967527288054152,20.5,0.));
#16347=CARTESIAN_POINT('',(0.967527288054152,17.5,0.));
#16348=CARTESIAN_POINT('Origin',(40.2337636440271,65.,35.));
#16349=CARTESIAN_POINT('',(79.5,17.5,35.));
#16350=CARTESIAN_POINT('',(-2.03247271194585,17.5,35.));
#16351=CARTESIAN_POINT('',(82.5,20.5,35.));
#16352=CARTESIAN_POINT('Origin',(79.5,20.5,35.));
#16353=CARTESIAN_POINT('',(82.5,109.5,35.));
#16354=CARTESIAN_POINT('',(82.5,17.5,35.));
#16355=CARTESIAN_POINT('',(79.5,112.5,35.));
#16356=CARTESIAN_POINT('Origin',(79.5,109.5,35.));
#16357=CARTESIAN_POINT('',(0.967527288054164,112.5,35.));
#16358=CARTESIAN_POINT('',(82.5,112.5,35.));
#16359=CARTESIAN_POINT('',(-2.03247271194585,109.5,35.));
#16360=CARTESIAN_POINT('Origin',(0.967527288054155,109.5,35.));
#16361=CARTESIAN_POINT('',(-2.03247271194585,112.5,35.));
#16362=CARTESIAN_POINT('',(2.69731219789962,21.5,35.));
#16363=CARTESIAN_POINT('Origin',(1.94731219789962,21.5,35.));
#16364=CARTESIAN_POINT('',(2.71752728805415,108.5,35.));
#16365=CARTESIAN_POINT('Origin',(1.96752728805415,108.5,35.));
#16366=CARTESIAN_POINT('',(79.25,108.5,35.));
#16367=CARTESIAN_POINT('Origin',(78.5,108.5,35.));
#16368=CARTESIAN_POINT('',(79.25,21.5,35.));
#16369=CARTESIAN_POINT('Origin',(78.5,21.5,35.));
#16370=CARTESIAN_POINT('',(0.467527288054152,23.,35.));
#16371=CARTESIAN_POINT('',(0.467527288054152,107.,35.));
#16372=CARTESIAN_POINT('',(0.467527288054152,110.,35.));
#16373=CARTESIAN_POINT('',(3.46752728805415,107.,35.));
#16374=CARTESIAN_POINT('',(20.3506454660406,107.,35.));
#16375=CARTESIAN_POINT('',(3.46752728805415,110.,35.));
#16376=CARTESIAN_POINT('',(3.46752728805415,86.,35.));
#16377=CARTESIAN_POINT('',(77.,110.,35.));
#16378=CARTESIAN_POINT('',(80.,110.,35.));
#16379=CARTESIAN_POINT('',(77.,107.,35.));
#16380=CARTESIAN_POINT('',(77.,87.5,35.));
#16381=CARTESIAN_POINT('',(80.,107.,35.));
#16382=CARTESIAN_POINT('',(58.6168818220135,107.,35.));
#16383=CARTESIAN_POINT('',(80.,23.,35.));
#16384=CARTESIAN_POINT('',(80.,20.,35.));
#16385=CARTESIAN_POINT('',(77.,23.,35.));
#16386=CARTESIAN_POINT('',(60.1168818220135,23.,35.));
#16387=CARTESIAN_POINT('',(77.,20.,35.));
#16388=CARTESIAN_POINT('',(77.,44.,35.));
#16389=CARTESIAN_POINT('',(3.46752728805415,20.,35.));
#16390=CARTESIAN_POINT('',(0.467527288054152,20.,35.));
#16391=CARTESIAN_POINT('',(3.46752728805415,23.,35.));
#16392=CARTESIAN_POINT('',(3.46752728805415,42.5,35.));
#16393=CARTESIAN_POINT('',(21.8506454660406,23.,35.));
#16394=CARTESIAN_POINT('Origin',(-2.03247271194585,17.5,0.));
#16395=CARTESIAN_POINT('',(79.5,17.5,0.));
#16396=CARTESIAN_POINT('',(-2.03247271194585,17.5,0.));
#16397=CARTESIAN_POINT('',(79.5,17.5,0.));
#16398=CARTESIAN_POINT('',(50.2337636440271,17.5,13.9999996870756));
#16399=CARTESIAN_POINT('',(30.2337636440271,17.5,13.9999996870756));
#16400=CARTESIAN_POINT('',(24.1006454660406,17.5,13.9999996870756));
#16401=CARTESIAN_POINT('',(30.2337636440271,17.5,21.0000003129244));
#16402=CARTESIAN_POINT('Origin',(30.2337636440271,17.5,17.5));
#16403=CARTESIAN_POINT('',(50.2337636440271,17.5,21.0000003129244));
#16404=CARTESIAN_POINT('',(14.1006454660406,17.5,21.0000003129244));
#16405=CARTESIAN_POINT('Origin',(50.2337636440271,17.5,17.5));
#16406=CARTESIAN_POINT('Origin',(79.5,20.5,0.));
#16407=CARTESIAN_POINT('',(82.5,20.5,0.));
#16408=CARTESIAN_POINT('Origin',(79.5,20.5,0.));
#16409=CARTESIAN_POINT('',(82.5,20.5,0.));
#16410=CARTESIAN_POINT('Origin',(79.5,109.5,0.));
#16411=CARTESIAN_POINT('',(82.5,109.5,0.));
#16412=CARTESIAN_POINT('',(82.5,109.5,0.));
#16413=CARTESIAN_POINT('',(79.5,112.5,0.));
#16414=CARTESIAN_POINT('Origin',(79.5,109.5,0.));
#16415=CARTESIAN_POINT('',(79.5,112.5,0.));
#16416=CARTESIAN_POINT('Origin',(82.5,112.5,0.));
#16417=CARTESIAN_POINT('',(0.967527288054164,112.5,0.));
#16418=CARTESIAN_POINT('',(82.5,112.5,0.));
#16419=CARTESIAN_POINT('',(0.967527288054155,112.5,0.));
#16420=CARTESIAN_POINT('Origin',(0.967527288054155,109.5,0.));
#16421=CARTESIAN_POINT('',(-2.03247271194585,109.5,0.));
#16422=CARTESIAN_POINT('Origin',(0.967527288054155,109.5,0.));
#16423=CARTESIAN_POINT('',(-2.03247271194585,109.5,0.));
#16424=CARTESIAN_POINT('Origin',(66.9744044735272,48.5,13.));
#16425=CARTESIAN_POINT('',(67.7244044735272,48.5,13.));
#16426=CARTESIAN_POINT('Origin',(66.9744044735272,48.5,13.));
#16427=CARTESIAN_POINT('',(67.7244044735272,48.5,9.));
#16428=CARTESIAN_POINT('',(67.7244044735272,48.5,13.));
#16429=CARTESIAN_POINT('Origin',(66.9744044735272,48.5,9.));
#16430=CARTESIAN_POINT('Origin',(66.9744044735272,48.5,9.));
#16431=CARTESIAN_POINT('Origin',(10.4744044735272,48.5,13.));
#16432=CARTESIAN_POINT('',(11.2244044735272,48.5,13.));
#16433=CARTESIAN_POINT('Origin',(10.4744044735272,48.5,13.));
#16434=CARTESIAN_POINT('',(11.2244044735272,48.5,9.));
#16435=CARTESIAN_POINT('',(11.2244044735272,48.5,13.));
#16436=CARTESIAN_POINT('Origin',(10.4744044735272,48.5,9.));
#16437=CARTESIAN_POINT('Origin',(10.4744044735272,48.5,9.));
#16438=CARTESIAN_POINT('Origin',(66.9744044735272,30.,13.));
#16439=CARTESIAN_POINT('',(67.7244044735272,30.,13.));
#16440=CARTESIAN_POINT('Origin',(66.9744044735272,30.,13.));
#16441=CARTESIAN_POINT('',(67.7244044735272,30.,9.));
#16442=CARTESIAN_POINT('',(67.7244044735272,30.,13.));
#16443=CARTESIAN_POINT('Origin',(66.9744044735272,30.,9.));
#16444=CARTESIAN_POINT('Origin',(66.9744044735272,30.,9.));
#16445=CARTESIAN_POINT('Origin',(10.4744044735272,30.,13.));
#16446=CARTESIAN_POINT('',(11.2244044735272,30.,13.));
#16447=CARTESIAN_POINT('Origin',(10.4744044735272,30.,13.));
#16448=CARTESIAN_POINT('',(11.2244044735272,30.,9.));
#16449=CARTESIAN_POINT('',(11.2244044735272,30.,13.));
#16450=CARTESIAN_POINT('Origin',(10.4744044735272,30.,9.));
#16451=CARTESIAN_POINT('Origin',(10.4744044735272,30.,9.));
#16452=CARTESIAN_POINT('Origin',(1.94731219789962,21.5,35.));
#16453=CARTESIAN_POINT('',(2.69731219789962,21.5,25.));
#16454=CARTESIAN_POINT('',(2.69731219789962,21.5,35.));
#16455=CARTESIAN_POINT('Origin',(1.94731219789962,21.5,25.));
#16456=CARTESIAN_POINT('Origin',(1.94731219789962,21.5,25.));
#16457=CARTESIAN_POINT('Origin',(1.96752728805415,108.5,35.));
#16458=CARTESIAN_POINT('',(2.71752728805415,108.5,25.));
#16459=CARTESIAN_POINT('',(2.71752728805415,108.5,35.));
#16460=CARTESIAN_POINT('Origin',(1.96752728805415,108.5,25.));
#16461=CARTESIAN_POINT('Origin',(1.96752728805415,108.5,25.));
#16462=CARTESIAN_POINT('Origin',(78.5,108.5,35.));
#16463=CARTESIAN_POINT('',(79.25,108.5,25.));
#16464=CARTESIAN_POINT('',(79.25,108.5,35.));
#16465=CARTESIAN_POINT('Origin',(78.5,108.5,25.));
#16466=CARTESIAN_POINT('Origin',(78.5,108.5,25.));
#16467=CARTESIAN_POINT('Origin',(78.5,21.5,35.));
#16468=CARTESIAN_POINT('',(79.25,21.5,25.));
#16469=CARTESIAN_POINT('',(79.25,21.5,35.));
#16470=CARTESIAN_POINT('Origin',(78.5,21.5,25.));
#16471=CARTESIAN_POINT('Origin',(78.5,21.5,25.));
#16472=CARTESIAN_POINT('Origin',(0.467527288054152,107.,0.));
#16473=CARTESIAN_POINT('',(3.46752728805415,107.,3.));
#16474=CARTESIAN_POINT('',(0.467527288054152,107.,3.));
#16475=CARTESIAN_POINT('',(20.3506454660406,107.,3.));
#16476=CARTESIAN_POINT('',(3.46752728805415,107.,0.));
#16477=CARTESIAN_POINT('',(0.467527288054152,107.,0.));
#16478=CARTESIAN_POINT('Origin',(3.46752728805415,107.,0.));
#16479=CARTESIAN_POINT('',(3.46752728805415,110.,3.));
#16480=CARTESIAN_POINT('',(3.46752728805415,86.,3.));
#16481=CARTESIAN_POINT('',(3.46752728805415,110.,0.));
#16482=CARTESIAN_POINT('Origin',(0.467527288054148,110.,0.));
#16483=CARTESIAN_POINT('',(77.,110.,3.));
#16484=CARTESIAN_POINT('',(80.,110.,3.));
#16485=CARTESIAN_POINT('',(77.,110.,0.));
#16486=CARTESIAN_POINT('Origin',(77.,107.,0.));
#16487=CARTESIAN_POINT('',(80.,107.,3.));
#16488=CARTESIAN_POINT('',(77.,107.,3.));
#16489=CARTESIAN_POINT('',(58.6168818220135,107.,3.));
#16490=CARTESIAN_POINT('',(80.,107.,0.));
#16491=CARTESIAN_POINT('',(77.,107.,0.));
#16492=CARTESIAN_POINT('Origin',(77.,110.,0.));
#16493=CARTESIAN_POINT('',(77.,87.5,3.));
#16494=CARTESIAN_POINT('Origin',(40.2337636440271,65.,3.));
#16495=CARTESIAN_POINT('',(0.467527288054148,92.5,3.));
#16496=CARTESIAN_POINT('',(0.467527288054152,110.,3.));
#16497=CARTESIAN_POINT('',(2.96606875636576,90.0014585316884,3.));
#16498=CARTESIAN_POINT('Origin',(2.96606875636576,92.5,3.));
#16499=CARTESIAN_POINT('Origin',(2.96606875636576,92.5,3.));
#16500=CARTESIAN_POINT('',(0.467527288054148,70.,3.));
#16501=CARTESIAN_POINT('',(0.467527288054152,110.,3.));
#16502=CARTESIAN_POINT('',(2.96606875636578,67.5014585316883,3.));
#16503=CARTESIAN_POINT('Origin',(2.96606875636578,70.,3.));
#16504=CARTESIAN_POINT('Origin',(2.96606875636578,70.,3.));
#16505=CARTESIAN_POINT('',(0.467527288054152,23.,3.));
#16506=CARTESIAN_POINT('',(0.467527288054152,110.,3.));
#16507=CARTESIAN_POINT('',(3.46752728805415,23.,3.));
#16508=CARTESIAN_POINT('',(21.8506454660406,23.,3.));
#16509=CARTESIAN_POINT('',(3.46752728805415,20.,3.));
#16510=CARTESIAN_POINT('',(3.46752728805415,42.5,3.));
#16511=CARTESIAN_POINT('',(77.,20.,3.));
#16512=CARTESIAN_POINT('',(0.467527288054152,20.,3.));
#16513=CARTESIAN_POINT('',(77.,23.,3.));
#16514=CARTESIAN_POINT('',(77.,44.,3.));
#16515=CARTESIAN_POINT('',(80.,23.,3.));
#16516=CARTESIAN_POINT('',(60.1168818220135,23.,3.));
#16517=CARTESIAN_POINT('',(80.,20.,3.));
#16518=CARTESIAN_POINT('',(48.9660687563658,67.5,3.));
#16519=CARTESIAN_POINT('Origin',(48.9660687563658,70.,3.));
#16520=CARTESIAN_POINT('',(64.4744044735272,48.5,3.));
#16521=CARTESIAN_POINT('Origin',(66.9744044735272,48.5,3.));
#16522=CARTESIAN_POINT('',(7.97440447352721,48.5,3.));
#16523=CARTESIAN_POINT('Origin',(10.4744044735272,48.5,3.));
#16524=CARTESIAN_POINT('',(40.,52.,3.));
#16525=CARTESIAN_POINT('',(20.0000005215406,52.,3.));
#16526=CARTESIAN_POINT('',(40.,52.,3.));
#16527=CARTESIAN_POINT('',(20.0000005215406,54.5,3.));
#16528=CARTESIAN_POINT('',(20.0000005215406,52.,3.));
#16529=CARTESIAN_POINT('',(40.,54.5,3.));
#16530=CARTESIAN_POINT('',(20.0000005215406,54.5,3.));
#16531=CARTESIAN_POINT('',(40.,54.5,3.));
#16532=CARTESIAN_POINT('',(7.97440447352721,30.,3.));
#16533=CARTESIAN_POINT('Origin',(10.4744044735272,30.,3.));
#16534=CARTESIAN_POINT('',(64.4744044735272,30.,3.));
#16535=CARTESIAN_POINT('Origin',(66.9744044735272,30.,3.));
#16536=CARTESIAN_POINT('',(40.0000005960464,64.,3.));
#16537=CARTESIAN_POINT('',(20.0000005215406,64.,3.));
#16538=CARTESIAN_POINT('',(40.0000005960464,64.,3.));
#16539=CARTESIAN_POINT('',(20.0000005215406,66.5,3.));
#16540=CARTESIAN_POINT('',(20.0000005215406,64.,3.));
#16541=CARTESIAN_POINT('',(40.0000005960464,66.5,3.));
#16542=CARTESIAN_POINT('',(20.0000005215406,66.5,3.));
#16543=CARTESIAN_POINT('',(40.0000005960464,66.5,3.));
#16544=CARTESIAN_POINT('',(48.9660687563658,90.,3.));
#16545=CARTESIAN_POINT('Origin',(48.9660687563658,92.5,3.));
#16546=CARTESIAN_POINT('Origin',(3.46752728805415,23.,0.));
#16547=CARTESIAN_POINT('',(0.467527288054152,23.,0.));
#16548=CARTESIAN_POINT('',(3.46752728805415,23.,0.));
#16549=CARTESIAN_POINT('Origin',(3.46752728805415,20.,0.));
#16550=CARTESIAN_POINT('',(3.46752728805415,20.,0.));
#16551=CARTESIAN_POINT('Origin',(80.,20.,0.));
#16552=CARTESIAN_POINT('',(77.,20.,0.));
#16553=CARTESIAN_POINT('',(30.2337636440271,20.,13.9999996870756));
#16554=CARTESIAN_POINT('',(50.2337636440271,20.,13.9999996870756));
#16555=CARTESIAN_POINT('',(65.1168818220135,20.,13.9999996870756));
#16556=CARTESIAN_POINT('',(50.2337636440271,20.,21.0000003129244));
#16557=CARTESIAN_POINT('Origin',(50.2337636440271,20.,17.5));
#16558=CARTESIAN_POINT('',(30.2337636440271,20.,21.0000003129244));
#16559=CARTESIAN_POINT('',(55.1168818220135,20.,21.0000003129244));
#16560=CARTESIAN_POINT('Origin',(30.2337636440271,20.,17.5));
#16561=CARTESIAN_POINT('Origin',(77.,23.,0.));
#16562=CARTESIAN_POINT('',(77.,23.,0.));
#16563=CARTESIAN_POINT('Origin',(80.,23.,0.));
#16564=CARTESIAN_POINT('',(80.,23.,0.));
#16565=CARTESIAN_POINT('Origin',(-2.03247271194585,62.5000009313226,10.0000001490116));
#16566=CARTESIAN_POINT('',(-2.03247271194585,65.2500009313226,10.0000001490116));
#16567=CARTESIAN_POINT('Origin',(-2.03247271194585,62.5000009313226,10.0000001490116));
#16568=CARTESIAN_POINT('',(0.467527288054152,65.2500009313226,10.0000001490116));
#16569=CARTESIAN_POINT('',(-2.03247271194585,65.2500009313226,10.0000001490116));
#16570=CARTESIAN_POINT('Origin',(0.467527288054152,62.5000009313226,10.0000001490116));
#16571=CARTESIAN_POINT('Origin',(-2.03247271194585,55.9999990686775,10.0000001490116));
#16572=CARTESIAN_POINT('',(-2.03247271194585,58.7499990686775,10.0000001490116));
#16573=CARTESIAN_POINT('Origin',(-2.03247271194585,55.9999990686775,10.0000001490116));
#16574=CARTESIAN_POINT('',(0.467527288054152,58.7499990686775,10.0000001490116));
#16575=CARTESIAN_POINT('',(-2.03247271194585,58.7499990686775,10.0000001490116));
#16576=CARTESIAN_POINT('Origin',(0.467527288054152,55.9999990686775,10.0000001490116));
#16577=CARTESIAN_POINT('Origin',(30.2337636440271,17.5,21.0000003129244));
#16578=CARTESIAN_POINT('',(50.2337636440271,17.5,21.0000003129244));
#16579=CARTESIAN_POINT('',(30.2337636440271,17.5,21.0000003129244));
#16580=CARTESIAN_POINT('Origin',(30.2337636440271,17.5,17.5));
#16581=CARTESIAN_POINT('',(30.2337636440271,17.5,13.9999996870756));
#16582=CARTESIAN_POINT('Origin',(50.2337636440271,17.5,13.9999996870756));
#16583=CARTESIAN_POINT('',(50.2337636440271,17.5,13.9999996870756));
#16584=CARTESIAN_POINT('Origin',(50.2337636440271,17.5,17.5));
#16585=CARTESIAN_POINT('Origin',(-2.03247271194585,74.7,23.5000003799796));
#16586=CARTESIAN_POINT('',(-2.03247271194585,74.7,23.5000003799796));
#16587=CARTESIAN_POINT('',(-2.03247271194585,87.8,23.5000003799796));
#16588=CARTESIAN_POINT('',(-2.03247271194585,93.6,23.5000003799796));
#16589=CARTESIAN_POINT('',(-0.0324727119458479,74.7,23.5000003799796));
#16590=CARTESIAN_POINT('',(-2.03247271194585,74.7,23.5000003799796));
#16591=CARTESIAN_POINT('',(-0.0324727119458479,87.8,23.5000003799796));
#16592=CARTESIAN_POINT('',(-0.0324727119458479,87.8,23.5000003799796));
#16593=CARTESIAN_POINT('',(-2.03247271194585,87.8,23.5000003799796));
#16594=CARTESIAN_POINT('Origin',(-2.03247271194585,74.7,26.5));
#16595=CARTESIAN_POINT('',(-2.03247271194585,74.7,29.4999996200204));
#16596=CARTESIAN_POINT('Origin',(-2.03247271194585,74.7,26.5));
#16597=CARTESIAN_POINT('',(-0.0324727119458479,74.7,29.4999996200204));
#16598=CARTESIAN_POINT('',(-2.03247271194585,74.7,29.4999996200204));
#16599=CARTESIAN_POINT('Origin',(-0.0324727119458479,74.7,26.5));
#16600=CARTESIAN_POINT('Origin',(-2.03247271194585,87.8,29.4999996200204));
#16601=CARTESIAN_POINT('',(-2.03247271194585,87.8,29.4999996200204));
#16602=CARTESIAN_POINT('',(-2.03247271194585,100.15,29.4999996200204));
#16603=CARTESIAN_POINT('',(-0.0324727119458479,87.8,29.4999996200204));
#16604=CARTESIAN_POINT('',(-2.03247271194585,87.8,29.4999996200204));
#16605=CARTESIAN_POINT('',(-0.0324727119458479,74.7,29.4999996200204));
#16606=CARTESIAN_POINT('Origin',(-2.03247271194585,87.8,26.5));
#16607=CARTESIAN_POINT('Origin',(-2.03247271194585,87.8,26.5));
#16608=CARTESIAN_POINT('Origin',(-0.0324727119458479,87.8,26.5));
#16609=CARTESIAN_POINT('Origin',(-0.0324727119458479,81.25,26.5));
#16610=CARTESIAN_POINT('',(-0.0324727119458479,86.05,28.25));
#16611=CARTESIAN_POINT('',(-0.0324727119458479,86.05,24.75));
#16612=CARTESIAN_POINT('Origin',(-0.0324727119458479,86.05,26.5));
#16613=CARTESIAN_POINT('',(-0.0324727119458479,76.45,28.25));
#16614=CARTESIAN_POINT('',(-0.0324727119458479,83.65,28.25));
#16615=CARTESIAN_POINT('',(-0.0324727119458479,76.45,24.75));
#16616=CARTESIAN_POINT('Origin',(-0.0324727119458479,76.45,26.5));
#16617=CARTESIAN_POINT('',(-0.0324727119458479,78.85,24.75));
#16618=CARTESIAN_POINT('Origin',(-2.03247271194585,86.05,28.25));
#16619=CARTESIAN_POINT('',(0.467527288054152,86.05,28.25));
#16620=CARTESIAN_POINT('',(-2.03247271194585,86.05,28.25));
#16621=CARTESIAN_POINT('',(0.467527288054152,76.45,28.25));
#16622=CARTESIAN_POINT('',(0.467527288054152,53.025,28.25));
#16623=CARTESIAN_POINT('',(-2.03247271194585,76.45,28.25));
#16624=CARTESIAN_POINT('Origin',(-2.03247271194585,86.05,26.5));
#16625=CARTESIAN_POINT('',(0.467527288054152,86.05,24.75));
#16626=CARTESIAN_POINT('',(-2.03247271194585,86.05,24.75));
#16627=CARTESIAN_POINT('Origin',(0.467527288054152,86.05,26.5));
#16628=CARTESIAN_POINT('Origin',(-2.03247271194585,76.45,24.75));
#16629=CARTESIAN_POINT('',(0.467527288054152,76.45,24.75));
#16630=CARTESIAN_POINT('',(-2.03247271194585,76.45,24.75));
#16631=CARTESIAN_POINT('',(0.467527288054152,48.225,24.75));
#16632=CARTESIAN_POINT('Origin',(-2.03247271194585,76.45,26.5));
#16633=CARTESIAN_POINT('Origin',(0.467527288054152,76.45,26.5));
#16634=CARTESIAN_POINT('Origin',(20.0000005215406,54.5,0.));
#16635=CARTESIAN_POINT('',(20.0000005215406,52.,10.));
#16636=CARTESIAN_POINT('',(20.0000005215406,52.,0.));
#16637=CARTESIAN_POINT('',(20.0000005215406,54.5,10.));
#16638=CARTESIAN_POINT('',(20.0000005215406,52.,10.));
#16639=CARTESIAN_POINT('',(20.0000005215406,54.5,0.));
#16640=CARTESIAN_POINT('Origin',(20.0000005215406,52.,0.));
#16641=CARTESIAN_POINT('',(40.,52.,10.));
#16642=CARTESIAN_POINT('',(40.,52.,0.));
#16643=CARTESIAN_POINT('',(40.,52.,10.));
#16644=CARTESIAN_POINT('Origin',(40.,54.5,0.));
#16645=CARTESIAN_POINT('',(40.,54.5,10.));
#16646=CARTESIAN_POINT('',(20.0000005215406,54.5,10.));
#16647=CARTESIAN_POINT('',(40.,54.5,0.));
#16648=CARTESIAN_POINT('Origin',(40.,52.,0.));
#16649=CARTESIAN_POINT('',(40.,54.5,10.));
#16650=CARTESIAN_POINT('Origin',(30.0000002607703,53.25,10.));
#16651=CARTESIAN_POINT('Origin',(20.0000005215406,66.5,0.));
#16652=CARTESIAN_POINT('',(20.0000005215406,64.,10.));
#16653=CARTESIAN_POINT('',(20.0000005215406,64.,0.));
#16654=CARTESIAN_POINT('',(20.0000005215406,66.5,10.));
#16655=CARTESIAN_POINT('',(20.0000005215406,64.,10.));
#16656=CARTESIAN_POINT('',(20.0000005215406,66.5,0.));
#16657=CARTESIAN_POINT('Origin',(20.0000005215406,64.,0.));
#16658=CARTESIAN_POINT('',(40.0000005960464,64.,10.));
#16659=CARTESIAN_POINT('',(40.0000005960464,64.,0.));
#16660=CARTESIAN_POINT('',(40.0000005960464,64.,10.));
#16661=CARTESIAN_POINT('Origin',(40.0000005960464,66.5,0.));
#16662=CARTESIAN_POINT('',(40.0000005960464,66.5,10.));
#16663=CARTESIAN_POINT('',(20.0000005215406,66.5,10.));
#16664=CARTESIAN_POINT('',(40.0000005960464,66.5,0.));
#16665=CARTESIAN_POINT('Origin',(40.0000005960464,64.,0.));
#16666=CARTESIAN_POINT('',(40.0000005960464,66.5,10.));
#16667=CARTESIAN_POINT('Origin',(30.0000005587935,65.25,10.));
#16668=CARTESIAN_POINT('Origin',(66.9744044735272,48.5,0.));
#16669=CARTESIAN_POINT('',(64.4744044735272,48.5,13.));
#16670=CARTESIAN_POINT('Origin',(66.9744044735272,48.5,13.));
#16671=CARTESIAN_POINT('',(64.4744044735272,48.5,0.));
#16672=CARTESIAN_POINT('Origin',(66.9744044735272,48.5,13.));
#16673=CARTESIAN_POINT('Origin',(10.4744044735272,48.5,0.));
#16674=CARTESIAN_POINT('',(7.97440447352721,48.5,13.));
#16675=CARTESIAN_POINT('Origin',(10.4744044735272,48.5,13.));
#16676=CARTESIAN_POINT('',(7.97440447352721,48.5,0.));
#16677=CARTESIAN_POINT('Origin',(10.4744044735272,48.5,13.));
#16678=CARTESIAN_POINT('Origin',(66.9744044735272,30.,0.));
#16679=CARTESIAN_POINT('',(64.4744044735272,30.,13.));
#16680=CARTESIAN_POINT('Origin',(66.9744044735272,30.,13.));
#16681=CARTESIAN_POINT('',(64.4744044735272,30.,0.));
#16682=CARTESIAN_POINT('Origin',(66.9744044735272,30.,13.));
#16683=CARTESIAN_POINT('Origin',(10.4744044735272,30.,0.));
#16684=CARTESIAN_POINT('',(7.97440447352721,30.,13.));
#16685=CARTESIAN_POINT('Origin',(10.4744044735272,30.,13.));
#16686=CARTESIAN_POINT('',(7.97440447352721,30.,0.));
#16687=CARTESIAN_POINT('Origin',(10.4744044735272,30.,13.));
#16688=CARTESIAN_POINT('Origin',(0.467527288054152,20.,0.));
#16689=CARTESIAN_POINT('Origin',(80.,110.,0.));
#16690=CARTESIAN_POINT('Origin',(82.5,17.5,0.));
#16691=CARTESIAN_POINT('',(82.5,17.5,0.));
#16692=CARTESIAN_POINT('Origin',(-2.03247271194585,112.5,0.));
#16693=CARTESIAN_POINT('',(-2.03247271194585,112.5,0.));
#16694=CARTESIAN_POINT('Origin',(48.9660687563658,70.,0.));
#16695=CARTESIAN_POINT('',(48.9660687563658,67.5,0.));
#16696=CARTESIAN_POINT('',(48.9660687563658,67.5,0.));
#16697=CARTESIAN_POINT('Origin',(48.9660687563658,70.,0.));
#16698=CARTESIAN_POINT('Origin',(48.9660687563658,92.5,0.));
#16699=CARTESIAN_POINT('',(48.9660687563658,90.,0.));
#16700=CARTESIAN_POINT('',(48.9660687563658,90.,0.));
#16701=CARTESIAN_POINT('Origin',(48.9660687563658,92.5,0.));
#16702=CARTESIAN_POINT('Origin',(2.96606875636578,70.,0.));
#16703=CARTESIAN_POINT('',(2.96606875636578,67.5014585316883,0.));
#16704=CARTESIAN_POINT('',(2.96606875636578,67.5014585316883,0.));
#16705=CARTESIAN_POINT('Origin',(2.96606875636578,70.,0.));
#16706=CARTESIAN_POINT('Origin',(2.96606875636576,92.5,0.));
#16707=CARTESIAN_POINT('',(2.96606875636576,90.0014585316884,0.));
#16708=CARTESIAN_POINT('',(2.96606875636576,90.0014585316884,0.));
#16709=CARTESIAN_POINT('Origin',(2.96606875636576,92.5,0.));
#16710=CARTESIAN_POINT('Origin',(40.2337636440271,65.,0.));
#16711=CARTESIAN_POINT('Origin',(48.9660687563658,92.5,25.));
#16712=CARTESIAN_POINT('',(49.7160687563658,92.5,25.));
#16713=CARTESIAN_POINT('Origin',(48.9660687563658,92.5,25.));
#16714=CARTESIAN_POINT('',(49.7160687563658,92.5,21.));
#16715=CARTESIAN_POINT('',(49.7160687563658,92.5,25.));
#16716=CARTESIAN_POINT('Origin',(48.9660687563658,92.5,21.));
#16717=CARTESIAN_POINT('Origin',(48.9660687563658,92.5,21.));
#16718=CARTESIAN_POINT('Origin',(48.9660687563658,92.5,0.));
#16719=CARTESIAN_POINT('',(48.9660687563658,90.,25.));
#16720=CARTESIAN_POINT('Origin',(48.9660687563658,92.5,25.));
#16721=CARTESIAN_POINT('',(48.9660687563658,90.,0.));
#16722=CARTESIAN_POINT('',(48.9660687563658,90.,0.));
#16723=CARTESIAN_POINT('Origin',(48.9660687563658,92.5,0.));
#16724=CARTESIAN_POINT('Origin',(48.9660687563658,92.5,25.));
#16725=CARTESIAN_POINT('Origin',(48.9660687563658,92.5,0.));
#16726=CARTESIAN_POINT('Origin',(2.96606875636578,70.,25.));
#16727=CARTESIAN_POINT('',(3.71606875636578,70.,25.));
#16728=CARTESIAN_POINT('Origin',(2.96606875636578,70.,25.));
#16729=CARTESIAN_POINT('',(3.71606875636578,70.,21.));
#16730=CARTESIAN_POINT('',(3.71606875636578,70.,25.));
#16731=CARTESIAN_POINT('Origin',(2.96606875636578,70.,21.));
#16732=CARTESIAN_POINT('Origin',(2.96606875636578,70.,21.));
#16733=CARTESIAN_POINT('Origin',(2.96606875636578,70.,0.));
#16734=CARTESIAN_POINT('',(2.96606875636578,67.5014585316883,25.));
#16735=CARTESIAN_POINT('Origin',(2.96606875636578,70.,25.));
#16736=CARTESIAN_POINT('',(2.96606875636578,67.5014585316883,0.));
#16737=CARTESIAN_POINT('',(2.96606875636578,67.5014585316883,0.));
#16738=CARTESIAN_POINT('Origin',(2.96606875636578,70.,0.));
#16739=CARTESIAN_POINT('Origin',(2.96606875636578,70.,25.));
#16740=CARTESIAN_POINT('Origin',(2.96606875636578,70.,0.));
#16741=CARTESIAN_POINT('Origin',(48.9660687563658,70.,25.));
#16742=CARTESIAN_POINT('',(49.7160687563658,70.,25.));
#16743=CARTESIAN_POINT('Origin',(48.9660687563658,70.,25.));
#16744=CARTESIAN_POINT('',(49.7160687563658,70.,21.));
#16745=CARTESIAN_POINT('',(49.7160687563658,70.,25.));
#16746=CARTESIAN_POINT('Origin',(48.9660687563658,70.,21.));
#16747=CARTESIAN_POINT('Origin',(48.9660687563658,70.,21.));
#16748=CARTESIAN_POINT('Origin',(48.9660687563658,70.,0.));
#16749=CARTESIAN_POINT('',(48.9660687563658,67.5,25.));
#16750=CARTESIAN_POINT('Origin',(48.9660687563658,70.,25.));
#16751=CARTESIAN_POINT('',(48.9660687563658,67.5,0.));
#16752=CARTESIAN_POINT('',(48.9660687563658,67.5,0.));
#16753=CARTESIAN_POINT('Origin',(48.9660687563658,70.,0.));
#16754=CARTESIAN_POINT('Origin',(48.9660687563658,70.,25.));
#16755=CARTESIAN_POINT('Origin',(48.9660687563658,70.,0.));
#16756=CARTESIAN_POINT('Origin',(2.96606875636576,92.5,25.));
#16757=CARTESIAN_POINT('',(3.71606875636575,92.5,25.));
#16758=CARTESIAN_POINT('Origin',(2.96606875636576,92.5,25.));
#16759=CARTESIAN_POINT('',(3.71606875636575,92.5,21.));
#16760=CARTESIAN_POINT('',(3.71606875636575,92.5,25.));
#16761=CARTESIAN_POINT('Origin',(2.96606875636576,92.5,21.));
#16762=CARTESIAN_POINT('Origin',(2.96606875636576,92.5,21.));
#16763=CARTESIAN_POINT('Origin',(2.96606875636576,92.5,0.));
#16764=CARTESIAN_POINT('',(2.96606875636576,90.0014585316884,25.));
#16765=CARTESIAN_POINT('Origin',(2.96606875636576,92.5,25.));
#16766=CARTESIAN_POINT('',(2.96606875636576,90.0014585316884,0.));
#16767=CARTESIAN_POINT('',(2.96606875636576,90.0014585316884,0.));
#16768=CARTESIAN_POINT('Origin',(2.96606875636576,92.5,0.));
#16769=CARTESIAN_POINT('Origin',(2.96606875636576,92.5,25.));
#16770=CARTESIAN_POINT('Origin',(2.96606875636576,92.5,0.));
#16771=CARTESIAN_POINT('',(0.,-1.77635683940025E-15,0.));
#16772=CARTESIAN_POINT('',(0.,0.,0.));
#16773=CARTESIAN_POINT('Origin',(77.,23.,35.));
#16774=CARTESIAN_POINT('',(77.,20.,36.5));
#16775=CARTESIAN_POINT('',(77.,23.,36.5));
#16776=CARTESIAN_POINT('',(77.,23.,36.5));
#16777=CARTESIAN_POINT('',(77.,20.,34.5));
#16778=CARTESIAN_POINT('',(77.,20.,35.));
#16779=CARTESIAN_POINT('',(77.,23.,34.5));
#16780=CARTESIAN_POINT('',(77.,42.5,34.5));
#16781=CARTESIAN_POINT('',(77.,23.,35.));
#16782=CARTESIAN_POINT('Origin',(80.,23.,35.));
#16783=CARTESIAN_POINT('',(80.,23.,36.5));
#16784=CARTESIAN_POINT('',(80.,23.,36.5));
#16785=CARTESIAN_POINT('',(80.,23.,34.5));
#16786=CARTESIAN_POINT('',(58.6168818220136,23.,34.5));
#16787=CARTESIAN_POINT('',(80.,23.,35.));
#16788=CARTESIAN_POINT('Origin',(78.5,21.5,45.));
#16789=CARTESIAN_POINT('',(80.,20.,45.));
#16790=CARTESIAN_POINT('',(80.,23.,45.));
#16791=CARTESIAN_POINT('',(80.,20.,45.));
#16792=CARTESIAN_POINT('',(77.,20.,45.));
#16793=CARTESIAN_POINT('',(77.,20.,45.));
#16794=CARTESIAN_POINT('',(77.,23.,45.));
#16795=CARTESIAN_POINT('',(77.,22.25,45.));
#16796=CARTESIAN_POINT('',(79.25,23.,45.));
#16797=CARTESIAN_POINT('',(79.25,21.5,45.));
#16798=CARTESIAN_POINT('Origin',(78.5,21.5,45.));
#16799=CARTESIAN_POINT('Origin',(3.46752728805415,23.,35.));
#16800=CARTESIAN_POINT('',(0.467527288054153,23.,36.5));
#16801=CARTESIAN_POINT('',(3.46752728805415,23.,36.5));
#16802=CARTESIAN_POINT('',(3.46752728805415,23.,36.5));
#16803=CARTESIAN_POINT('',(0.467527288054152,23.,34.5));
#16804=CARTESIAN_POINT('',(0.467527288054152,23.,35.));
#16805=CARTESIAN_POINT('',(3.46752728805415,23.,34.5));
#16806=CARTESIAN_POINT('',(20.3506454660406,23.,34.5));
#16807=CARTESIAN_POINT('',(3.46752728805415,23.,35.));
#16808=CARTESIAN_POINT('Origin',(3.46752728805416,20.,35.));
#16809=CARTESIAN_POINT('',(3.46752728805416,20.,36.5));
#16810=CARTESIAN_POINT('',(3.46752728805416,20.,36.5));
#16811=CARTESIAN_POINT('',(3.46752728805416,20.,34.5));
#16812=CARTESIAN_POINT('',(3.46752728805413,44.,34.5));
#16813=CARTESIAN_POINT('',(3.46752728805416,20.,35.));
#16814=CARTESIAN_POINT('Origin',(0.467527288054152,20.0000002980232,35.));
#16815=CARTESIAN_POINT('',(0.467527288054152,20.0000002980232,34.5));
#16816=CARTESIAN_POINT('',(0.467527288054152,20.0000002980232,45.));
#16817=CARTESIAN_POINT('',(0.467527288054152,20.0000002980232,35.));
#16818=CARTESIAN_POINT('',(3.46752728805416,20.,45.));
#16819=CARTESIAN_POINT('',(0.467527288054152,20.0000002980232,45.));
#16820=CARTESIAN_POINT('',(3.46752728805416,20.,35.));
#16821=CARTESIAN_POINT('',(21.8506432308663,19.9999981738015,34.5));
#16822=CARTESIAN_POINT('Origin',(1.96752728805415,21.5,45.));
#16823=CARTESIAN_POINT('',(0.467527288054152,23.,45.));
#16824=CARTESIAN_POINT('',(0.467527288054152,23.,45.));
#16825=CARTESIAN_POINT('',(3.46752728805415,23.,45.));
#16826=CARTESIAN_POINT('',(2.71752728805415,23.,45.));
#16827=CARTESIAN_POINT('',(3.46752728805415,20.75,45.));
#16828=CARTESIAN_POINT('',(2.69731219789962,21.5,45.));
#16829=CARTESIAN_POINT('Origin',(1.94731219789962,21.5,45.));
#16830=CARTESIAN_POINT('Origin',(77.,107.,35.));
#16831=CARTESIAN_POINT('',(80.,107.,36.5));
#16832=CARTESIAN_POINT('',(77.,107.,36.5));
#16833=CARTESIAN_POINT('',(77.,107.,36.5));
#16834=CARTESIAN_POINT('',(80.,107.,34.5));
#16835=CARTESIAN_POINT('',(80.,107.,35.));
#16836=CARTESIAN_POINT('',(77.,107.,34.5));
#16837=CARTESIAN_POINT('',(60.1168818220135,107.,34.5));
#16838=CARTESIAN_POINT('',(77.,107.,35.));
#16839=CARTESIAN_POINT('Origin',(77.,110.,35.));
#16840=CARTESIAN_POINT('',(77.,110.,36.5));
#16841=CARTESIAN_POINT('',(77.,110.,36.5));
#16842=CARTESIAN_POINT('',(77.,110.,34.5));
#16843=CARTESIAN_POINT('',(77.,86.,34.5));
#16844=CARTESIAN_POINT('',(77.,110.,35.));
#16845=CARTESIAN_POINT('Origin',(80.,110.000001639128,35.));
#16846=CARTESIAN_POINT('',(80.,110.000001639128,34.5));
#16847=CARTESIAN_POINT('',(80.,110.000001639128,45.));
#16848=CARTESIAN_POINT('',(80.,110.000001639128,35.));
#16849=CARTESIAN_POINT('',(77.,110.,45.));
#16850=CARTESIAN_POINT('',(80.,110.000001639128,45.));
#16851=CARTESIAN_POINT('',(77.,110.,35.));
#16852=CARTESIAN_POINT('',(58.616869528561,109.9999899559,34.5));
#16853=CARTESIAN_POINT('Origin',(78.5,108.500000819564,45.));
#16854=CARTESIAN_POINT('',(80.,107.,45.));
#16855=CARTESIAN_POINT('',(80.,107.,45.));
#16856=CARTESIAN_POINT('',(77.,107.,45.));
#16857=CARTESIAN_POINT('',(77.75,107.,45.));
#16858=CARTESIAN_POINT('',(77.,109.250000409782,45.));
#16859=CARTESIAN_POINT('',(79.25,108.5,45.));
#16860=CARTESIAN_POINT('Origin',(78.5,108.5,45.));
#16861=CARTESIAN_POINT('Origin',(3.46752728805415,107.,35.));
#16862=CARTESIAN_POINT('',(3.46752728805415,110.,36.5));
#16863=CARTESIAN_POINT('',(3.46752728805415,107.,36.5));
#16864=CARTESIAN_POINT('',(3.46752728805415,107.,36.5));
#16865=CARTESIAN_POINT('',(3.46752728805415,110.,34.5));
#16866=CARTESIAN_POINT('',(3.46752728805415,110.,35.));
#16867=CARTESIAN_POINT('',(3.46752728805415,107.,34.5));
#16868=CARTESIAN_POINT('',(3.46752728805415,87.5,34.5));
#16869=CARTESIAN_POINT('',(3.46752728805415,107.,35.));
#16870=CARTESIAN_POINT('Origin',(0.467527288054152,107.,35.));
#16871=CARTESIAN_POINT('',(0.467527288054153,107.,36.5));
#16872=CARTESIAN_POINT('',(0.467527288054152,107.,36.5));
#16873=CARTESIAN_POINT('',(0.467527288054152,107.,34.5));
#16874=CARTESIAN_POINT('',(21.8506454660406,107.,34.5));
#16875=CARTESIAN_POINT('',(0.467527288054152,107.,35.));
#16876=CARTESIAN_POINT('Origin',(1.96752728805415,108.5,45.));
#16877=CARTESIAN_POINT('',(0.467527288054152,110.,45.));
#16878=CARTESIAN_POINT('',(0.467527288054152,107.,45.));
#16879=CARTESIAN_POINT('',(0.467527288054152,110.,45.));
#16880=CARTESIAN_POINT('',(3.46752728805415,110.,45.));
#16881=CARTESIAN_POINT('',(3.46752728805415,110.,45.));
#16882=CARTESIAN_POINT('',(3.46752728805415,107.,45.));
#16883=CARTESIAN_POINT('',(3.46752728805415,107.75,45.));
#16884=CARTESIAN_POINT('',(1.21752728805415,107.,45.));
#16885=CARTESIAN_POINT('',(2.71752728805415,108.5,45.));
#16886=CARTESIAN_POINT('Origin',(1.96752728805415,108.5,45.));
#16887=CARTESIAN_POINT('Origin',(-1.03247271194585,87.25,35.5));
#16888=CARTESIAN_POINT('',(-1.03247271194585,20.5,34.5));
#16889=CARTESIAN_POINT('',(-2.03247271194585,20.5,35.5));
#16890=CARTESIAN_POINT('Origin',(-1.03247271194585,20.5,35.5));
#16891=CARTESIAN_POINT('',(-2.03247271194585,109.5,35.5));
#16892=CARTESIAN_POINT('',(-2.03247271194585,87.25,35.5));
#16893=CARTESIAN_POINT('',(-1.03247271194585,109.5,34.5));
#16894=CARTESIAN_POINT('Origin',(-1.03247271194585,109.5,35.5));
#16895=CARTESIAN_POINT('',(-1.03247271194585,87.25,34.5));
#16896=CARTESIAN_POINT('Origin',(0.967527288054176,109.5,35.5));
#16897=CARTESIAN_POINT('',(0.967527288054164,112.5,35.5));
#16898=CARTESIAN_POINT('',(0.967527288054168,111.5,34.5));
#16899=CARTESIAN_POINT('Origin',(0.967527288054168,111.5,35.5));
#16900=CARTESIAN_POINT('Origin',(0.967527288054176,109.5,34.5));
#16901=CARTESIAN_POINT('Origin',(0.967527288054176,109.5,35.5));
#16902=CARTESIAN_POINT('Origin',(59.8668818220135,111.5,35.5));
#16903=CARTESIAN_POINT('',(79.5,112.5,35.5));
#16904=CARTESIAN_POINT('',(79.5,111.5,34.5));
#16905=CARTESIAN_POINT('Origin',(79.5,111.5,35.5));
#16906=CARTESIAN_POINT('',(59.8668818220135,111.5,34.5));
#16907=CARTESIAN_POINT('',(59.8668818220135,112.5,35.5));
#16908=CARTESIAN_POINT('Origin',(79.5,109.5,35.5));
#16909=CARTESIAN_POINT('',(82.5,109.5,35.5));
#16910=CARTESIAN_POINT('',(81.5,109.5,34.5));
#16911=CARTESIAN_POINT('Origin',(81.5,109.5,35.5));
#16912=CARTESIAN_POINT('Origin',(79.5,109.5,34.5));
#16913=CARTESIAN_POINT('Origin',(79.5,109.5,35.5));
#16914=CARTESIAN_POINT('Origin',(81.5,42.75,35.5));
#16915=CARTESIAN_POINT('',(82.5,20.5,35.5));
#16916=CARTESIAN_POINT('',(81.5,20.5,34.5));
#16917=CARTESIAN_POINT('Origin',(81.5,20.5,35.5));
#16918=CARTESIAN_POINT('',(81.5,42.75,34.5));
#16919=CARTESIAN_POINT('',(82.5,42.75,35.5));
#16920=CARTESIAN_POINT('Origin',(79.5,20.5,35.5));
#16921=CARTESIAN_POINT('',(79.5,17.5,35.5));
#16922=CARTESIAN_POINT('',(79.5,18.5,34.5));
#16923=CARTESIAN_POINT('Origin',(79.5,18.5,35.5));
#16924=CARTESIAN_POINT('Origin',(79.5,20.5,34.5));
#16925=CARTESIAN_POINT('Origin',(79.5,20.5,35.5));
#16926=CARTESIAN_POINT('Origin',(20.6006454660406,18.5,35.5));
#16927=CARTESIAN_POINT('',(0.967527288054153,17.5,35.5));
#16928=CARTESIAN_POINT('',(0.967527288054153,18.5,34.5));
#16929=CARTESIAN_POINT('Origin',(0.967527288054153,18.5,35.5));
#16930=CARTESIAN_POINT('',(20.6006454660406,18.5,34.5));
#16931=CARTESIAN_POINT('',(20.6006454660406,17.5,35.5));
#16932=CARTESIAN_POINT('Origin',(0.967527288054154,20.5,35.5));
#16933=CARTESIAN_POINT('Origin',(0.967527288054154,20.5,34.5));
#16934=CARTESIAN_POINT('Origin',(0.967527288054154,20.5,35.5));
#16935=CARTESIAN_POINT('Origin',(79.5,109.5,35.));
#16936=CARTESIAN_POINT('',(79.5,112.5,55.));
#16937=CARTESIAN_POINT('',(79.5,112.5,35.));
#16938=CARTESIAN_POINT('',(82.5,109.5,55.));
#16939=CARTESIAN_POINT('Origin',(79.5,109.5,55.));
#16940=CARTESIAN_POINT('',(82.5,109.5,35.));
#16941=CARTESIAN_POINT('Origin',(79.5,112.5,35.));
#16942=CARTESIAN_POINT('',(0.967527288054164,112.5,55.));
#16943=CARTESIAN_POINT('',(0.967527288054164,112.5,35.));
#16944=CARTESIAN_POINT('',(59.8668818220135,112.5,55.));
#16945=CARTESIAN_POINT('Origin',(0.967527288054176,109.5,35.));
#16946=CARTESIAN_POINT('',(-2.03247271194585,109.5,55.));
#16947=CARTESIAN_POINT('',(-2.03247271194585,109.5,35.));
#16948=CARTESIAN_POINT('Origin',(0.967527288054176,109.5,55.));
#16949=CARTESIAN_POINT('Origin',(-2.03247271194585,109.5,35.));
#16950=CARTESIAN_POINT('',(-2.03247271194585,20.5,55.));
#16951=CARTESIAN_POINT('',(-2.03247271194585,20.5,35.));
#16952=CARTESIAN_POINT('',(-2.03247271194585,87.25,55.));
#16953=CARTESIAN_POINT('Origin',(40.2337636440271,65.,34.5));
#16954=CARTESIAN_POINT('',(0.46752728805415,42.5000001490116,34.5));
#16955=CARTESIAN_POINT('',(80.,20.,34.5));
#16956=CARTESIAN_POINT('',(60.1168818220136,19.9999999999999,34.5));
#16957=CARTESIAN_POINT('',(80.,44.,34.5));
#16958=CARTESIAN_POINT('',(0.467527288054152,110.,34.5));
#16959=CARTESIAN_POINT('',(20.3506454660406,110.,34.5));
#16960=CARTESIAN_POINT('',(0.46752728805415,86.,34.5));
#16961=CARTESIAN_POINT('',(80.,87.5000008195639,34.5));
#16962=CARTESIAN_POINT('',(55.2337636440271,45.,34.5));
#16963=CARTESIAN_POINT('Origin',(40.2337636440271,45.,34.5));
#16964=CARTESIAN_POINT('',(55.2337636440271,85.,34.5));
#16965=CARTESIAN_POINT('Origin',(40.2337636440271,85.,34.5));
#16966=CARTESIAN_POINT('Origin',(53.9837636440271,94.9999999999999,42.));
#16967=CARTESIAN_POINT('',(54.7337636440271,94.9999999999999,42.));
#16968=CARTESIAN_POINT('Origin',(53.9837636440271,94.9999999999999,42.));
#16969=CARTESIAN_POINT('Origin',(53.9837636440271,55.,42.));
#16970=CARTESIAN_POINT('',(54.7337636440271,55.,42.));
#16971=CARTESIAN_POINT('Origin',(53.9837636440271,55.,42.));
#16972=CARTESIAN_POINT('Origin',(26.4837636440271,55.,42.));
#16973=CARTESIAN_POINT('',(27.2337636440271,55.,42.));
#16974=CARTESIAN_POINT('Origin',(26.4837636440271,55.,42.));
#16975=CARTESIAN_POINT('Origin',(53.9837636440271,74.9999999999999,42.));
#16976=CARTESIAN_POINT('',(54.7337636440271,74.9999999999999,42.));
#16977=CARTESIAN_POINT('Origin',(53.9837636440271,74.9999999999999,42.));
#16978=CARTESIAN_POINT('Origin',(26.4837636440271,94.9999999999999,42.));
#16979=CARTESIAN_POINT('',(27.2337636440271,94.9999999999999,42.));
#16980=CARTESIAN_POINT('Origin',(26.4837636440271,94.9999999999999,42.));
#16981=CARTESIAN_POINT('Origin',(53.9837636440271,35.,42.));
#16982=CARTESIAN_POINT('',(54.7337636440271,35.,42.));
#16983=CARTESIAN_POINT('Origin',(53.9837636440271,35.,42.));
#16984=CARTESIAN_POINT('Origin',(26.4837636440271,35.,42.));
#16985=CARTESIAN_POINT('',(27.2337636440271,35.,42.));
#16986=CARTESIAN_POINT('Origin',(26.4837636440271,35.,42.));
#16987=CARTESIAN_POINT('Origin',(26.4837636440271,74.9999999999999,42.));
#16988=CARTESIAN_POINT('',(27.2337636440271,74.9999999999999,42.));
#16989=CARTESIAN_POINT('Origin',(26.4837636440271,74.9999999999999,42.));
#16990=CARTESIAN_POINT('Origin',(30.2337636440271,17.5,48.9999993890524));
#16991=CARTESIAN_POINT('',(50.2337636440271,20.,48.9999993890524));
#16992=CARTESIAN_POINT('',(30.2337636440271,20.,48.9999993890524));
#16993=CARTESIAN_POINT('',(53.6168818220135,20.,48.9999993890524));
#16994=CARTESIAN_POINT('',(50.2337636440271,17.5,48.9999993890524));
#16995=CARTESIAN_POINT('',(50.2337636440271,17.5,48.9999993890524));
#16996=CARTESIAN_POINT('',(30.2337636440271,17.5,48.9999993890524));
#16997=CARTESIAN_POINT('',(15.6006454660406,17.5,48.9999993890524));
#16998=CARTESIAN_POINT('',(30.2337636440271,17.5,48.9999993890524));
#16999=CARTESIAN_POINT('Origin',(30.2337636440271,17.5,45.));
#17000=CARTESIAN_POINT('',(30.2337636440271,20.,41.0000006109476));
#17001=CARTESIAN_POINT('Origin',(30.2337636440271,20.,45.));
#17002=CARTESIAN_POINT('',(30.2337636440271,17.5,41.0000006109476));
#17003=CARTESIAN_POINT('Origin',(30.2337636440271,17.5,45.));
#17004=CARTESIAN_POINT('',(30.2337636440271,17.5,41.0000006109476));
#17005=CARTESIAN_POINT('Origin',(50.2337636440271,17.5,41.0000006109476));
#17006=CARTESIAN_POINT('',(50.2337636440271,20.,41.0000006109476));
#17007=CARTESIAN_POINT('',(63.6168818220135,20.,41.0000006109476));
#17008=CARTESIAN_POINT('',(50.2337636440271,17.5,41.0000006109476));
#17009=CARTESIAN_POINT('',(25.6006454660406,17.5,41.0000006109476));
#17010=CARTESIAN_POINT('',(50.2337636440271,17.5,41.0000006109476));
#17011=CARTESIAN_POINT('Origin',(50.2337636440271,17.5,45.));
#17012=CARTESIAN_POINT('Origin',(50.2337636440271,20.,45.));
#17013=CARTESIAN_POINT('Origin',(50.2337636440271,17.5,45.));
#17014=CARTESIAN_POINT('Origin',(26.4837636440271,35.,35.));
#17015=CARTESIAN_POINT('',(27.2337636440271,35.,45.));
#17016=CARTESIAN_POINT('Origin',(26.4837636440271,35.,45.));
#17017=CARTESIAN_POINT('',(27.2337636440271,35.,35.));
#17018=CARTESIAN_POINT('Origin',(26.4837636440271,35.,35.));
#17019=CARTESIAN_POINT('',(28.9824871495093,35.079880179962,36.5));
#17020=CARTESIAN_POINT('',(27.3296347331395,37.3525522524705,36.5));
#17021=CARTESIAN_POINT('Origin',(26.4837636440271,35.,36.5));
#17022=CARTESIAN_POINT('',(28.9824871495093,35.079880179962,45.));
#17023=CARTESIAN_POINT('',(28.9824871495093,35.079880179962,35.));
#17024=CARTESIAN_POINT('',(27.3296347331395,37.3525522524705,45.));
#17025=CARTESIAN_POINT('Origin',(26.4837636440271,35.,45.));
#17026=CARTESIAN_POINT('',(27.3296347331395,37.3525522524705,35.));
#17027=CARTESIAN_POINT('Origin',(26.4837636440271,35.,45.));
#17028=CARTESIAN_POINT('Origin',(40.2337636440271,45.,45.));
#17029=CARTESIAN_POINT('Origin',(53.9837636440271,94.9999999999999,35.));
#17030=CARTESIAN_POINT('',(54.7337636440271,94.9999999999999,45.));
#17031=CARTESIAN_POINT('Origin',(53.9837636440271,94.9999999999999,45.));
#17032=CARTESIAN_POINT('',(54.7337636440271,94.9999999999999,35.));
#17033=CARTESIAN_POINT('Origin',(53.9837636440271,94.9999999999999,35.));
#17034=CARTESIAN_POINT('',(51.4850401385449,94.9201198200381,36.5));
#17035=CARTESIAN_POINT('',(53.1378925549148,92.6474477475294,36.5));
#17036=CARTESIAN_POINT('Origin',(53.9837636440271,94.9999999999999,36.5));
#17037=CARTESIAN_POINT('',(51.4850401385449,94.9201198200381,45.));
#17038=CARTESIAN_POINT('',(51.4850401385449,94.9201198200381,35.));
#17039=CARTESIAN_POINT('',(53.1378925549148,92.6474477475294,45.));
#17040=CARTESIAN_POINT('Origin',(53.9837636440271,94.9999999999999,45.));
#17041=CARTESIAN_POINT('',(53.1378925549148,92.6474477475294,35.));
#17042=CARTESIAN_POINT('Origin',(53.9837636440271,94.9999999999999,45.));
#17043=CARTESIAN_POINT('Origin',(40.2337636440271,85.,45.));
#17044=CARTESIAN_POINT('Origin',(26.4837636440271,55.,35.));
#17045=CARTESIAN_POINT('',(27.2337636440271,55.,45.));
#17046=CARTESIAN_POINT('Origin',(26.4837636440271,55.,45.));
#17047=CARTESIAN_POINT('',(27.2337636440271,55.,35.));
#17048=CARTESIAN_POINT('Origin',(26.4837636440271,55.,35.));
#17049=CARTESIAN_POINT('',(27.3296347331394,52.6474477475295,36.5));
#17050=CARTESIAN_POINT('',(28.9824871495093,54.9201198200381,36.5));
#17051=CARTESIAN_POINT('Origin',(26.4837636440271,55.,36.5));
#17052=CARTESIAN_POINT('',(27.3296347331394,52.6474477475295,45.));
#17053=CARTESIAN_POINT('',(27.3296347331394,52.6474477475295,35.));
#17054=CARTESIAN_POINT('',(28.9824871495093,54.9201198200381,45.));
#17055=CARTESIAN_POINT('Origin',(26.4837636440271,55.,45.));
#17056=CARTESIAN_POINT('',(28.9824871495093,54.9201198200381,35.));
#17057=CARTESIAN_POINT('Origin',(26.4837636440271,55.,45.));
#17058=CARTESIAN_POINT('Origin',(40.2337636440271,45.,45.));
#17059=CARTESIAN_POINT('Origin',(53.9837636440271,74.9999999999999,35.));
#17060=CARTESIAN_POINT('',(54.7337636440271,74.9999999999999,45.));
#17061=CARTESIAN_POINT('Origin',(53.9837636440271,74.9999999999999,45.));
#17062=CARTESIAN_POINT('',(54.7337636440271,74.9999999999999,35.));
#17063=CARTESIAN_POINT('Origin',(53.9837636440271,74.9999999999999,35.));
#17064=CARTESIAN_POINT('',(53.1378925549146,77.3525522524704,36.5));
#17065=CARTESIAN_POINT('',(51.4850401385449,75.079880179962,36.5));
#17066=CARTESIAN_POINT('Origin',(53.9837636440271,74.9999999999999,36.5));
#17067=CARTESIAN_POINT('',(53.1378925549146,77.3525522524704,45.));
#17068=CARTESIAN_POINT('',(53.1378925549146,77.3525522524704,35.));
#17069=CARTESIAN_POINT('',(51.4850401385449,75.079880179962,45.));
#17070=CARTESIAN_POINT('Origin',(53.9837636440271,74.9999999999999,45.));
#17071=CARTESIAN_POINT('',(51.4850401385449,75.079880179962,35.));
#17072=CARTESIAN_POINT('Origin',(53.9837636440271,74.9999999999999,45.));
#17073=CARTESIAN_POINT('Origin',(40.2337636440271,85.,45.));
#17074=CARTESIAN_POINT('Origin',(53.9837636440271,35.,35.));
#17075=CARTESIAN_POINT('',(54.7337636440271,35.,45.));
#17076=CARTESIAN_POINT('Origin',(53.9837636440271,35.,45.));
#17077=CARTESIAN_POINT('',(54.7337636440271,35.,35.));
#17078=CARTESIAN_POINT('Origin',(53.9837636440271,35.,35.));
#17079=CARTESIAN_POINT('',(53.1378925549147,37.3525522524705,36.5));
#17080=CARTESIAN_POINT('',(51.4850401385449,35.0798801799619,36.5));
#17081=CARTESIAN_POINT('Origin',(53.9837636440271,35.,36.5));
#17082=CARTESIAN_POINT('',(53.1378925549147,37.3525522524705,45.));
#17083=CARTESIAN_POINT('',(53.1378925549147,37.3525522524705,35.));
#17084=CARTESIAN_POINT('',(51.4850401385449,35.0798801799619,45.));
#17085=CARTESIAN_POINT('Origin',(53.9837636440271,35.,45.));
#17086=CARTESIAN_POINT('',(51.4850401385449,35.0798801799619,35.));
#17087=CARTESIAN_POINT('Origin',(53.9837636440271,35.,45.));
#17088=CARTESIAN_POINT('Origin',(40.2337636440271,45.,45.));
#17089=CARTESIAN_POINT('Origin',(26.4837636440271,94.9999999999999,35.));
#17090=CARTESIAN_POINT('',(27.2337636440271,94.9999999999999,45.));
#17091=CARTESIAN_POINT('Origin',(26.4837636440271,94.9999999999999,45.));
#17092=CARTESIAN_POINT('',(27.2337636440271,94.9999999999999,35.));
#17093=CARTESIAN_POINT('Origin',(26.4837636440271,94.9999999999999,35.));
#17094=CARTESIAN_POINT('',(27.3296347331394,92.6474477475294,36.5));
#17095=CARTESIAN_POINT('',(28.9824871495093,94.920119820038,36.5));
#17096=CARTESIAN_POINT('Origin',(26.4837636440271,94.9999999999999,36.5));
#17097=CARTESIAN_POINT('',(27.3296347331394,92.6474477475294,45.));
#17098=CARTESIAN_POINT('',(27.3296347331394,92.6474477475294,35.));
#17099=CARTESIAN_POINT('',(28.9824871495093,94.920119820038,45.));
#17100=CARTESIAN_POINT('Origin',(26.4837636440271,94.9999999999999,45.));
#17101=CARTESIAN_POINT('',(28.9824871495093,94.920119820038,35.));
#17102=CARTESIAN_POINT('Origin',(26.4837636440271,94.9999999999999,45.));
#17103=CARTESIAN_POINT('Origin',(40.2337636440271,85.,45.));
#17104=CARTESIAN_POINT('Origin',(26.4837636440271,74.9999999999999,35.));
#17105=CARTESIAN_POINT('',(27.2337636440271,74.9999999999999,45.));
#17106=CARTESIAN_POINT('Origin',(26.4837636440271,74.9999999999999,45.));
#17107=CARTESIAN_POINT('',(27.2337636440271,74.9999999999999,35.));
#17108=CARTESIAN_POINT('Origin',(26.4837636440271,74.9999999999999,35.));
#17109=CARTESIAN_POINT('',(28.9824871495093,75.079880179962,36.5));
#17110=CARTESIAN_POINT('',(27.3296347331396,77.3525522524704,36.5));
#17111=CARTESIAN_POINT('Origin',(26.4837636440271,74.9999999999999,36.5));
#17112=CARTESIAN_POINT('',(28.9824871495093,75.079880179962,45.));
#17113=CARTESIAN_POINT('',(28.9824871495093,75.079880179962,35.));
#17114=CARTESIAN_POINT('',(27.3296347331396,77.3525522524704,45.));
#17115=CARTESIAN_POINT('Origin',(26.4837636440271,74.9999999999999,45.));
#17116=CARTESIAN_POINT('',(27.3296347331396,77.3525522524704,35.));
#17117=CARTESIAN_POINT('Origin',(26.4837636440271,74.9999999999999,45.));
#17118=CARTESIAN_POINT('Origin',(40.2337636440271,85.,45.));
#17119=CARTESIAN_POINT('Origin',(53.9837636440271,55.,35.));
#17120=CARTESIAN_POINT('',(54.7337636440271,55.,45.));
#17121=CARTESIAN_POINT('Origin',(53.9837636440271,55.,45.));
#17122=CARTESIAN_POINT('',(54.7337636440271,55.,35.));
#17123=CARTESIAN_POINT('Origin',(53.9837636440271,55.,35.));
#17124=CARTESIAN_POINT('',(51.4850401385449,54.920119820038,36.5));
#17125=CARTESIAN_POINT('',(53.1378925549147,52.6474477475295,36.5));
#17126=CARTESIAN_POINT('Origin',(53.9837636440271,55.,36.5));
#17127=CARTESIAN_POINT('',(51.4850401385449,54.920119820038,45.));
#17128=CARTESIAN_POINT('',(51.4850401385449,54.920119820038,35.));
#17129=CARTESIAN_POINT('',(53.1378925549147,52.6474477475295,45.));
#17130=CARTESIAN_POINT('Origin',(53.9837636440271,55.,45.));
#17131=CARTESIAN_POINT('',(53.1378925549147,52.6474477475295,35.));
#17132=CARTESIAN_POINT('Origin',(53.9837636440271,55.,45.));
#17133=CARTESIAN_POINT('Origin',(40.2337636440271,45.,45.));
#17134=CARTESIAN_POINT('Origin',(40.2337636440271,65.,55.));
#17135=CARTESIAN_POINT('',(0.967527288054152,17.5,55.));
#17136=CARTESIAN_POINT('Origin',(0.967527288054154,20.5,55.));
#17137=CARTESIAN_POINT('',(79.5,17.5,55.));
#17138=CARTESIAN_POINT('',(20.6006454660406,17.5,55.));
#17139=CARTESIAN_POINT('',(82.5,20.5,55.));
#17140=CARTESIAN_POINT('Origin',(79.5,20.5,55.));
#17141=CARTESIAN_POINT('',(82.5,42.75,55.));
#17142=CARTESIAN_POINT('',(2.71752728805415,108.5,55.));
#17143=CARTESIAN_POINT('Origin',(1.96752728805415,108.5,55.));
#17144=CARTESIAN_POINT('',(79.25,21.5,55.));
#17145=CARTESIAN_POINT('Origin',(78.5,21.5,55.));
#17146=CARTESIAN_POINT('',(79.25,108.5,55.));
#17147=CARTESIAN_POINT('Origin',(78.5,108.5,55.));
#17148=CARTESIAN_POINT('',(3.46752728805415,23.,55.));
#17149=CARTESIAN_POINT('',(3.46752728805416,20.,55.));
#17150=CARTESIAN_POINT('',(3.46752728805414,42.5,55.));
#17151=CARTESIAN_POINT('',(0.467527288054152,23.,55.));
#17152=CARTESIAN_POINT('',(21.8506454660406,23.,55.));
#17153=CARTESIAN_POINT('',(0.467527288054152,107.,55.));
#17154=CARTESIAN_POINT('',(0.467527288054153,44.,55.));
#17155=CARTESIAN_POINT('',(3.46752728805415,107.,55.));
#17156=CARTESIAN_POINT('',(20.3506454660406,107.,55.));
#17157=CARTESIAN_POINT('',(3.46752728805415,110.,55.));
#17158=CARTESIAN_POINT('',(3.46752728805415,86.,55.));
#17159=CARTESIAN_POINT('',(77.,110.,55.));
#17160=CARTESIAN_POINT('',(21.8506454660406,110.,55.));
#17161=CARTESIAN_POINT('',(77.,107.,55.));
#17162=CARTESIAN_POINT('',(77.,87.5,55.));
#17163=CARTESIAN_POINT('',(80.,107.,55.));
#17164=CARTESIAN_POINT('',(58.6168818220135,107.,55.));
#17165=CARTESIAN_POINT('',(80.,23.,55.));
#17166=CARTESIAN_POINT('',(80.,86.,55.));
#17167=CARTESIAN_POINT('',(77.,23.,55.));
#17168=CARTESIAN_POINT('',(60.1168818220136,23.,55.));
#17169=CARTESIAN_POINT('',(77.,20.,55.));
#17170=CARTESIAN_POINT('',(77.,44.,55.));
#17171=CARTESIAN_POINT('',(58.6168818220135,20.,55.));
#17172=CARTESIAN_POINT('',(2.69731219789962,21.5,55.));
#17173=CARTESIAN_POINT('Origin',(1.94731219789962,21.5,55.));
#17174=CARTESIAN_POINT('Origin',(3.46752728805415,110.,35.));
#17175=CARTESIAN_POINT('',(3.46752728805415,110.,35.));
#17176=CARTESIAN_POINT('',(0.467527288054152,110.,35.));
#17177=CARTESIAN_POINT('',(3.46752728805415,110.,36.5));
#17178=CARTESIAN_POINT('',(77.,110.,35.));
#17179=CARTESIAN_POINT('Origin',(3.46752728805415,107.,35.));
#17180=CARTESIAN_POINT('',(3.46752728805415,107.,35.));
#17181=CARTESIAN_POINT('Origin',(0.467527288054152,107.,35.));
#17182=CARTESIAN_POINT('',(0.467527288054152,107.,35.));
#17183=CARTESIAN_POINT('Origin',(0.467527288054152,23.,35.));
#17184=CARTESIAN_POINT('',(0.467527288054152,23.,35.));
#17185=CARTESIAN_POINT('',(0.467527288054152,23.,36.5));
#17186=CARTESIAN_POINT('Origin',(3.46752728805415,23.,35.));
#17187=CARTESIAN_POINT('',(3.46752728805415,23.,35.));
#17188=CARTESIAN_POINT('Origin',(3.46752728805416,20.,35.));
#17189=CARTESIAN_POINT('',(3.46752728805416,20.,35.));
#17190=CARTESIAN_POINT('Origin',(79.5,20.5,35.));
#17191=CARTESIAN_POINT('',(82.5,20.5,35.));
#17192=CARTESIAN_POINT('',(79.5,17.5,35.));
#17193=CARTESIAN_POINT('Origin',(0.967527288054153,17.5,35.));
#17194=CARTESIAN_POINT('',(0.967527288054153,17.5,35.));
#17195=CARTESIAN_POINT('Origin',(0.967527288054154,20.5,35.));
#17196=CARTESIAN_POINT('Origin',(77.,107.,35.));
#17197=CARTESIAN_POINT('',(80.,107.,35.));
#17198=CARTESIAN_POINT('',(77.,107.,35.));
#17199=CARTESIAN_POINT('Origin',(80.,107.,35.));
#17200=CARTESIAN_POINT('',(80.,107.,36.5));
#17201=CARTESIAN_POINT('',(80.,20.,35.));
#17202=CARTESIAN_POINT('',(80.,23.,35.));
#17203=CARTESIAN_POINT('Origin',(80.,23.,35.));
#17204=CARTESIAN_POINT('',(77.,23.,35.));
#17205=CARTESIAN_POINT('Origin',(77.,23.,35.));
#17206=CARTESIAN_POINT('',(77.,20.,35.));
#17207=CARTESIAN_POINT('Origin',(77.,20.,35.));
#17208=CARTESIAN_POINT('',(77.,20.,36.5));
#17209=CARTESIAN_POINT('Origin',(1.94731219789962,21.5,35.));
#17210=CARTESIAN_POINT('',(2.69731219789962,21.5,35.));
#17211=CARTESIAN_POINT('Origin',(77.,110.,35.));
#17212=CARTESIAN_POINT('Origin',(78.5,108.5,35.));
#17213=CARTESIAN_POINT('',(79.25,108.5,35.));
#17214=CARTESIAN_POINT('Origin',(78.5,21.5,35.));
#17215=CARTESIAN_POINT('',(79.25,21.5,35.));
#17216=CARTESIAN_POINT('Origin',(1.96752728805415,108.5,35.));
#17217=CARTESIAN_POINT('',(2.71752728805415,108.5,35.));
#17218=CARTESIAN_POINT('Origin',(82.5,20.5,35.));
#17219=CARTESIAN_POINT('Origin',(40.2337636440271,85.,35.));
#17220=CARTESIAN_POINT('Origin',(40.2337636440271,85.,36.5));
#17221=CARTESIAN_POINT('Origin',(40.2337636440271,85.,36.5));
#17222=CARTESIAN_POINT('Origin',(40.2337636440271,85.,36.5));
#17223=CARTESIAN_POINT('',(55.2337636440271,85.,36.5));
#17224=CARTESIAN_POINT('Origin',(40.2337636440271,85.,36.5));
#17225=CARTESIAN_POINT('',(55.2337636440271,85.,35.));
#17226=CARTESIAN_POINT('Origin',(40.2337636440271,85.,36.5));
#17227=CARTESIAN_POINT('Origin',(40.2337636440271,45.,35.));
#17228=CARTESIAN_POINT('Origin',(40.2337636440271,45.,36.5));
#17229=CARTESIAN_POINT('',(55.2337636440271,45.,36.5));
#17230=CARTESIAN_POINT('Origin',(40.2337636440271,45.,36.5));
#17231=CARTESIAN_POINT('',(55.2337636440271,45.,35.));
#17232=CARTESIAN_POINT('Origin',(40.2337636440271,45.,36.5));
#17233=CARTESIAN_POINT('Origin',(40.2337636440271,45.,36.5));
#17234=CARTESIAN_POINT('Origin',(40.2337636440271,45.,36.5));
#17235=CARTESIAN_POINT('Origin',(40.2337636440271,65.,36.5));
#17236=CARTESIAN_POINT('',(0.,0.,0.));
#17237=CARTESIAN_POINT('Origin',(0.,0.,0.));
#17238=CARTESIAN_POINT('',(0.,-10.5,-1.28587913910472E-15));
#17239=CARTESIAN_POINT('Origin',(0.,0.,0.));
#17240=CARTESIAN_POINT('',(2.,-10.5,-1.11022302462516E-15));
#17241=CARTESIAN_POINT('',(0.,-10.5,-1.28587913910472E-15));
#17242=CARTESIAN_POINT('Origin',(2.,0.,0.));
#17243=CARTESIAN_POINT('Origin',(2.,0.,0.));
#17244=CARTESIAN_POINT('',(2.,-1.,7.5));
#17245=CARTESIAN_POINT('Origin',(2.,0.,7.5));
#17246=CARTESIAN_POINT('',(2.,-8.5,-2.22044604925031E-15));
#17247=CARTESIAN_POINT('Origin',(2.,-7.5,-1.66533453693773E-15));
#17248=CARTESIAN_POINT('',(2.,-4.00000005960464,0.));
#17249=CARTESIAN_POINT('Origin',(2.,0.,0.));
#17250=CARTESIAN_POINT('',(2.,6.5,-2.22044604925031E-15));
#17251=CARTESIAN_POINT('Origin',(2.,7.5,-1.66533453693773E-15));
#17252=CARTESIAN_POINT('',(2.,-1.,-7.5));
#17253=CARTESIAN_POINT('Origin',(2.,-9.18485099360515E-16,-7.5));
#17254=CARTESIAN_POINT('Origin',(0.,-9.18485099360515E-16,-7.5));
#17255=CARTESIAN_POINT('',(4.5,-1.,-7.5));
#17256=CARTESIAN_POINT('Origin',(4.5,-9.18485099360515E-16,-7.5));
#17257=CARTESIAN_POINT('',(0.,-1.,-7.5));
#17258=CARTESIAN_POINT('Origin',(0.,7.5,-1.66533453693773E-15));
#17259=CARTESIAN_POINT('',(4.5,6.5,-2.22044604925031E-15));
#17260=CARTESIAN_POINT('Origin',(4.5,7.5,-1.66533453693773E-15));
#17261=CARTESIAN_POINT('',(0.,6.5,-1.78779921685247E-15));
#17262=CARTESIAN_POINT('Origin',(0.,-7.5,-1.66533453693773E-15));
#17263=CARTESIAN_POINT('',(4.5,-8.5,-2.22044604925031E-15));
#17264=CARTESIAN_POINT('Origin',(4.5,-7.5,-1.66533453693773E-15));
#17265=CARTESIAN_POINT('',(0.,-8.5,-1.78779921685247E-15));
#17266=CARTESIAN_POINT('Origin',(0.,0.,0.));
#17267=CARTESIAN_POINT('',(4.5,-4.00000005960464,0.));
#17268=CARTESIAN_POINT('Origin',(4.5,0.,0.));
#17269=CARTESIAN_POINT('',(0.,-4.00000005960464,-4.89858726958405E-16));
#17270=CARTESIAN_POINT('Origin',(0.,0.,7.5));
#17271=CARTESIAN_POINT('',(4.5,-1.,7.5));
#17272=CARTESIAN_POINT('Origin',(4.5,0.,7.5));
#17273=CARTESIAN_POINT('',(0.,-1.,7.5));
#17274=CARTESIAN_POINT('Origin',(4.5,0.,50.0000006891787));
#17275=CARTESIAN_POINT('',(4.5,-15.,100.000001490116));
#17276=CARTESIAN_POINT('',(4.5,15.0000002235174,100.000001490116));
#17277=CARTESIAN_POINT('Origin',(4.5,1.11758708953857E-7,100.000001490116));
#17278=CARTESIAN_POINT('',(4.5,-15.,0.));
#17279=CARTESIAN_POINT('',(4.5,-15.,75.0000010896474));
#17280=CARTESIAN_POINT('',(4.5,15.0000002235174,0.));
#17281=CARTESIAN_POINT('Origin',(4.5,0.,0.));
#17282=CARTESIAN_POINT('',(4.5,15.0000002235174,25.0000003445894));
#17283=CARTESIAN_POINT('',(4.5,-12.75,51.05));
#17284=CARTESIAN_POINT('',(4.5,12.75,51.05));
#17285=CARTESIAN_POINT('',(4.5,12.75,51.05));
#17286=CARTESIAN_POINT('',(4.5,-12.75,105.55));
#17287=CARTESIAN_POINT('',(4.5,-12.75,51.05));
#17288=CARTESIAN_POINT('',(4.5,12.75,105.55));
#17289=CARTESIAN_POINT('',(4.5,-12.75,105.55));
#17290=CARTESIAN_POINT('',(4.5,12.75,105.55));
#17291=CARTESIAN_POINT('Origin',(0.,-15.,100.000001490116));
#17292=CARTESIAN_POINT('',(0.,-15.,100.000001490116));
#17293=CARTESIAN_POINT('',(0.,-15.,100.000001490116));
#17294=CARTESIAN_POINT('',(0.,-15.,0.));
#17295=CARTESIAN_POINT('',(0.,-15.,100.000001490116));
#17296=CARTESIAN_POINT('',(0.,-15.,0.));
#17297=CARTESIAN_POINT('Origin',(0.,1.11758708953857E-7,100.000001490116));
#17298=CARTESIAN_POINT('',(0.,15.0000002235174,100.000001490116));
#17299=CARTESIAN_POINT('',(0.,15.0000002235174,100.000001490116));
#17300=CARTESIAN_POINT('Origin',(0.,1.11758708953857E-7,100.000001490116));
#17301=CARTESIAN_POINT('Origin',(9.,-4.99999999999999,102.05));
#17302=CARTESIAN_POINT('',(9.,-4.,102.05));
#17303=CARTESIAN_POINT('Origin',(9.,-4.99999999999999,102.05));
#17304=CARTESIAN_POINT('Origin',(9.,1.38777878078145E-15,54.55));
#17305=CARTESIAN_POINT('',(9.,-1.5,51.05));
#17306=CARTESIAN_POINT('',(9.,1.5,51.05));
#17307=CARTESIAN_POINT('',(9.,-1.5,51.05));
#17308=CARTESIAN_POINT('',(9.,1.5,58.05));
#17309=CARTESIAN_POINT('',(9.,1.5,56.3));
#17310=CARTESIAN_POINT('',(9.,-1.5,58.05));
#17311=CARTESIAN_POINT('',(9.,1.5,58.05));
#17312=CARTESIAN_POINT('',(9.,-1.5,52.8));
#17313=CARTESIAN_POINT('Origin',(3.5,-2.22044604925031E-15,78.3));
#17314=CARTESIAN_POINT('',(3.5,-10.25,58.05));
#17315=CARTESIAN_POINT('',(3.5,10.25,58.05));
#17316=CARTESIAN_POINT('',(3.5,0.749999999999999,58.05));
#17317=CARTESIAN_POINT('',(3.5,10.25,98.55));
#17318=CARTESIAN_POINT('',(3.5,10.25,88.425));
#17319=CARTESIAN_POINT('',(3.5,-10.25,98.55));
#17320=CARTESIAN_POINT('',(3.5,0.749999999999997,98.55));
#17321=CARTESIAN_POINT('',(3.5,-10.25,68.175));
#17322=CARTESIAN_POINT('',(3.5,4.5,88.));
#17323=CARTESIAN_POINT('Origin',(3.5,-2.81668763803891E-15,88.));
#17324=CARTESIAN_POINT('Origin',(0.,1.5,58.05));
#17325=CARTESIAN_POINT('',(13.5,1.5,51.05));
#17326=CARTESIAN_POINT('',(0.,1.5,51.05));
#17327=CARTESIAN_POINT('',(13.5,1.5,58.05));
#17328=CARTESIAN_POINT('',(13.5,1.5,51.05));
#17329=CARTESIAN_POINT('',(0.,1.5,58.05));
#17330=CARTESIAN_POINT('Origin',(9.,5.,54.55));
#17331=CARTESIAN_POINT('',(9.,6.,54.55));
#17332=CARTESIAN_POINT('Origin',(9.,5.,54.55));
#17333=CARTESIAN_POINT('Origin',(9.,-2.77555756156289E-15,102.05));
#17334=CARTESIAN_POINT('',(9.,-1.5,98.55));
#17335=CARTESIAN_POINT('',(9.,1.5,98.55));
#17336=CARTESIAN_POINT('',(9.,-10.25,98.55));
#17337=CARTESIAN_POINT('',(9.,1.5,105.55));
#17338=CARTESIAN_POINT('',(9.,1.5,103.8));
#17339=CARTESIAN_POINT('',(9.,-1.5,105.55));
#17340=CARTESIAN_POINT('',(9.,-1.5,105.55));
#17341=CARTESIAN_POINT('',(9.,-1.5,100.3));
#17342=CARTESIAN_POINT('Origin',(0.,1.5,105.55));
#17343=CARTESIAN_POINT('',(13.5,1.5,98.55));
#17344=CARTESIAN_POINT('',(0.,1.5,98.55));
#17345=CARTESIAN_POINT('',(13.5,1.5,105.55));
#17346=CARTESIAN_POINT('',(13.5,1.5,105.55));
#17347=CARTESIAN_POINT('',(0.,1.5,105.55));
#17348=CARTESIAN_POINT('Origin',(9.,-4.99999999999999,54.55));
#17349=CARTESIAN_POINT('',(9.,-4.,54.55));
#17350=CARTESIAN_POINT('Origin',(9.,-4.99999999999999,54.55));
#17351=CARTESIAN_POINT('Origin',(9.,5.,102.05));
#17352=CARTESIAN_POINT('',(9.,6.,102.05));
#17353=CARTESIAN_POINT('Origin',(9.,5.,102.05));
#17354=CARTESIAN_POINT('Origin',(0.,-1.5,98.55));
#17355=CARTESIAN_POINT('',(13.5,-1.5,105.55));
#17356=CARTESIAN_POINT('',(0.,-1.5,105.55));
#17357=CARTESIAN_POINT('',(13.5,-1.5,98.55));
#17358=CARTESIAN_POINT('',(13.5,-1.5,98.55));
#17359=CARTESIAN_POINT('',(0.,-1.5,98.55));
#17360=CARTESIAN_POINT('Origin',(0.,-12.75,105.55));
#17361=CARTESIAN_POINT('',(13.5,-12.75,51.05));
#17362=CARTESIAN_POINT('',(5.,-12.75,51.05));
#17363=CARTESIAN_POINT('',(13.5,-12.75,105.55));
#17364=CARTESIAN_POINT('',(13.5,-12.75,51.05));
#17365=CARTESIAN_POINT('',(5.,-12.75,105.55));
#17366=CARTESIAN_POINT('Origin',(0.,-12.75,51.05));
#17367=CARTESIAN_POINT('',(13.5,12.75,51.05));
#17368=CARTESIAN_POINT('',(5.,12.75,51.05));
#17369=CARTESIAN_POINT('',(13.5,12.75,51.05));
#17370=CARTESIAN_POINT('',(13.5,-1.5,51.05));
#17371=CARTESIAN_POINT('',(0.,-1.5,51.05));
#17372=CARTESIAN_POINT('',(13.5,12.75,51.05));
#17373=CARTESIAN_POINT('Origin',(0.,-4.99999999999999,54.55));
#17374=CARTESIAN_POINT('',(13.5,-4.,54.55));
#17375=CARTESIAN_POINT('Origin',(13.5,-4.99999999999999,54.55));
#17376=CARTESIAN_POINT('',(0.,-4.,54.55));
#17377=CARTESIAN_POINT('Origin',(0.,-4.99999999999999,102.05));
#17378=CARTESIAN_POINT('',(13.5,-4.,102.05));
#17379=CARTESIAN_POINT('Origin',(13.5,-4.99999999999999,102.05));
#17380=CARTESIAN_POINT('',(0.,-4.,102.05));
#17381=CARTESIAN_POINT('Origin',(0.,-1.5,51.05));
#17382=CARTESIAN_POINT('',(13.5,-1.5,58.05));
#17383=CARTESIAN_POINT('',(0.,-1.5,58.05));
#17384=CARTESIAN_POINT('',(13.5,-1.5,58.05));
#17385=CARTESIAN_POINT('Origin',(0.,-10.25,58.05));
#17386=CARTESIAN_POINT('',(13.5,-10.25,98.55));
#17387=CARTESIAN_POINT('',(0.,-10.25,98.55));
#17388=CARTESIAN_POINT('',(13.5,-10.25,58.05));
#17389=CARTESIAN_POINT('',(13.5,-10.25,58.05));
#17390=CARTESIAN_POINT('',(0.,-10.25,58.05));
#17391=CARTESIAN_POINT('Origin',(0.,-1.5,58.05));
#17392=CARTESIAN_POINT('',(13.5,10.25,58.05));
#17393=CARTESIAN_POINT('',(13.5,10.25,58.05));
#17394=CARTESIAN_POINT('',(13.5,10.25,58.05));
#17395=CARTESIAN_POINT('',(0.,10.25,58.05));
#17396=CARTESIAN_POINT('Origin',(13.5,-7.125,78.3));
#17397=CARTESIAN_POINT('',(13.5,-10.25,98.55));
#17398=CARTESIAN_POINT('',(13.5,-12.75,105.55));
#17399=CARTESIAN_POINT('Origin',(0.,10.25,98.55));
#17400=CARTESIAN_POINT('',(13.5,10.25,98.55));
#17401=CARTESIAN_POINT('',(13.5,10.25,98.55));
#17402=CARTESIAN_POINT('',(0.,10.25,98.55));
#17403=CARTESIAN_POINT('Origin',(0.,12.75,51.05));
#17404=CARTESIAN_POINT('',(13.5,12.75,105.55));
#17405=CARTESIAN_POINT('',(5.,12.75,105.55));
#17406=CARTESIAN_POINT('',(13.5,12.75,105.55));
#17407=CARTESIAN_POINT('Origin',(0.,5.,102.05));
#17408=CARTESIAN_POINT('',(13.5,6.,102.05));
#17409=CARTESIAN_POINT('Origin',(13.5,5.,102.05));
#17410=CARTESIAN_POINT('',(0.,6.,102.05));
#17411=CARTESIAN_POINT('Origin',(0.,5.,54.55));
#17412=CARTESIAN_POINT('',(13.5,6.,54.55));
#17413=CARTESIAN_POINT('Origin',(13.5,5.,54.55));
#17414=CARTESIAN_POINT('',(0.,6.,54.55));
#17415=CARTESIAN_POINT('Origin',(0.,1.5,98.55));
#17416=CARTESIAN_POINT('',(13.5,-10.25,98.55));
#17417=CARTESIAN_POINT('Origin',(0.,12.75,105.55));
#17418=CARTESIAN_POINT('',(13.5,-12.75,105.55));
#17419=CARTESIAN_POINT('Origin',(13.5,7.125,78.3));
#17420=CARTESIAN_POINT('Origin',(0.,-2.81668763803891E-15,88.));
#17421=CARTESIAN_POINT('',(0.,4.5,88.));
#17422=CARTESIAN_POINT('',(0.,4.5,88.));
#17423=CARTESIAN_POINT('Origin',(0.,-2.81668763803891E-15,88.));
#17424=CARTESIAN_POINT('Origin',(0.,15.0000002235174,0.));
#17425=CARTESIAN_POINT('',(0.,15.0000002235174,0.));
#17426=CARTESIAN_POINT('',(0.,15.0000002235174,0.));
#17427=CARTESIAN_POINT('',(0.,15.0000002235174,0.));
#17428=CARTESIAN_POINT('Origin',(0.,0.,0.));
#17429=CARTESIAN_POINT('Origin',(0.,0.,0.));
#17430=CARTESIAN_POINT('Origin',(0.,0.,50.0000006891787));
#17431=CARTESIAN_POINT('',(0.,0.,0.));
#17432=CARTESIAN_POINT('Origin',(0.,0.,0.));
#17433=CARTESIAN_POINT('',(-1.5,-1.83697019872103E-16,1.));
#17434=CARTESIAN_POINT('Origin',(0.,0.,1.));
#17435=CARTESIAN_POINT('',(-1.5,-1.83697019872103E-16,0.));
#17436=CARTESIAN_POINT('',(-1.5,-1.83697019872103E-16,0.));
#17437=CARTESIAN_POINT('Origin',(0.,0.,0.));
#17438=CARTESIAN_POINT('Origin',(0.,0.,0.));
#17439=CARTESIAN_POINT('',(-2.5,-3.06161699786838E-16,1.));
#17440=CARTESIAN_POINT('Origin',(0.,0.,1.));
#17441=CARTESIAN_POINT('',(-2.5,-3.06161699786838E-16,0.));
#17442=CARTESIAN_POINT('',(-2.5,-3.06161699786838E-16,0.));
#17443=CARTESIAN_POINT('Origin',(0.,0.,0.));
#17444=CARTESIAN_POINT('Origin',(0.,0.,1.));
#17445=CARTESIAN_POINT('Origin',(0.,0.,0.));
#17446=CARTESIAN_POINT('Origin',(8.,0.,0.));
#17447=CARTESIAN_POINT('',(6.5,-1.83697019872103E-16,1.));
#17448=CARTESIAN_POINT('Origin',(8.,0.,1.));
#17449=CARTESIAN_POINT('',(6.5,-1.83697019872103E-16,0.));
#17450=CARTESIAN_POINT('',(6.5,-1.83697019872103E-16,0.));
#17451=CARTESIAN_POINT('Origin',(8.,0.,0.));
#17452=CARTESIAN_POINT('Origin',(8.,0.,0.));
#17453=CARTESIAN_POINT('',(5.5,-3.06161699786838E-16,1.));
#17454=CARTESIAN_POINT('Origin',(8.,0.,1.));
#17455=CARTESIAN_POINT('',(5.5,-3.06161699786838E-16,0.));
#17456=CARTESIAN_POINT('',(5.5,-3.06161699786838E-16,0.));
#17457=CARTESIAN_POINT('Origin',(8.,0.,0.));
#17458=CARTESIAN_POINT('Origin',(8.,0.,1.));
#17459=CARTESIAN_POINT('Origin',(8.,0.,0.));
#17460=CARTESIAN_POINT('Origin',(0.,-7.,0.));
#17461=CARTESIAN_POINT('',(-1.5,-7.,1.));
#17462=CARTESIAN_POINT('Origin',(0.,-7.,1.));
#17463=CARTESIAN_POINT('',(-1.5,-7.,0.));
#17464=CARTESIAN_POINT('',(-1.5,-7.,0.));
#17465=CARTESIAN_POINT('Origin',(0.,-7.,0.));
#17466=CARTESIAN_POINT('Origin',(0.,-7.,0.));
#17467=CARTESIAN_POINT('',(-2.5,-7.,1.));
#17468=CARTESIAN_POINT('Origin',(0.,-7.,1.));
#17469=CARTESIAN_POINT('',(-2.5,-7.,0.));
#17470=CARTESIAN_POINT('',(-2.5,-7.,0.));
#17471=CARTESIAN_POINT('Origin',(0.,-7.,0.));
#17472=CARTESIAN_POINT('Origin',(0.,-7.,1.));
#17473=CARTESIAN_POINT('Origin',(0.,-7.,0.));
#17474=CARTESIAN_POINT('Origin',(8.,-7.,0.));
#17475=CARTESIAN_POINT('',(6.5,-7.,1.));
#17476=CARTESIAN_POINT('Origin',(8.,-7.,1.));
#17477=CARTESIAN_POINT('',(6.5,-7.,0.));
#17478=CARTESIAN_POINT('',(6.5,-7.,0.));
#17479=CARTESIAN_POINT('Origin',(8.,-7.,0.));
#17480=CARTESIAN_POINT('Origin',(8.,-7.,0.));
#17481=CARTESIAN_POINT('',(5.5,-7.,1.));
#17482=CARTESIAN_POINT('Origin',(8.,-7.,1.));
#17483=CARTESIAN_POINT('',(5.5,-7.,0.));
#17484=CARTESIAN_POINT('',(5.5,-7.,0.));
#17485=CARTESIAN_POINT('Origin',(8.,-7.,0.));
#17486=CARTESIAN_POINT('Origin',(8.,-7.,1.));
#17487=CARTESIAN_POINT('Origin',(8.,-7.,0.));
#17488=CARTESIAN_POINT('Origin',(0.,-14.,0.));
#17489=CARTESIAN_POINT('',(-1.5,-14.,1.));
#17490=CARTESIAN_POINT('Origin',(0.,-14.,1.));
#17491=CARTESIAN_POINT('',(-1.5,-14.,0.));
#17492=CARTESIAN_POINT('',(-1.5,-14.,0.));
#17493=CARTESIAN_POINT('Origin',(0.,-14.,0.));
#17494=CARTESIAN_POINT('Origin',(0.,-14.,0.));
#17495=CARTESIAN_POINT('',(-2.5,-14.,1.));
#17496=CARTESIAN_POINT('Origin',(0.,-14.,1.));
#17497=CARTESIAN_POINT('',(-2.5,-14.,0.));
#17498=CARTESIAN_POINT('',(-2.5,-14.,0.));
#17499=CARTESIAN_POINT('Origin',(0.,-14.,0.));
#17500=CARTESIAN_POINT('Origin',(0.,-14.,1.));
#17501=CARTESIAN_POINT('Origin',(0.,-14.,0.));
#17502=CARTESIAN_POINT('Origin',(8.,-14.,0.));
#17503=CARTESIAN_POINT('',(6.5,-14.,1.));
#17504=CARTESIAN_POINT('Origin',(8.,-14.,1.));
#17505=CARTESIAN_POINT('',(6.5,-14.,0.));
#17506=CARTESIAN_POINT('',(6.5,-14.,0.));
#17507=CARTESIAN_POINT('Origin',(8.,-14.,0.));
#17508=CARTESIAN_POINT('Origin',(8.,-14.,0.));
#17509=CARTESIAN_POINT('',(5.5,-14.,1.));
#17510=CARTESIAN_POINT('Origin',(8.,-14.,1.));
#17511=CARTESIAN_POINT('',(5.5,-14.,0.));
#17512=CARTESIAN_POINT('',(5.5,-14.,0.));
#17513=CARTESIAN_POINT('Origin',(8.,-14.,0.));
#17514=CARTESIAN_POINT('Origin',(8.,-14.,1.));
#17515=CARTESIAN_POINT('Origin',(8.,-14.,0.));
#17516=CARTESIAN_POINT('Origin',(0.,-21.,0.));
#17517=CARTESIAN_POINT('',(-1.5,-21.,1.));
#17518=CARTESIAN_POINT('Origin',(0.,-21.,1.));
#17519=CARTESIAN_POINT('',(-1.5,-21.,0.));
#17520=CARTESIAN_POINT('',(-1.5,-21.,0.));
#17521=CARTESIAN_POINT('Origin',(0.,-21.,0.));
#17522=CARTESIAN_POINT('Origin',(0.,-21.,0.));
#17523=CARTESIAN_POINT('',(-2.5,-21.,1.));
#17524=CARTESIAN_POINT('Origin',(0.,-21.,1.));
#17525=CARTESIAN_POINT('',(-2.5,-21.,0.));
#17526=CARTESIAN_POINT('',(-2.5,-21.,0.));
#17527=CARTESIAN_POINT('Origin',(0.,-21.,0.));
#17528=CARTESIAN_POINT('Origin',(0.,-21.,1.));
#17529=CARTESIAN_POINT('Origin',(0.,-21.,0.));
#17530=CARTESIAN_POINT('Origin',(8.,-21.,0.));
#17531=CARTESIAN_POINT('',(6.5,-21.,1.));
#17532=CARTESIAN_POINT('Origin',(8.,-21.,1.));
#17533=CARTESIAN_POINT('',(6.5,-21.,0.));
#17534=CARTESIAN_POINT('',(6.5,-21.,0.));
#17535=CARTESIAN_POINT('Origin',(8.,-21.,0.));
#17536=CARTESIAN_POINT('Origin',(8.,-21.,0.));
#17537=CARTESIAN_POINT('',(5.5,-21.,1.));
#17538=CARTESIAN_POINT('Origin',(8.,-21.,1.));
#17539=CARTESIAN_POINT('',(5.5,-21.,0.));
#17540=CARTESIAN_POINT('',(5.5,-21.,0.));
#17541=CARTESIAN_POINT('Origin',(8.,-21.,0.));
#17542=CARTESIAN_POINT('Origin',(8.,-21.,1.));
#17543=CARTESIAN_POINT('Origin',(8.,-21.,0.));
#17544=CARTESIAN_POINT('',(-112.827407455308,11.536540082473,58.5475637353403));
#17545=CARTESIAN_POINT('',(-103.883114255229,-18.8937464767318,-14.3176643513545));
#17546=CARTESIAN_POINT('',(0.,0.,0.));
#17547=CARTESIAN_POINT('',(0.,0.,20.));
#17548=CARTESIAN_POINT('',(4.63396587629914,12.6797621072687,59.4));
#17549=CARTESIAN_POINT('',(-69.0757709780425,13.5329641653495,215.706806978392));
#17550=CARTESIAN_POINT('',(112.209927616458,-64.9905603129959,49.5813446506977));
#17551=CARTESIAN_POINT('',(0.,0.,0.));
#17552=CARTESIAN_POINT('',(89.9728217867314,293.043767625799,25.0168256558679));
#17553=CARTESIAN_POINT('',(197.054167285113,257.786790078605,170.114414459894));
#17554=CARTESIAN_POINT('',(153.601407363418,117.889349136099,43.1023231767747));
#17555=CARTESIAN_POINT('',(73.1590909011498,117.889801028012,-46.8976768232252));
#17556=CARTESIAN_POINT('',(17.7911279881558,7.87132487181212,146.277891412797));
#17557=CARTESIAN_POINT('',(0.,0.,0.));
#17558=UNCERTAINTY_MEASURE_WITH_UNIT(LENGTH_MEASURE(0.01),#17592,
'DISTANCE_ACCURACY_VALUE',
'Maximum model space distance between geometric entities at asserted c
onnectivities');
#17559=UNCERTAINTY_MEASURE_WITH_UNIT(LENGTH_MEASURE(0.01),#17592,
'DISTANCE_ACCURACY_VALUE',
'Maximum model space distance between geometric entities at asserted c
onnectivities');
#17560=UNCERTAINTY_MEASURE_WITH_UNIT(LENGTH_MEASURE(0.01),#17592,
'DISTANCE_ACCURACY_VALUE',
'Maximum model space distance between geometric entities at asserted c
onnectivities');
#17561=UNCERTAINTY_MEASURE_WITH_UNIT(LENGTH_MEASURE(0.01),#17592,
'DISTANCE_ACCURACY_VALUE',
'Maximum model space distance between geometric entities at asserted c
onnectivities');
#17562=UNCERTAINTY_MEASURE_WITH_UNIT(LENGTH_MEASURE(0.01),#17592,
'DISTANCE_ACCURACY_VALUE',
'Maximum model space distance between geometric entities at asserted c
onnectivities');
#17563=UNCERTAINTY_MEASURE_WITH_UNIT(LENGTH_MEASURE(0.01),#17592,
'DISTANCE_ACCURACY_VALUE',
'Maximum model space distance between geometric entities at asserted c
onnectivities');
#17564=UNCERTAINTY_MEASURE_WITH_UNIT(LENGTH_MEASURE(0.01),#17592,
'DISTANCE_ACCURACY_VALUE',
'Maximum model space distance between geometric entities at asserted c
onnectivities');
#17565=UNCERTAINTY_MEASURE_WITH_UNIT(LENGTH_MEASURE(0.01),#17592,
'DISTANCE_ACCURACY_VALUE',
'Maximum model space distance between geometric entities at asserted c
onnectivities');
#17566=UNCERTAINTY_MEASURE_WITH_UNIT(LENGTH_MEASURE(0.01),#17592,
'DISTANCE_ACCURACY_VALUE',
'Maximum model space distance between geometric entities at asserted c
onnectivities');
#17567=UNCERTAINTY_MEASURE_WITH_UNIT(LENGTH_MEASURE(0.01),#17592,
'DISTANCE_ACCURACY_VALUE',
'Maximum model space distance between geometric entities at asserted c
onnectivities');
#17568=UNCERTAINTY_MEASURE_WITH_UNIT(LENGTH_MEASURE(0.01),#17592,
'DISTANCE_ACCURACY_VALUE',
'Maximum model space distance between geometric entities at asserted c
onnectivities');
#17569=UNCERTAINTY_MEASURE_WITH_UNIT(LENGTH_MEASURE(0.01),#17592,
'DISTANCE_ACCURACY_VALUE',
'Maximum model space distance between geometric entities at asserted c
onnectivities');
#17570=UNCERTAINTY_MEASURE_WITH_UNIT(LENGTH_MEASURE(0.01),#17592,
'DISTANCE_ACCURACY_VALUE',
'Maximum model space distance between geometric entities at asserted c
onnectivities');
#17571=UNCERTAINTY_MEASURE_WITH_UNIT(LENGTH_MEASURE(0.01),#17592,
'DISTANCE_ACCURACY_VALUE',
'Maximum model space distance between geometric entities at asserted c
onnectivities');
#17572=UNCERTAINTY_MEASURE_WITH_UNIT(LENGTH_MEASURE(0.01),#17592,
'DISTANCE_ACCURACY_VALUE',
'Maximum model space distance between geometric entities at asserted c
onnectivities');
#17573=UNCERTAINTY_MEASURE_WITH_UNIT(LENGTH_MEASURE(0.01),#17592,
'DISTANCE_ACCURACY_VALUE',
'Maximum model space distance between geometric entities at asserted c
onnectivities');
#17574=UNCERTAINTY_MEASURE_WITH_UNIT(LENGTH_MEASURE(0.01),#17592,
'DISTANCE_ACCURACY_VALUE',
'Maximum model space distance between geometric entities at asserted c
onnectivities');
#17575=(
GEOMETRIC_REPRESENTATION_CONTEXT(3)
GLOBAL_UNCERTAINTY_ASSIGNED_CONTEXT((#17558))
GLOBAL_UNIT_ASSIGNED_CONTEXT((#17592,#17594,#17595))
REPRESENTATION_CONTEXT('','3D')
);
#17576=(
GEOMETRIC_REPRESENTATION_CONTEXT(3)
GLOBAL_UNCERTAINTY_ASSIGNED_CONTEXT((#17559))
GLOBAL_UNIT_ASSIGNED_CONTEXT((#17592,#17594,#17595))
REPRESENTATION_CONTEXT('','3D')
);
#17577=(
GEOMETRIC_REPRESENTATION_CONTEXT(3)
GLOBAL_UNCERTAINTY_ASSIGNED_CONTEXT((#17560))
GLOBAL_UNIT_ASSIGNED_CONTEXT((#17592,#17594,#17595))
REPRESENTATION_CONTEXT('','3D')
);
#17578=(
GEOMETRIC_REPRESENTATION_CONTEXT(3)
GLOBAL_UNCERTAINTY_ASSIGNED_CONTEXT((#17561))
GLOBAL_UNIT_ASSIGNED_CONTEXT((#17592,#17594,#17595))
REPRESENTATION_CONTEXT('','3D')
);
#17579=(
GEOMETRIC_REPRESENTATION_CONTEXT(3)
GLOBAL_UNCERTAINTY_ASSIGNED_CONTEXT((#17562))
GLOBAL_UNIT_ASSIGNED_CONTEXT((#17592,#17594,#17595))
REPRESENTATION_CONTEXT('','3D')
);
#17580=(
GEOMETRIC_REPRESENTATION_CONTEXT(3)
GLOBAL_UNCERTAINTY_ASSIGNED_CONTEXT((#17563))
GLOBAL_UNIT_ASSIGNED_CONTEXT((#17592,#17594,#17595))
REPRESENTATION_CONTEXT('','3D')
);
#17581=(
GEOMETRIC_REPRESENTATION_CONTEXT(3)
GLOBAL_UNCERTAINTY_ASSIGNED_CONTEXT((#17564))
GLOBAL_UNIT_ASSIGNED_CONTEXT((#17592,#17594,#17595))
REPRESENTATION_CONTEXT('','3D')
);
#17582=(
GEOMETRIC_REPRESENTATION_CONTEXT(3)
GLOBAL_UNCERTAINTY_ASSIGNED_CONTEXT((#17565))
GLOBAL_UNIT_ASSIGNED_CONTEXT((#17592,#17594,#17595))
REPRESENTATION_CONTEXT('','3D')
);
#17583=(
GEOMETRIC_REPRESENTATION_CONTEXT(3)
GLOBAL_UNCERTAINTY_ASSIGNED_CONTEXT((#17566))
GLOBAL_UNIT_ASSIGNED_CONTEXT((#17592,#17594,#17595))
REPRESENTATION_CONTEXT('','3D')
);
#17584=(
GEOMETRIC_REPRESENTATION_CONTEXT(3)
GLOBAL_UNCERTAINTY_ASSIGNED_CONTEXT((#17567))
GLOBAL_UNIT_ASSIGNED_CONTEXT((#17592,#17594,#17595))
REPRESENTATION_CONTEXT('','3D')
);
#17585=(
GEOMETRIC_REPRESENTATION_CONTEXT(3)
GLOBAL_UNCERTAINTY_ASSIGNED_CONTEXT((#17568))
GLOBAL_UNIT_ASSIGNED_CONTEXT((#17592,#17594,#17595))
REPRESENTATION_CONTEXT('','3D')
);
#17586=(
GEOMETRIC_REPRESENTATION_CONTEXT(3)
GLOBAL_UNCERTAINTY_ASSIGNED_CONTEXT((#17569))
GLOBAL_UNIT_ASSIGNED_CONTEXT((#17592,#17594,#17595))
REPRESENTATION_CONTEXT('','3D')
);
#17587=(
GEOMETRIC_REPRESENTATION_CONTEXT(3)
GLOBAL_UNCERTAINTY_ASSIGNED_CONTEXT((#17570))
GLOBAL_UNIT_ASSIGNED_CONTEXT((#17592,#17594,#17595))
REPRESENTATION_CONTEXT('','3D')
);
#17588=(
GEOMETRIC_REPRESENTATION_CONTEXT(3)
GLOBAL_UNCERTAINTY_ASSIGNED_CONTEXT((#17571))
GLOBAL_UNIT_ASSIGNED_CONTEXT((#17592,#17594,#17595))
REPRESENTATION_CONTEXT('','3D')
);
#17589=(
GEOMETRIC_REPRESENTATION_CONTEXT(3)
GLOBAL_UNCERTAINTY_ASSIGNED_CONTEXT((#17572))
GLOBAL_UNIT_ASSIGNED_CONTEXT((#17592,#17594,#17595))
REPRESENTATION_CONTEXT('','3D')
);
#17590=(
GEOMETRIC_REPRESENTATION_CONTEXT(3)
GLOBAL_UNCERTAINTY_ASSIGNED_CONTEXT((#17573))
GLOBAL_UNIT_ASSIGNED_CONTEXT((#17592,#17594,#17595))
REPRESENTATION_CONTEXT('','3D')
);
#17591=(
GEOMETRIC_REPRESENTATION_CONTEXT(3)
GLOBAL_UNCERTAINTY_ASSIGNED_CONTEXT((#17574))
GLOBAL_UNIT_ASSIGNED_CONTEXT((#17592,#17594,#17595))
REPRESENTATION_CONTEXT('','3D')
);
#17592=(
LENGTH_UNIT()
NAMED_UNIT(*)
SI_UNIT(.MILLI.,.METRE.)
);
#17593=(
LENGTH_UNIT()
NAMED_UNIT(*)
SI_UNIT($,.METRE.)
);
#17594=(
NAMED_UNIT(*)
PLANE_ANGLE_UNIT()
SI_UNIT($,.RADIAN.)
);
#17595=(
NAMED_UNIT(*)
SI_UNIT($,.STERADIAN.)
SOLID_ANGLE_UNIT()
);
#17596=SHAPE_DEFINITION_REPRESENTATION(#17612,#17644);
#17597=SHAPE_DEFINITION_REPRESENTATION(#17613,#17645);
#17598=SHAPE_DEFINITION_REPRESENTATION(#17614,#17646);
#17599=SHAPE_DEFINITION_REPRESENTATION(#17616,#17647);
#17600=SHAPE_DEFINITION_REPRESENTATION(#17617,#17648);
#17601=SHAPE_DEFINITION_REPRESENTATION(#17618,#17649);
#17602=SHAPE_DEFINITION_REPRESENTATION(#17619,#17650);
#17603=SHAPE_DEFINITION_REPRESENTATION(#17620,#17651);
#17604=SHAPE_DEFINITION_REPRESENTATION(#17621,#17652);
#17605=SHAPE_DEFINITION_REPRESENTATION(#17622,#17653);
#17606=SHAPE_DEFINITION_REPRESENTATION(#17623,#17654);
#17607=SHAPE_DEFINITION_REPRESENTATION(#17624,#17655);
#17608=SHAPE_DEFINITION_REPRESENTATION(#17625,#17656);
#17609=SHAPE_DEFINITION_REPRESENTATION(#17627,#17657);
#17610=SHAPE_DEFINITION_REPRESENTATION(#17628,#17658);
#17611=SHAPE_DEFINITION_REPRESENTATION(#17629,#17659);
#17612=PRODUCT_DEFINITION_SHAPE('',$,#17661);
#17613=PRODUCT_DEFINITION_SHAPE('',$,#17662);
#17614=PRODUCT_DEFINITION_SHAPE('',$,#17663);
#17615=PRODUCT_DEFINITION_SHAPE($,$,#94);
#17616=PRODUCT_DEFINITION_SHAPE('',$,#17664);
#17617=PRODUCT_DEFINITION_SHAPE('',$,#17665);
#17618=PRODUCT_DEFINITION_SHAPE('',$,#17666);
#17619=PRODUCT_DEFINITION_SHAPE('',$,#17667);
#17620=PRODUCT_DEFINITION_SHAPE('',$,#17668);
#17621=PRODUCT_DEFINITION_SHAPE('',$,#17669);
#17622=PRODUCT_DEFINITION_SHAPE('',$,#17670);
#17623=PRODUCT_DEFINITION_SHAPE('',$,#17671);
#17624=PRODUCT_DEFINITION_SHAPE('',$,#17672);
#17625=PRODUCT_DEFINITION_SHAPE('',$,#17673);
#17626=PRODUCT_DEFINITION_SHAPE($,$,#95);
#17627=PRODUCT_DEFINITION_SHAPE('',$,#17674);
#17628=PRODUCT_DEFINITION_SHAPE('',$,#17675);
#17629=PRODUCT_DEFINITION_SHAPE('',$,#17676);
#17630=PRODUCT_DEFINITION_SHAPE($,$,#96);
#17631=PRODUCT_DEFINITION_SHAPE($,$,#97);
#17632=PRODUCT_DEFINITION_SHAPE($,$,#98);
#17633=PRODUCT_DEFINITION_SHAPE($,$,#99);
#17634=PRODUCT_DEFINITION_SHAPE($,$,#100);
#17635=PRODUCT_DEFINITION_SHAPE($,$,#101);
#17636=PRODUCT_DEFINITION_SHAPE($,$,#102);
#17637=PRODUCT_DEFINITION_SHAPE($,$,#103);
#17638=PRODUCT_DEFINITION_SHAPE($,$,#104);
#17639=PRODUCT_DEFINITION_SHAPE($,$,#105);
#17640=PRODUCT_DEFINITION_SHAPE($,$,#106);
#17641=PRODUCT_DEFINITION_SHAPE($,$,#107);
#17642=PRODUCT_DEFINITION_SHAPE($,$,#108);
#17643=PRODUCT_DEFINITION_SHAPE($,$,#109);
#17644=SHAPE_REPRESENTATION('',(#10336,#11416,#11417,#11418,#11419,#11420,
#11421,#11422,#11423,#11424,#11425,#11426,#11427,#11428,#11429),#17575);
#17645=SHAPE_REPRESENTATION('',(#10337,#10371),#17576);
#17646=SHAPE_REPRESENTATION('',(#10338),#17577);
#17647=SHAPE_REPRESENTATION('',(#10372),#17578);
#17648=SHAPE_REPRESENTATION('',(#10398),#17579);
#17649=SHAPE_REPRESENTATION('',(#10481),#17580);
#17650=SHAPE_REPRESENTATION('',(#10548),#17581);
#17651=SHAPE_REPRESENTATION('',(#10616),#17582);
#17652=SHAPE_REPRESENTATION('',(#10681),#17583);
#17653=SHAPE_REPRESENTATION('',(#10682),#17584);
#17654=SHAPE_REPRESENTATION('',(#10806),#17585);
#17655=SHAPE_REPRESENTATION('',(#10940,#11112),#17586);
#17656=SHAPE_REPRESENTATION('',(#10941),#17587);
#17657=SHAPE_REPRESENTATION('',(#11113),#17588);
#17658=SHAPE_REPRESENTATION('',(#11285),#17589);
#17659=SHAPE_REPRESENTATION('',(#11351),#17590);
#17660=PRODUCT_DEFINITION_CONTEXT('part definition',#17710,'design');
#17661=PRODUCT_DEFINITION('Compound','ROBOT ARM MK 2',#17677,#17660);
#17662=PRODUCT_DEFINITION('2025-12-15-15-13-45-678','joint ',#17678,#17660);
#17663=PRODUCT_DEFINITION('2026-01-27-18-37-48-031','Component6',#17679,
#17660);
#17664=PRODUCT_DEFINITION('2025-12-22-16-36-23-700','connection',#17680,
#17660);
#17665=PRODUCT_DEFINITION('2026-01-27-18-37-54-612','base (1)',#17681,#17660);
#17666=PRODUCT_DEFINITION('2026-01-28-13-18-11-664','shoulder',#17682,#17660);
#17667=PRODUCT_DEFINITION('2026-04-05-12-36-00-801','forarm to wrist',#17683,
#17660);
#17668=PRODUCT_DEFINITION('2026-04-06-23-01-04-385','WRIST',#17684,#17660);
#17669=PRODUCT_DEFINITION('2026-04-12-22-43-39-661','contoler',#17685,#17660);
#17670=PRODUCT_DEFINITION('2026-04-12-23-50-47-853','Control_Box',#17686,
#17660);
#17671=PRODUCT_DEFINITION('2026-04-12-23-50-56-313','Lid',#17687,#17660);
#17672=PRODUCT_DEFINITION('2026-04-14-16-20-15-988','Component36',#17688,
#17660);
#17673=PRODUCT_DEFINITION('2026-04-16-17-50-54-695','Component37',#17689,
#17660);
#17674=PRODUCT_DEFINITION('2026-04-16-17-51-05-092','LID',#17690,#17660);
#17675=PRODUCT_DEFINITION('2026-01-28-16-31-48-964','elbow to forarm',#17691,
#17660);
#17676=PRODUCT_DEFINITION('2026-04-17-13-18-31-257','WASHER',#17692,#17660);
#17677=PRODUCT_DEFINITION_FORMATION('',$,#17712);
#17678=PRODUCT_DEFINITION_FORMATION('',$,#17713);
#17679=PRODUCT_DEFINITION_FORMATION('',$,#17714);
#17680=PRODUCT_DEFINITION_FORMATION('',$,#17715);
#17681=PRODUCT_DEFINITION_FORMATION('',$,#17716);
#17682=PRODUCT_DEFINITION_FORMATION('',$,#17717);
#17683=PRODUCT_DEFINITION_FORMATION('',$,#17718);
#17684=PRODUCT_DEFINITION_FORMATION('',$,#17719);
#17685=PRODUCT_DEFINITION_FORMATION('',$,#17720);
#17686=PRODUCT_DEFINITION_FORMATION('',$,#17721);
#17687=PRODUCT_DEFINITION_FORMATION('',$,#17722);
#17688=PRODUCT_DEFINITION_FORMATION('',$,#17723);
#17689=PRODUCT_DEFINITION_FORMATION('',$,#17724);
#17690=PRODUCT_DEFINITION_FORMATION('',$,#17725);
#17691=PRODUCT_DEFINITION_FORMATION('',$,#17726);
#17692=PRODUCT_DEFINITION_FORMATION('',$,#17727);
#17693=PRODUCT_RELATED_PRODUCT_CATEGORY('ROBOT ARM MK 2',
'ROBOT ARM MK 2',(#17712));
#17694=PRODUCT_RELATED_PRODUCT_CATEGORY('joint ','joint ',(#17713));
#17695=PRODUCT_RELATED_PRODUCT_CATEGORY('Component6','Component6',(#17714));
#17696=PRODUCT_RELATED_PRODUCT_CATEGORY('connection','connection',(#17715));
#17697=PRODUCT_RELATED_PRODUCT_CATEGORY('base (1)','base (1)',(#17716));
#17698=PRODUCT_RELATED_PRODUCT_CATEGORY('shoulder','shoulder',(#17717));
#17699=PRODUCT_RELATED_PRODUCT_CATEGORY('forarm to wrist',
'forarm to wrist',(#17718));
#17700=PRODUCT_RELATED_PRODUCT_CATEGORY('WRIST','WRIST',(#17719));
#17701=PRODUCT_RELATED_PRODUCT_CATEGORY('contoler','contoler',(#17720));
#17702=PRODUCT_RELATED_PRODUCT_CATEGORY('Control_Box','Control_Box',(#17721));
#17703=PRODUCT_RELATED_PRODUCT_CATEGORY('Lid','Lid',(#17722));
#17704=PRODUCT_RELATED_PRODUCT_CATEGORY('Component36','Component36',(#17723));
#17705=PRODUCT_RELATED_PRODUCT_CATEGORY('Component37','Component37',(#17724));
#17706=PRODUCT_RELATED_PRODUCT_CATEGORY('LID','LID',(#17725));
#17707=PRODUCT_RELATED_PRODUCT_CATEGORY('elbow to forarm',
'elbow to forarm',(#17726));
#17708=PRODUCT_RELATED_PRODUCT_CATEGORY('WASHER','WASHER',(#17727));
#17709=APPLICATION_PROTOCOL_DEFINITION('international standard',
'automotive_design',2009,#17710);
#17710=APPLICATION_CONTEXT(
'Core Data for Automotive Mechanical Design Process');
#17711=PRODUCT_CONTEXT('part definition',#17710,'mechanical');
#17712=PRODUCT('Compound','ROBOT ARM MK 2','FreeCAD Model',(#17711));
#17713=PRODUCT('2025-12-15-15-13-45-678','joint ',$,(#17711));
#17714=PRODUCT('2026-01-27-18-37-48-031','Component6',$,(#17711));
#17715=PRODUCT('2025-12-22-16-36-23-700','connection',$,(#17711));
#17716=PRODUCT('2026-01-27-18-37-54-612','base (1)',$,(#17711));
#17717=PRODUCT('2026-01-28-13-18-11-664','shoulder',$,(#17711));
#17718=PRODUCT('2026-04-05-12-36-00-801','forarm to wrist',$,(#17711));
#17719=PRODUCT('2026-04-06-23-01-04-385','WRIST',$,(#17711));
#17720=PRODUCT('2026-04-12-22-43-39-661','contoler',$,(#17711));
#17721=PRODUCT('2026-04-12-23-50-47-853','Control_Box',$,(#17711));
#17722=PRODUCT('2026-04-12-23-50-56-313','Lid',$,(#17711));
#17723=PRODUCT('2026-04-14-16-20-15-988','Component36',$,(#17711));
#17724=PRODUCT('2026-04-16-17-50-54-695','Component37',$,(#17711));
#17725=PRODUCT('2026-04-16-17-51-05-092','LID',$,(#17711));
#17726=PRODUCT('2026-01-28-16-31-48-964','elbow to forarm',$,(#17711));
#17727=PRODUCT('2026-04-17-13-18-31-257','WASHER',$,(#17711));
#17728=PRESENTATION_STYLE_ASSIGNMENT((#17729));
#17729=SURFACE_STYLE_USAGE(.BOTH.,#17730);
#17730=SURFACE_SIDE_STYLE('',(#17731));
#17731=SURFACE_STYLE_FILL_AREA(#17732);
#17732=FILL_AREA_STYLE('Steel - Satin',(#17733));
#17733=FILL_AREA_STYLE_COLOUR('Steel - Satin',#17734);
#17734=COLOUR_RGB('Steel - Satin',0.627450980392157,0.627450980392157,0.627450980392157);
ENDSEC;
END-ISO-10303-21;
